--
-- PostgreSQL database dump
--

-- Dumped from database version 16.1 (Ubuntu 16.1-1.pgdg22.04+1)
-- Dumped by pg_dump version 16.1 (Ubuntu 16.1-1.pgdg22.04+1)

SET statement_timeout = 0;
SET lock_timeout = 0;
SET idle_in_transaction_session_timeout = 0;
SET client_encoding = 'UTF8';
SET standard_conforming_strings = on;
SELECT pg_catalog.set_config('search_path', '', false);
SET check_function_bodies = false;
SET xmloption = content;
SET client_min_messages = warning;
SET row_security = off;

--
-- Name: bomba; Type: SCHEMA; Schema: -; Owner: postgres
--

CREATE SCHEMA bomba;


ALTER SCHEMA bomba OWNER TO postgres;

--
-- Name: gtboom; Type: SCHEMA; Schema: -; Owner: postgres
--

CREATE SCHEMA gtboom;


ALTER SCHEMA gtboom OWNER TO postgres;

--
-- Name: gtpremium; Type: SCHEMA; Schema: -; Owner: postgres
--

CREATE SCHEMA gtpremium;


ALTER SCHEMA gtpremium OWNER TO postgres;

--
-- Name: premium; Type: SCHEMA; Schema: -; Owner: postgres
--

CREATE SCHEMA premium;


ALTER SCHEMA premium OWNER TO postgres;

--
-- Name: svinprocasa; Type: SCHEMA; Schema: -; Owner: postgres
--

CREATE SCHEMA svinprocasa;


ALTER SCHEMA svinprocasa OWNER TO postgres;

--
-- Name: svmegatelas; Type: SCHEMA; Schema: -; Owner: postgres
--

CREATE SCHEMA svmegatelas;


ALTER SCHEMA svmegatelas OWNER TO postgres;

SET default_tablespace = '';

SET default_table_access_method = heap;

--
-- Name: centralTenan_area; Type: TABLE; Schema: bomba; Owner: postgres
--

CREATE TABLE bomba."centralTenan_area" (
    id bigint NOT NULL,
    nombre character varying(50) NOT NULL,
    codigo character varying(4),
    id_director_id bigint
);


ALTER TABLE bomba."centralTenan_area" OWNER TO postgres;

--
-- Name: centralTenan_area_id_seq; Type: SEQUENCE; Schema: bomba; Owner: postgres
--

ALTER TABLE bomba."centralTenan_area" ALTER COLUMN id ADD GENERATED BY DEFAULT AS IDENTITY (
    SEQUENCE NAME bomba."centralTenan_area_id_seq"
    START WITH 1
    INCREMENT BY 1
    NO MINVALUE
    NO MAXVALUE
    CACHE 1
);


--
-- Name: centralTenan_centrodecosto; Type: TABLE; Schema: bomba; Owner: postgres
--

CREATE TABLE bomba."centralTenan_centrodecosto" (
    id bigint NOT NULL,
    nombre character varying(50) NOT NULL,
    codigo character varying(4)
);


ALTER TABLE bomba."centralTenan_centrodecosto" OWNER TO postgres;

--
-- Name: centralTenan_centrodecosto_id_seq; Type: SEQUENCE; Schema: bomba; Owner: postgres
--

ALTER TABLE bomba."centralTenan_centrodecosto" ALTER COLUMN id ADD GENERATED BY DEFAULT AS IDENTITY (
    SEQUENCE NAME bomba."centralTenan_centrodecosto_id_seq"
    START WITH 1
    INCREMENT BY 1
    NO MINVALUE
    NO MAXVALUE
    CACHE 1
);


--
-- Name: centralTenan_ubicacion; Type: TABLE; Schema: bomba; Owner: postgres
--

CREATE TABLE bomba."centralTenan_ubicacion" (
    id bigint NOT NULL,
    nombre character varying(50) NOT NULL,
    codigo character varying(4),
    id_tipo_de_ubicacion_id bigint NOT NULL,
    direccion text
);


ALTER TABLE bomba."centralTenan_ubicacion" OWNER TO postgres;

--
-- Name: centralTenan_ubicacion_id_seq; Type: SEQUENCE; Schema: bomba; Owner: postgres
--

ALTER TABLE bomba."centralTenan_ubicacion" ALTER COLUMN id ADD GENERATED BY DEFAULT AS IDENTITY (
    SEQUENCE NAME bomba."centralTenan_ubicacion_id_seq"
    START WITH 1
    INCREMENT BY 1
    NO MINVALUE
    NO MAXVALUE
    CACHE 1
);


--
-- Name: contratacionTenan_accionpersonal; Type: TABLE; Schema: bomba; Owner: postgres
--

CREATE TABLE bomba."contratacionTenan_accionpersonal" (
    id bigint NOT NULL,
    observaciones text,
    auth_encargado boolean,
    auth_director_area boolean,
    auth_gerente_general boolean,
    auth_gerente_rhu boolean,
    fecha_inicio date,
    fecha_fin date,
    fecha_autorizacion date,
    fecha_ejecuccion date,
    created_at timestamp with time zone NOT NULL,
    updated_at timestamp with time zone NOT NULL,
    id_cargo_id bigint NOT NULL,
    id_director_area_id bigint NOT NULL,
    id_encargado_id bigint NOT NULL,
    id_gerente_general_id bigint NOT NULL,
    id_gerente_rhu_id bigint NOT NULL,
    id_tipo_accion_personal_id bigint NOT NULL,
    id_afectado_id bigint,
    cargo_nuevo_id bigint,
    departamento_nuevo_id bigint,
    salario_nuevo double precision,
    id_ubicacion_id bigint,
    id_centro_de_costo_id bigint,
    indemnizacion double precision,
    voluntario boolean NOT NULL,
    estado smallint NOT NULL,
    dir_extra text,
    edad_max integer,
    edad_min integer,
    id_departamento_id bigint,
    id_municipio_id bigint,
    id_sexo_id bigint,
    justificacion smallint NOT NULL,
    tipo_contrato smallint NOT NULL,
    vacante integer,
    CONSTRAINT "contratacionTenan_accionpersonal_edad_max_check" CHECK ((edad_max >= 0)),
    CONSTRAINT "contratacionTenan_accionpersonal_edad_min_check" CHECK ((edad_min >= 0)),
    CONSTRAINT "contratacionTenan_accionpersonal_estado_check" CHECK ((estado >= 0)),
    CONSTRAINT "contratacionTenan_accionpersonal_justificacion_check" CHECK ((justificacion >= 0)),
    CONSTRAINT "contratacionTenan_accionpersonal_tipo_contrato_check" CHECK ((tipo_contrato >= 0)),
    CONSTRAINT "contratacionTenan_accionpersonal_vacante_check" CHECK ((vacante >= 0))
);


ALTER TABLE bomba."contratacionTenan_accionpersonal" OWNER TO postgres;

--
-- Name: contratacionTenan_accionpersonal_id_seq; Type: SEQUENCE; Schema: bomba; Owner: postgres
--

ALTER TABLE bomba."contratacionTenan_accionpersonal" ALTER COLUMN id ADD GENERATED BY DEFAULT AS IDENTITY (
    SEQUENCE NAME bomba."contratacionTenan_accionpersonal_id_seq"
    START WITH 1
    INCREMENT BY 1
    NO MINVALUE
    NO MAXVALUE
    CACHE 1
);


--
-- Name: contratacionTenan_cargo; Type: TABLE; Schema: bomba; Owner: postgres
--

CREATE TABLE bomba."contratacionTenan_cargo" (
    id bigint NOT NULL,
    nombre character varying(50) NOT NULL,
    codigo character varying(4),
    estado boolean NOT NULL,
    agrupador character varying(5),
    created_at timestamp with time zone NOT NULL,
    updated_at timestamp with time zone NOT NULL,
    id_nivel_empleado_id bigint NOT NULL
);


ALTER TABLE bomba."contratacionTenan_cargo" OWNER TO postgres;

--
-- Name: contratacionTenan_cargo_id_seq; Type: SEQUENCE; Schema: bomba; Owner: postgres
--

ALTER TABLE bomba."contratacionTenan_cargo" ALTER COLUMN id ADD GENERATED BY DEFAULT AS IDENTITY (
    SEQUENCE NAME bomba."contratacionTenan_cargo_id_seq"
    START WITH 1
    INCREMENT BY 1
    NO MINVALUE
    NO MAXVALUE
    CACHE 1
);


--
-- Name: contratacionTenan_detalleplanilla; Type: TABLE; Schema: bomba; Owner: postgres
--

CREATE TABLE bomba."contratacionTenan_detalleplanilla" (
    id bigint NOT NULL,
    tipo_aportacion smallint NOT NULL,
    monto numeric(10,2) NOT NULL,
    id_planilla_id bigint NOT NULL,
    id_tipo_incremento_retencion_id bigint NOT NULL
);


ALTER TABLE bomba."contratacionTenan_detalleplanilla" OWNER TO postgres;

--
-- Name: contratacionTenan_detalleplanilla_id_seq; Type: SEQUENCE; Schema: bomba; Owner: postgres
--

ALTER TABLE bomba."contratacionTenan_detalleplanilla" ALTER COLUMN id ADD GENERATED BY DEFAULT AS IDENTITY (
    SEQUENCE NAME bomba."contratacionTenan_detalleplanilla_id_seq"
    START WITH 1
    INCREMENT BY 1
    NO MINVALUE
    NO MAXVALUE
    CACHE 1
);


--
-- Name: contratacionTenan_empleado; Type: TABLE; Schema: bomba; Owner: postgres
--

CREATE TABLE bomba."contratacionTenan_empleado" (
    id bigint NOT NULL,
    url_curriculum character varying(60),
    codigo_empleado character varying(5),
    fecha_finalizacion date,
    fecha_inicio_labores date,
    fecha_contratacion date,
    salario numeric(10,2) NOT NULL,
    estado integer NOT NULL,
    fecha_retiro date,
    descripcion_plaza character varying(800),
    observaciones text,
    created_at timestamp with time zone NOT NULL,
    updated_at timestamp with time zone NOT NULL,
    id_area_id bigint NOT NULL,
    id_cargo_id bigint NOT NULL,
    id_centro_de_costo_id bigint NOT NULL,
    id_datos_personales_id bigint NOT NULL,
    id_tipo_periodo_id bigint NOT NULL,
    id_ubicacion_id bigint NOT NULL,
    sobre_sueldo numeric(10,2) NOT NULL,
    cheque boolean NOT NULL,
    indemnizacion numeric(10,2)
);


ALTER TABLE bomba."contratacionTenan_empleado" OWNER TO postgres;

--
-- Name: contratacionTenan_empleado_id_seq; Type: SEQUENCE; Schema: bomba; Owner: postgres
--

ALTER TABLE bomba."contratacionTenan_empleado" ALTER COLUMN id ADD GENERATED BY DEFAULT AS IDENTITY (
    SEQUENCE NAME bomba."contratacionTenan_empleado_id_seq"
    START WITH 1
    INCREMENT BY 1
    NO MINVALUE
    NO MAXVALUE
    CACHE 1
);


--
-- Name: contratacionTenan_movaplicadecremento; Type: TABLE; Schema: bomba; Owner: postgres
--

CREATE TABLE bomba."contratacionTenan_movaplicadecremento" (
    id bigint NOT NULL,
    monto_fijo numeric(10,2),
    estado boolean NOT NULL,
    titulo text,
    created_at timestamp with time zone NOT NULL,
    updated_at timestamp with time zone NOT NULL,
    id_empleado_id bigint NOT NULL,
    id_movimiento_decremento_id bigint NOT NULL,
    id_periodo_planificado_id bigint NOT NULL,
    id_user_id integer
);


ALTER TABLE bomba."contratacionTenan_movaplicadecremento" OWNER TO postgres;

--
-- Name: contratacionTenan_movaplicadecremento_id_seq; Type: SEQUENCE; Schema: bomba; Owner: postgres
--

ALTER TABLE bomba."contratacionTenan_movaplicadecremento" ALTER COLUMN id ADD GENERATED BY DEFAULT AS IDENTITY (
    SEQUENCE NAME bomba."contratacionTenan_movaplicadecremento_id_seq"
    START WITH 1
    INCREMENT BY 1
    NO MINVALUE
    NO MAXVALUE
    CACHE 1
);


--
-- Name: contratacionTenan_movaplicaincremento; Type: TABLE; Schema: bomba; Owner: postgres
--

CREATE TABLE bomba."contratacionTenan_movaplicaincremento" (
    id bigint NOT NULL,
    monto_fijo numeric(10,2),
    estado boolean NOT NULL,
    titulo text,
    created_at timestamp with time zone NOT NULL,
    updated_at timestamp with time zone NOT NULL,
    id_empleado_id bigint NOT NULL,
    id_movimiento_incremento_id bigint NOT NULL,
    id_periodo_planificado_id bigint,
    id_user_id integer
);


ALTER TABLE bomba."contratacionTenan_movaplicaincremento" OWNER TO postgres;

--
-- Name: contratacionTenan_movaplicaincremento_id_seq; Type: SEQUENCE; Schema: bomba; Owner: postgres
--

ALTER TABLE bomba."contratacionTenan_movaplicaincremento" ALTER COLUMN id ADD GENERATED BY DEFAULT AS IDENTITY (
    SEQUENCE NAME bomba."contratacionTenan_movaplicaincremento_id_seq"
    START WITH 1
    INCREMENT BY 1
    NO MINVALUE
    NO MAXVALUE
    CACHE 1
);


--
-- Name: contratacionTenan_ordendescuento; Type: TABLE; Schema: bomba; Owner: postgres
--

CREATE TABLE bomba."contratacionTenan_ordendescuento" (
    id bigint NOT NULL,
    numero_cuotas integer NOT NULL,
    monto_cuota double precision NOT NULL,
    codigo_ref character varying(35) NOT NULL,
    finalizado boolean NOT NULL,
    pago_automatico boolean NOT NULL,
    activo boolean NOT NULL,
    fecha_inicio date NOT NULL,
    fecha_fin date,
    nota text,
    id_institucion_financiera_id bigint,
    id_empleado_id bigint NOT NULL,
    CONSTRAINT "contratacionTenan_ordendescuento_numero_cuotas_check" CHECK ((numero_cuotas >= 0))
);


ALTER TABLE bomba."contratacionTenan_ordendescuento" OWNER TO postgres;

--
-- Name: contratacionTenan_ordendescuento_id_seq; Type: SEQUENCE; Schema: bomba; Owner: postgres
--

ALTER TABLE bomba."contratacionTenan_ordendescuento" ALTER COLUMN id ADD GENERATED BY DEFAULT AS IDENTITY (
    SEQUENCE NAME bomba."contratacionTenan_ordendescuento_id_seq"
    START WITH 1
    INCREMENT BY 1
    NO MINVALUE
    NO MAXVALUE
    CACHE 1
);


--
-- Name: contratacionTenan_periodo; Type: TABLE; Schema: bomba; Owner: postgres
--

CREATE TABLE bomba."contratacionTenan_periodo" (
    id bigint NOT NULL,
    anio integer NOT NULL,
    created_at timestamp with time zone NOT NULL,
    estado smallint,
    mes_id bigint NOT NULL,
    quincena smallint NOT NULL,
    updated_at timestamp with time zone NOT NULL
);


ALTER TABLE bomba."contratacionTenan_periodo" OWNER TO postgres;

--
-- Name: contratacionTenan_periodo_id_seq; Type: SEQUENCE; Schema: bomba; Owner: postgres
--

ALTER TABLE bomba."contratacionTenan_periodo" ALTER COLUMN id ADD GENERATED BY DEFAULT AS IDENTITY (
    SEQUENCE NAME bomba."contratacionTenan_periodo_id_seq"
    START WITH 1
    INCREMENT BY 1
    NO MINVALUE
    NO MAXVALUE
    CACHE 1
);


--
-- Name: contratacionTenan_planilla; Type: TABLE; Schema: bomba; Owner: postgres
--

CREATE TABLE bomba."contratacionTenan_planilla" (
    id bigint NOT NULL,
    created_at timestamp with time zone NOT NULL,
    updated_at timestamp with time zone NOT NULL,
    sueldo numeric(10,2) NOT NULL,
    id_empleado_id bigint NOT NULL,
    ingresos_exentos numeric(10,2) NOT NULL,
    salario_liquido numeric(10,2) NOT NULL,
    aportes_patronales numeric(10,2) NOT NULL,
    descuentos numeric(10,2) NOT NULL,
    otros_ingresos numeric(10,2) NOT NULL,
    total_devengado numeric(10,2) NOT NULL,
    id_encabezado_id bigint
);


ALTER TABLE bomba."contratacionTenan_planilla" OWNER TO postgres;

--
-- Name: contratacionTenan_planilla_id_seq; Type: SEQUENCE; Schema: bomba; Owner: postgres
--

ALTER TABLE bomba."contratacionTenan_planilla" ALTER COLUMN id ADD GENERATED BY DEFAULT AS IDENTITY (
    SEQUENCE NAME bomba."contratacionTenan_planilla_id_seq"
    START WITH 1
    INCREMENT BY 1
    NO MINVALUE
    NO MAXVALUE
    CACHE 1
);


--
-- Name: contratacionTenan_planillaencabezado; Type: TABLE; Schema: bomba; Owner: postgres
--

CREATE TABLE bomba."contratacionTenan_planillaencabezado" (
    id bigint NOT NULL,
    id_estado_id bigint NOT NULL,
    id_tipo_id bigint NOT NULL,
    id_user_id integer NOT NULL,
    id_periodo_id bigint NOT NULL
);


ALTER TABLE bomba."contratacionTenan_planillaencabezado" OWNER TO postgres;

--
-- Name: contratacionTenan_planillaencabezado_id_seq; Type: SEQUENCE; Schema: bomba; Owner: postgres
--

ALTER TABLE bomba."contratacionTenan_planillaencabezado" ALTER COLUMN id ADD GENERATED BY DEFAULT AS IDENTITY (
    SEQUENCE NAME bomba."contratacionTenan_planillaencabezado_id_seq"
    START WITH 1
    INCREMENT BY 1
    NO MINVALUE
    NO MAXVALUE
    CACHE 1
);


--
-- Name: contratacionTenan_prestamosregistropagos; Type: TABLE; Schema: bomba; Owner: postgres
--

CREATE TABLE bomba."contratacionTenan_prestamosregistropagos" (
    id bigint NOT NULL,
    monto numeric(10,2) NOT NULL,
    created_at timestamp with time zone NOT NULL,
    updated_at timestamp with time zone NOT NULL,
    id_datos_personales_id bigint,
    id_detalle_planilla_id bigint
);


ALTER TABLE bomba."contratacionTenan_prestamosregistropagos" OWNER TO postgres;

--
-- Name: contratacionTenan_prestamosregistropagos_id_seq; Type: SEQUENCE; Schema: bomba; Owner: postgres
--

ALTER TABLE bomba."contratacionTenan_prestamosregistropagos" ALTER COLUMN id ADD GENERATED BY DEFAULT AS IDENTITY (
    SEQUENCE NAME bomba."contratacionTenan_prestamosregistropagos_id_seq"
    START WITH 1
    INCREMENT BY 1
    NO MINVALUE
    NO MAXVALUE
    CACHE 1
);


--
-- Name: contratacionTenan_recordcrediticio; Type: TABLE; Schema: bomba; Owner: postgres
--

CREATE TABLE bomba."contratacionTenan_recordcrediticio" (
    id bigint NOT NULL,
    monto_cuota double precision NOT NULL,
    id_detalle_planilla_id bigint NOT NULL,
    id_orden_descuento_id bigint NOT NULL
);


ALTER TABLE bomba."contratacionTenan_recordcrediticio" OWNER TO postgres;

--
-- Name: contratacionTenan_recordcrediticio_id_seq; Type: SEQUENCE; Schema: bomba; Owner: postgres
--

ALTER TABLE bomba."contratacionTenan_recordcrediticio" ALTER COLUMN id ADD GENERATED BY DEFAULT AS IDENTITY (
    SEQUENCE NAME bomba."contratacionTenan_recordcrediticio_id_seq"
    START WITH 1
    INCREMENT BY 1
    NO MINVALUE
    NO MAXVALUE
    CACHE 1
);


--
-- Name: django_content_type; Type: TABLE; Schema: bomba; Owner: postgres
--

CREATE TABLE bomba.django_content_type (
    id integer NOT NULL,
    app_label character varying(100) NOT NULL,
    model character varying(100) NOT NULL
);


ALTER TABLE bomba.django_content_type OWNER TO postgres;

--
-- Name: django_content_type_id_seq; Type: SEQUENCE; Schema: bomba; Owner: postgres
--

ALTER TABLE bomba.django_content_type ALTER COLUMN id ADD GENERATED BY DEFAULT AS IDENTITY (
    SEQUENCE NAME bomba.django_content_type_id_seq
    START WITH 1
    INCREMENT BY 1
    NO MINVALUE
    NO MAXVALUE
    CACHE 1
);


--
-- Name: django_migrations; Type: TABLE; Schema: bomba; Owner: postgres
--

CREATE TABLE bomba.django_migrations (
    id bigint NOT NULL,
    app character varying(255) NOT NULL,
    name character varying(255) NOT NULL,
    applied timestamp with time zone NOT NULL
);


ALTER TABLE bomba.django_migrations OWNER TO postgres;

--
-- Name: django_migrations_id_seq; Type: SEQUENCE; Schema: bomba; Owner: postgres
--

ALTER TABLE bomba.django_migrations ALTER COLUMN id ADD GENERATED BY DEFAULT AS IDENTITY (
    SEQUENCE NAME bomba.django_migrations_id_seq
    START WITH 1
    INCREMENT BY 1
    NO MINVALUE
    NO MAXVALUE
    CACHE 1
);


--
-- Name: centralTenan_area; Type: TABLE; Schema: gtboom; Owner: postgres
--

CREATE TABLE gtboom."centralTenan_area" (
    id bigint NOT NULL,
    nombre character varying(50) NOT NULL,
    codigo character varying(4),
    id_director_id bigint
);


ALTER TABLE gtboom."centralTenan_area" OWNER TO postgres;

--
-- Name: centralTenan_area_id_seq; Type: SEQUENCE; Schema: gtboom; Owner: postgres
--

ALTER TABLE gtboom."centralTenan_area" ALTER COLUMN id ADD GENERATED BY DEFAULT AS IDENTITY (
    SEQUENCE NAME gtboom."centralTenan_area_id_seq"
    START WITH 1
    INCREMENT BY 1
    NO MINVALUE
    NO MAXVALUE
    CACHE 1
);


--
-- Name: centralTenan_centrodecosto; Type: TABLE; Schema: gtboom; Owner: postgres
--

CREATE TABLE gtboom."centralTenan_centrodecosto" (
    id bigint NOT NULL,
    nombre character varying(50) NOT NULL,
    codigo character varying(4)
);


ALTER TABLE gtboom."centralTenan_centrodecosto" OWNER TO postgres;

--
-- Name: centralTenan_centrodecosto_id_seq; Type: SEQUENCE; Schema: gtboom; Owner: postgres
--

ALTER TABLE gtboom."centralTenan_centrodecosto" ALTER COLUMN id ADD GENERATED BY DEFAULT AS IDENTITY (
    SEQUENCE NAME gtboom."centralTenan_centrodecosto_id_seq"
    START WITH 1
    INCREMENT BY 1
    NO MINVALUE
    NO MAXVALUE
    CACHE 1
);


--
-- Name: centralTenan_ubicacion; Type: TABLE; Schema: gtboom; Owner: postgres
--

CREATE TABLE gtboom."centralTenan_ubicacion" (
    id bigint NOT NULL,
    nombre character varying(50) NOT NULL,
    codigo character varying(4),
    direccion text,
    id_tipo_de_ubicacion_id bigint NOT NULL
);


ALTER TABLE gtboom."centralTenan_ubicacion" OWNER TO postgres;

--
-- Name: centralTenan_ubicacion_id_seq; Type: SEQUENCE; Schema: gtboom; Owner: postgres
--

ALTER TABLE gtboom."centralTenan_ubicacion" ALTER COLUMN id ADD GENERATED BY DEFAULT AS IDENTITY (
    SEQUENCE NAME gtboom."centralTenan_ubicacion_id_seq"
    START WITH 1
    INCREMENT BY 1
    NO MINVALUE
    NO MAXVALUE
    CACHE 1
);


--
-- Name: contratacionTenan_accionpersonal; Type: TABLE; Schema: gtboom; Owner: postgres
--

CREATE TABLE gtboom."contratacionTenan_accionpersonal" (
    id bigint NOT NULL,
    observaciones text,
    departamento_nuevo_id bigint,
    cargo_nuevo_id bigint,
    salario_nuevo double precision,
    auth_encargado boolean,
    auth_director_area boolean,
    auth_gerente_general boolean,
    auth_gerente_rhu boolean,
    fecha_inicio date,
    fecha_fin date,
    fecha_autorizacion date,
    fecha_ejecuccion date,
    created_at timestamp with time zone NOT NULL,
    updated_at timestamp with time zone NOT NULL,
    id_centro_de_costo_id bigint,
    id_tipo_accion_personal_id bigint NOT NULL,
    id_ubicacion_id bigint,
    id_cargo_id bigint NOT NULL,
    id_afectado_id bigint,
    id_director_area_id bigint NOT NULL,
    id_encargado_id bigint NOT NULL,
    id_gerente_general_id bigint NOT NULL,
    id_gerente_rhu_id bigint NOT NULL,
    indemnizacion double precision,
    voluntario boolean NOT NULL,
    estado smallint NOT NULL,
    dir_extra text,
    edad_max integer,
    edad_min integer,
    id_departamento_id bigint,
    id_municipio_id bigint,
    id_sexo_id bigint,
    justificacion smallint NOT NULL,
    tipo_contrato smallint NOT NULL,
    vacante integer,
    CONSTRAINT "contratacionTenan_accionpersonal_edad_max_check" CHECK ((edad_max >= 0)),
    CONSTRAINT "contratacionTenan_accionpersonal_edad_min_check" CHECK ((edad_min >= 0)),
    CONSTRAINT "contratacionTenan_accionpersonal_estado_check" CHECK ((estado >= 0)),
    CONSTRAINT "contratacionTenan_accionpersonal_justificacion_check" CHECK ((justificacion >= 0)),
    CONSTRAINT "contratacionTenan_accionpersonal_tipo_contrato_check" CHECK ((tipo_contrato >= 0)),
    CONSTRAINT "contratacionTenan_accionpersonal_vacante_check" CHECK ((vacante >= 0))
);


ALTER TABLE gtboom."contratacionTenan_accionpersonal" OWNER TO postgres;

--
-- Name: contratacionTenan_accionpersonal_id_seq; Type: SEQUENCE; Schema: gtboom; Owner: postgres
--

ALTER TABLE gtboom."contratacionTenan_accionpersonal" ALTER COLUMN id ADD GENERATED BY DEFAULT AS IDENTITY (
    SEQUENCE NAME gtboom."contratacionTenan_accionpersonal_id_seq"
    START WITH 1
    INCREMENT BY 1
    NO MINVALUE
    NO MAXVALUE
    CACHE 1
);


--
-- Name: contratacionTenan_cargo; Type: TABLE; Schema: gtboom; Owner: postgres
--

CREATE TABLE gtboom."contratacionTenan_cargo" (
    id bigint NOT NULL,
    nombre character varying(50) NOT NULL,
    codigo character varying(4),
    estado boolean NOT NULL,
    agrupador character varying(5),
    created_at timestamp with time zone NOT NULL,
    updated_at timestamp with time zone NOT NULL,
    id_nivel_empleado_id bigint NOT NULL
);


ALTER TABLE gtboom."contratacionTenan_cargo" OWNER TO postgres;

--
-- Name: contratacionTenan_cargo_id_seq; Type: SEQUENCE; Schema: gtboom; Owner: postgres
--

ALTER TABLE gtboom."contratacionTenan_cargo" ALTER COLUMN id ADD GENERATED BY DEFAULT AS IDENTITY (
    SEQUENCE NAME gtboom."contratacionTenan_cargo_id_seq"
    START WITH 1
    INCREMENT BY 1
    NO MINVALUE
    NO MAXVALUE
    CACHE 1
);


--
-- Name: contratacionTenan_detalleplanilla; Type: TABLE; Schema: gtboom; Owner: postgres
--

CREATE TABLE gtboom."contratacionTenan_detalleplanilla" (
    id bigint NOT NULL,
    tipo_aportacion smallint NOT NULL,
    monto numeric(10,2) NOT NULL,
    id_planilla_id bigint NOT NULL,
    id_tipo_incremento_retencion_id bigint NOT NULL
);


ALTER TABLE gtboom."contratacionTenan_detalleplanilla" OWNER TO postgres;

--
-- Name: contratacionTenan_detalleplanilla_id_seq; Type: SEQUENCE; Schema: gtboom; Owner: postgres
--

ALTER TABLE gtboom."contratacionTenan_detalleplanilla" ALTER COLUMN id ADD GENERATED BY DEFAULT AS IDENTITY (
    SEQUENCE NAME gtboom."contratacionTenan_detalleplanilla_id_seq"
    START WITH 1
    INCREMENT BY 1
    NO MINVALUE
    NO MAXVALUE
    CACHE 1
);


--
-- Name: contratacionTenan_empleado; Type: TABLE; Schema: gtboom; Owner: postgres
--

CREATE TABLE gtboom."contratacionTenan_empleado" (
    id bigint NOT NULL,
    url_curriculum character varying(60),
    codigo_empleado character varying(5),
    fecha_finalizacion date,
    cheque boolean NOT NULL,
    fecha_inicio_labores date,
    fecha_contratacion date,
    salario numeric(10,2) NOT NULL,
    sobre_sueldo numeric(10,2) NOT NULL,
    estado integer NOT NULL,
    fecha_retiro date,
    descripcion_plaza character varying(800),
    observaciones text,
    created_at timestamp with time zone NOT NULL,
    updated_at timestamp with time zone NOT NULL,
    id_area_id bigint NOT NULL,
    id_cargo_id bigint NOT NULL,
    id_centro_de_costo_id bigint NOT NULL,
    id_datos_personales_id bigint NOT NULL,
    id_tipo_periodo_id bigint NOT NULL,
    id_ubicacion_id bigint NOT NULL,
    indemnizacion numeric(10,2)
);


ALTER TABLE gtboom."contratacionTenan_empleado" OWNER TO postgres;

--
-- Name: contratacionTenan_empleado_id_seq; Type: SEQUENCE; Schema: gtboom; Owner: postgres
--

ALTER TABLE gtboom."contratacionTenan_empleado" ALTER COLUMN id ADD GENERATED BY DEFAULT AS IDENTITY (
    SEQUENCE NAME gtboom."contratacionTenan_empleado_id_seq"
    START WITH 1
    INCREMENT BY 1
    NO MINVALUE
    NO MAXVALUE
    CACHE 1
);


--
-- Name: contratacionTenan_movaplicadecremento; Type: TABLE; Schema: gtboom; Owner: postgres
--

CREATE TABLE gtboom."contratacionTenan_movaplicadecremento" (
    id bigint NOT NULL,
    monto_fijo numeric(10,2),
    estado boolean NOT NULL,
    titulo text,
    created_at timestamp with time zone NOT NULL,
    updated_at timestamp with time zone NOT NULL,
    id_empleado_id bigint NOT NULL,
    id_movimiento_decremento_id bigint NOT NULL,
    id_user_id integer,
    id_periodo_planificado_id bigint NOT NULL
);


ALTER TABLE gtboom."contratacionTenan_movaplicadecremento" OWNER TO postgres;

--
-- Name: contratacionTenan_movaplicadecremento_id_seq; Type: SEQUENCE; Schema: gtboom; Owner: postgres
--

ALTER TABLE gtboom."contratacionTenan_movaplicadecremento" ALTER COLUMN id ADD GENERATED BY DEFAULT AS IDENTITY (
    SEQUENCE NAME gtboom."contratacionTenan_movaplicadecremento_id_seq"
    START WITH 1
    INCREMENT BY 1
    NO MINVALUE
    NO MAXVALUE
    CACHE 1
);


--
-- Name: contratacionTenan_movaplicaincremento; Type: TABLE; Schema: gtboom; Owner: postgres
--

CREATE TABLE gtboom."contratacionTenan_movaplicaincremento" (
    id bigint NOT NULL,
    monto_fijo numeric(10,2),
    estado boolean NOT NULL,
    titulo text,
    created_at timestamp with time zone NOT NULL,
    updated_at timestamp with time zone NOT NULL,
    id_empleado_id bigint NOT NULL,
    id_movimiento_incremento_id bigint NOT NULL,
    id_user_id integer,
    id_periodo_planificado_id bigint
);


ALTER TABLE gtboom."contratacionTenan_movaplicaincremento" OWNER TO postgres;

--
-- Name: contratacionTenan_movaplicaincremento_id_seq; Type: SEQUENCE; Schema: gtboom; Owner: postgres
--

ALTER TABLE gtboom."contratacionTenan_movaplicaincremento" ALTER COLUMN id ADD GENERATED BY DEFAULT AS IDENTITY (
    SEQUENCE NAME gtboom."contratacionTenan_movaplicaincremento_id_seq"
    START WITH 1
    INCREMENT BY 1
    NO MINVALUE
    NO MAXVALUE
    CACHE 1
);


--
-- Name: contratacionTenan_ordendescuento; Type: TABLE; Schema: gtboom; Owner: postgres
--

CREATE TABLE gtboom."contratacionTenan_ordendescuento" (
    id bigint NOT NULL,
    numero_cuotas integer NOT NULL,
    monto_cuota double precision NOT NULL,
    codigo_ref character varying(35) NOT NULL,
    finalizado boolean NOT NULL,
    pago_automatico boolean NOT NULL,
    activo boolean NOT NULL,
    fecha_inicio date NOT NULL,
    fecha_fin date,
    nota text,
    id_institucion_financiera_id bigint,
    id_empleado_id bigint NOT NULL,
    CONSTRAINT "contratacionTenan_ordendescuento_numero_cuotas_check" CHECK ((numero_cuotas >= 0))
);


ALTER TABLE gtboom."contratacionTenan_ordendescuento" OWNER TO postgres;

--
-- Name: contratacionTenan_ordendescuento_id_seq; Type: SEQUENCE; Schema: gtboom; Owner: postgres
--

ALTER TABLE gtboom."contratacionTenan_ordendescuento" ALTER COLUMN id ADD GENERATED BY DEFAULT AS IDENTITY (
    SEQUENCE NAME gtboom."contratacionTenan_ordendescuento_id_seq"
    START WITH 1
    INCREMENT BY 1
    NO MINVALUE
    NO MAXVALUE
    CACHE 1
);


--
-- Name: contratacionTenan_periodo; Type: TABLE; Schema: gtboom; Owner: postgres
--

CREATE TABLE gtboom."contratacionTenan_periodo" (
    id bigint NOT NULL,
    anio integer NOT NULL,
    created_at timestamp with time zone NOT NULL,
    estado smallint,
    mes_id bigint NOT NULL,
    quincena smallint NOT NULL,
    updated_at timestamp with time zone NOT NULL
);


ALTER TABLE gtboom."contratacionTenan_periodo" OWNER TO postgres;

--
-- Name: contratacionTenan_periodo_id_seq; Type: SEQUENCE; Schema: gtboom; Owner: postgres
--

ALTER TABLE gtboom."contratacionTenan_periodo" ALTER COLUMN id ADD GENERATED BY DEFAULT AS IDENTITY (
    SEQUENCE NAME gtboom."contratacionTenan_periodo_id_seq"
    START WITH 1
    INCREMENT BY 1
    NO MINVALUE
    NO MAXVALUE
    CACHE 1
);


--
-- Name: contratacionTenan_planilla; Type: TABLE; Schema: gtboom; Owner: postgres
--

CREATE TABLE gtboom."contratacionTenan_planilla" (
    id bigint NOT NULL,
    sueldo numeric(10,2) NOT NULL,
    ingresos_exentos numeric(10,2) NOT NULL,
    otros_ingresos numeric(10,2) NOT NULL,
    total_devengado numeric(10,2) NOT NULL,
    descuentos numeric(10,2) NOT NULL,
    aportes_patronales numeric(10,2) NOT NULL,
    salario_liquido numeric(10,2) NOT NULL,
    created_at timestamp with time zone NOT NULL,
    updated_at timestamp with time zone NOT NULL,
    id_empleado_id bigint NOT NULL,
    id_encabezado_id bigint
);


ALTER TABLE gtboom."contratacionTenan_planilla" OWNER TO postgres;

--
-- Name: contratacionTenan_planilla_id_seq; Type: SEQUENCE; Schema: gtboom; Owner: postgres
--

ALTER TABLE gtboom."contratacionTenan_planilla" ALTER COLUMN id ADD GENERATED BY DEFAULT AS IDENTITY (
    SEQUENCE NAME gtboom."contratacionTenan_planilla_id_seq"
    START WITH 1
    INCREMENT BY 1
    NO MINVALUE
    NO MAXVALUE
    CACHE 1
);


--
-- Name: contratacionTenan_planillaencabezado; Type: TABLE; Schema: gtboom; Owner: postgres
--

CREATE TABLE gtboom."contratacionTenan_planillaencabezado" (
    id bigint NOT NULL,
    id_estado_id bigint NOT NULL,
    id_tipo_id bigint NOT NULL,
    id_user_id integer NOT NULL,
    id_periodo_id bigint NOT NULL
);


ALTER TABLE gtboom."contratacionTenan_planillaencabezado" OWNER TO postgres;

--
-- Name: contratacionTenan_planillaencabezado_id_seq; Type: SEQUENCE; Schema: gtboom; Owner: postgres
--

ALTER TABLE gtboom."contratacionTenan_planillaencabezado" ALTER COLUMN id ADD GENERATED BY DEFAULT AS IDENTITY (
    SEQUENCE NAME gtboom."contratacionTenan_planillaencabezado_id_seq"
    START WITH 1
    INCREMENT BY 1
    NO MINVALUE
    NO MAXVALUE
    CACHE 1
);


--
-- Name: contratacionTenan_prestamosregistropagos; Type: TABLE; Schema: gtboom; Owner: postgres
--

CREATE TABLE gtboom."contratacionTenan_prestamosregistropagos" (
    id bigint NOT NULL,
    monto numeric(10,2) NOT NULL,
    created_at timestamp with time zone NOT NULL,
    updated_at timestamp with time zone NOT NULL,
    id_datos_personales_id bigint,
    id_detalle_planilla_id bigint
);


ALTER TABLE gtboom."contratacionTenan_prestamosregistropagos" OWNER TO postgres;

--
-- Name: contratacionTenan_prestamosregistropagos_id_seq; Type: SEQUENCE; Schema: gtboom; Owner: postgres
--

ALTER TABLE gtboom."contratacionTenan_prestamosregistropagos" ALTER COLUMN id ADD GENERATED BY DEFAULT AS IDENTITY (
    SEQUENCE NAME gtboom."contratacionTenan_prestamosregistropagos_id_seq"
    START WITH 1
    INCREMENT BY 1
    NO MINVALUE
    NO MAXVALUE
    CACHE 1
);


--
-- Name: contratacionTenan_recordcrediticio; Type: TABLE; Schema: gtboom; Owner: postgres
--

CREATE TABLE gtboom."contratacionTenan_recordcrediticio" (
    id bigint NOT NULL,
    monto_cuota double precision NOT NULL,
    id_detalle_planilla_id bigint NOT NULL,
    id_orden_descuento_id bigint NOT NULL
);


ALTER TABLE gtboom."contratacionTenan_recordcrediticio" OWNER TO postgres;

--
-- Name: contratacionTenan_recordcrediticio_id_seq; Type: SEQUENCE; Schema: gtboom; Owner: postgres
--

ALTER TABLE gtboom."contratacionTenan_recordcrediticio" ALTER COLUMN id ADD GENERATED BY DEFAULT AS IDENTITY (
    SEQUENCE NAME gtboom."contratacionTenan_recordcrediticio_id_seq"
    START WITH 1
    INCREMENT BY 1
    NO MINVALUE
    NO MAXVALUE
    CACHE 1
);


--
-- Name: django_content_type; Type: TABLE; Schema: gtboom; Owner: postgres
--

CREATE TABLE gtboom.django_content_type (
    id integer NOT NULL,
    app_label character varying(100) NOT NULL,
    model character varying(100) NOT NULL
);


ALTER TABLE gtboom.django_content_type OWNER TO postgres;

--
-- Name: django_content_type_id_seq; Type: SEQUENCE; Schema: gtboom; Owner: postgres
--

ALTER TABLE gtboom.django_content_type ALTER COLUMN id ADD GENERATED BY DEFAULT AS IDENTITY (
    SEQUENCE NAME gtboom.django_content_type_id_seq
    START WITH 1
    INCREMENT BY 1
    NO MINVALUE
    NO MAXVALUE
    CACHE 1
);


--
-- Name: django_migrations; Type: TABLE; Schema: gtboom; Owner: postgres
--

CREATE TABLE gtboom.django_migrations (
    id bigint NOT NULL,
    app character varying(255) NOT NULL,
    name character varying(255) NOT NULL,
    applied timestamp with time zone NOT NULL
);


ALTER TABLE gtboom.django_migrations OWNER TO postgres;

--
-- Name: django_migrations_id_seq; Type: SEQUENCE; Schema: gtboom; Owner: postgres
--

ALTER TABLE gtboom.django_migrations ALTER COLUMN id ADD GENERATED BY DEFAULT AS IDENTITY (
    SEQUENCE NAME gtboom.django_migrations_id_seq
    START WITH 1
    INCREMENT BY 1
    NO MINVALUE
    NO MAXVALUE
    CACHE 1
);


--
-- Name: centralTenan_area; Type: TABLE; Schema: gtpremium; Owner: postgres
--

CREATE TABLE gtpremium."centralTenan_area" (
    id bigint NOT NULL,
    nombre character varying(50) NOT NULL,
    codigo character varying(4),
    id_director_id bigint
);


ALTER TABLE gtpremium."centralTenan_area" OWNER TO postgres;

--
-- Name: centralTenan_area_id_seq; Type: SEQUENCE; Schema: gtpremium; Owner: postgres
--

ALTER TABLE gtpremium."centralTenan_area" ALTER COLUMN id ADD GENERATED BY DEFAULT AS IDENTITY (
    SEQUENCE NAME gtpremium."centralTenan_area_id_seq"
    START WITH 1
    INCREMENT BY 1
    NO MINVALUE
    NO MAXVALUE
    CACHE 1
);


--
-- Name: centralTenan_centrodecosto; Type: TABLE; Schema: gtpremium; Owner: postgres
--

CREATE TABLE gtpremium."centralTenan_centrodecosto" (
    id bigint NOT NULL,
    nombre character varying(50) NOT NULL,
    codigo character varying(4)
);


ALTER TABLE gtpremium."centralTenan_centrodecosto" OWNER TO postgres;

--
-- Name: centralTenan_centrodecosto_id_seq; Type: SEQUENCE; Schema: gtpremium; Owner: postgres
--

ALTER TABLE gtpremium."centralTenan_centrodecosto" ALTER COLUMN id ADD GENERATED BY DEFAULT AS IDENTITY (
    SEQUENCE NAME gtpremium."centralTenan_centrodecosto_id_seq"
    START WITH 1
    INCREMENT BY 1
    NO MINVALUE
    NO MAXVALUE
    CACHE 1
);


--
-- Name: centralTenan_ubicacion; Type: TABLE; Schema: gtpremium; Owner: postgres
--

CREATE TABLE gtpremium."centralTenan_ubicacion" (
    id bigint NOT NULL,
    nombre character varying(50) NOT NULL,
    codigo character varying(4),
    id_tipo_de_ubicacion_id bigint NOT NULL,
    direccion text
);


ALTER TABLE gtpremium."centralTenan_ubicacion" OWNER TO postgres;

--
-- Name: centralTenan_ubicacion_id_seq; Type: SEQUENCE; Schema: gtpremium; Owner: postgres
--

ALTER TABLE gtpremium."centralTenan_ubicacion" ALTER COLUMN id ADD GENERATED BY DEFAULT AS IDENTITY (
    SEQUENCE NAME gtpremium."centralTenan_ubicacion_id_seq"
    START WITH 1
    INCREMENT BY 1
    NO MINVALUE
    NO MAXVALUE
    CACHE 1
);


--
-- Name: contratacionTenan_accionpersonal; Type: TABLE; Schema: gtpremium; Owner: postgres
--

CREATE TABLE gtpremium."contratacionTenan_accionpersonal" (
    id bigint NOT NULL,
    observaciones text,
    auth_encargado boolean,
    auth_director_area boolean,
    auth_gerente_general boolean,
    auth_gerente_rhu boolean,
    fecha_inicio date,
    fecha_fin date,
    fecha_autorizacion date,
    fecha_ejecuccion date,
    created_at timestamp with time zone NOT NULL,
    updated_at timestamp with time zone NOT NULL,
    id_cargo_id bigint NOT NULL,
    id_director_area_id bigint NOT NULL,
    id_encargado_id bigint NOT NULL,
    id_gerente_general_id bigint NOT NULL,
    id_gerente_rhu_id bigint NOT NULL,
    id_tipo_accion_personal_id bigint NOT NULL,
    id_afectado_id bigint,
    cargo_nuevo_id bigint,
    departamento_nuevo_id bigint,
    salario_nuevo double precision,
    id_ubicacion_id bigint,
    id_centro_de_costo_id bigint,
    indemnizacion double precision,
    voluntario boolean NOT NULL,
    estado smallint NOT NULL,
    dir_extra text,
    edad_max integer,
    edad_min integer,
    id_departamento_id bigint,
    id_municipio_id bigint,
    id_sexo_id bigint,
    justificacion smallint NOT NULL,
    tipo_contrato smallint NOT NULL,
    vacante integer,
    CONSTRAINT "contratacionTenan_accionpersonal_edad_max_check" CHECK ((edad_max >= 0)),
    CONSTRAINT "contratacionTenan_accionpersonal_edad_min_check" CHECK ((edad_min >= 0)),
    CONSTRAINT "contratacionTenan_accionpersonal_estado_check" CHECK ((estado >= 0)),
    CONSTRAINT "contratacionTenan_accionpersonal_justificacion_check" CHECK ((justificacion >= 0)),
    CONSTRAINT "contratacionTenan_accionpersonal_tipo_contrato_check" CHECK ((tipo_contrato >= 0)),
    CONSTRAINT "contratacionTenan_accionpersonal_vacante_check" CHECK ((vacante >= 0))
);


ALTER TABLE gtpremium."contratacionTenan_accionpersonal" OWNER TO postgres;

--
-- Name: contratacionTenan_accionpersonal_id_seq; Type: SEQUENCE; Schema: gtpremium; Owner: postgres
--

ALTER TABLE gtpremium."contratacionTenan_accionpersonal" ALTER COLUMN id ADD GENERATED BY DEFAULT AS IDENTITY (
    SEQUENCE NAME gtpremium."contratacionTenan_accionpersonal_id_seq"
    START WITH 1
    INCREMENT BY 1
    NO MINVALUE
    NO MAXVALUE
    CACHE 1
);


--
-- Name: contratacionTenan_cargo; Type: TABLE; Schema: gtpremium; Owner: postgres
--

CREATE TABLE gtpremium."contratacionTenan_cargo" (
    id bigint NOT NULL,
    nombre character varying(50) NOT NULL,
    codigo character varying(4),
    estado boolean NOT NULL,
    agrupador character varying(5),
    created_at timestamp with time zone NOT NULL,
    updated_at timestamp with time zone NOT NULL,
    id_nivel_empleado_id bigint NOT NULL
);


ALTER TABLE gtpremium."contratacionTenan_cargo" OWNER TO postgres;

--
-- Name: contratacionTenan_cargo_id_seq; Type: SEQUENCE; Schema: gtpremium; Owner: postgres
--

ALTER TABLE gtpremium."contratacionTenan_cargo" ALTER COLUMN id ADD GENERATED BY DEFAULT AS IDENTITY (
    SEQUENCE NAME gtpremium."contratacionTenan_cargo_id_seq"
    START WITH 1
    INCREMENT BY 1
    NO MINVALUE
    NO MAXVALUE
    CACHE 1
);


--
-- Name: contratacionTenan_detalleplanilla; Type: TABLE; Schema: gtpremium; Owner: postgres
--

CREATE TABLE gtpremium."contratacionTenan_detalleplanilla" (
    id bigint NOT NULL,
    tipo_aportacion smallint NOT NULL,
    monto numeric(10,2) NOT NULL,
    id_planilla_id bigint NOT NULL,
    id_tipo_incremento_retencion_id bigint NOT NULL
);


ALTER TABLE gtpremium."contratacionTenan_detalleplanilla" OWNER TO postgres;

--
-- Name: contratacionTenan_detalleplanilla_id_seq; Type: SEQUENCE; Schema: gtpremium; Owner: postgres
--

ALTER TABLE gtpremium."contratacionTenan_detalleplanilla" ALTER COLUMN id ADD GENERATED BY DEFAULT AS IDENTITY (
    SEQUENCE NAME gtpremium."contratacionTenan_detalleplanilla_id_seq"
    START WITH 1
    INCREMENT BY 1
    NO MINVALUE
    NO MAXVALUE
    CACHE 1
);


--
-- Name: contratacionTenan_empleado; Type: TABLE; Schema: gtpremium; Owner: postgres
--

CREATE TABLE gtpremium."contratacionTenan_empleado" (
    id bigint NOT NULL,
    url_curriculum character varying(60),
    codigo_empleado character varying(5),
    fecha_finalizacion date,
    fecha_inicio_labores date,
    fecha_contratacion date,
    salario numeric(10,2) NOT NULL,
    estado integer NOT NULL,
    fecha_retiro date,
    descripcion_plaza character varying(800),
    observaciones text,
    created_at timestamp with time zone NOT NULL,
    updated_at timestamp with time zone NOT NULL,
    id_area_id bigint NOT NULL,
    id_cargo_id bigint NOT NULL,
    id_centro_de_costo_id bigint NOT NULL,
    id_datos_personales_id bigint NOT NULL,
    id_tipo_periodo_id bigint NOT NULL,
    id_ubicacion_id bigint NOT NULL,
    sobre_sueldo numeric(10,2) NOT NULL,
    cheque boolean NOT NULL,
    indemnizacion numeric(10,2)
);


ALTER TABLE gtpremium."contratacionTenan_empleado" OWNER TO postgres;

--
-- Name: contratacionTenan_empleado_id_seq; Type: SEQUENCE; Schema: gtpremium; Owner: postgres
--

ALTER TABLE gtpremium."contratacionTenan_empleado" ALTER COLUMN id ADD GENERATED BY DEFAULT AS IDENTITY (
    SEQUENCE NAME gtpremium."contratacionTenan_empleado_id_seq"
    START WITH 1
    INCREMENT BY 1
    NO MINVALUE
    NO MAXVALUE
    CACHE 1
);


--
-- Name: contratacionTenan_movaplicadecremento; Type: TABLE; Schema: gtpremium; Owner: postgres
--

CREATE TABLE gtpremium."contratacionTenan_movaplicadecremento" (
    id bigint NOT NULL,
    monto_fijo numeric(10,2),
    estado boolean NOT NULL,
    titulo text,
    created_at timestamp with time zone NOT NULL,
    updated_at timestamp with time zone NOT NULL,
    id_empleado_id bigint NOT NULL,
    id_movimiento_decremento_id bigint NOT NULL,
    id_periodo_planificado_id bigint NOT NULL,
    id_user_id integer
);


ALTER TABLE gtpremium."contratacionTenan_movaplicadecremento" OWNER TO postgres;

--
-- Name: contratacionTenan_movaplicadecremento_id_seq; Type: SEQUENCE; Schema: gtpremium; Owner: postgres
--

ALTER TABLE gtpremium."contratacionTenan_movaplicadecremento" ALTER COLUMN id ADD GENERATED BY DEFAULT AS IDENTITY (
    SEQUENCE NAME gtpremium."contratacionTenan_movaplicadecremento_id_seq"
    START WITH 1
    INCREMENT BY 1
    NO MINVALUE
    NO MAXVALUE
    CACHE 1
);


--
-- Name: contratacionTenan_movaplicaincremento; Type: TABLE; Schema: gtpremium; Owner: postgres
--

CREATE TABLE gtpremium."contratacionTenan_movaplicaincremento" (
    id bigint NOT NULL,
    monto_fijo numeric(10,2),
    estado boolean NOT NULL,
    titulo text,
    created_at timestamp with time zone NOT NULL,
    updated_at timestamp with time zone NOT NULL,
    id_empleado_id bigint NOT NULL,
    id_movimiento_incremento_id bigint NOT NULL,
    id_periodo_planificado_id bigint,
    id_user_id integer
);


ALTER TABLE gtpremium."contratacionTenan_movaplicaincremento" OWNER TO postgres;

--
-- Name: contratacionTenan_movaplicaincremento_id_seq; Type: SEQUENCE; Schema: gtpremium; Owner: postgres
--

ALTER TABLE gtpremium."contratacionTenan_movaplicaincremento" ALTER COLUMN id ADD GENERATED BY DEFAULT AS IDENTITY (
    SEQUENCE NAME gtpremium."contratacionTenan_movaplicaincremento_id_seq"
    START WITH 1
    INCREMENT BY 1
    NO MINVALUE
    NO MAXVALUE
    CACHE 1
);


--
-- Name: contratacionTenan_ordendescuento; Type: TABLE; Schema: gtpremium; Owner: postgres
--

CREATE TABLE gtpremium."contratacionTenan_ordendescuento" (
    id bigint NOT NULL,
    numero_cuotas integer NOT NULL,
    monto_cuota double precision NOT NULL,
    codigo_ref character varying(35) NOT NULL,
    finalizado boolean NOT NULL,
    pago_automatico boolean NOT NULL,
    activo boolean NOT NULL,
    fecha_inicio date NOT NULL,
    fecha_fin date,
    nota text,
    id_institucion_financiera_id bigint,
    id_empleado_id bigint NOT NULL,
    CONSTRAINT "contratacionTenan_ordendescuento_numero_cuotas_check" CHECK ((numero_cuotas >= 0))
);


ALTER TABLE gtpremium."contratacionTenan_ordendescuento" OWNER TO postgres;

--
-- Name: contratacionTenan_ordendescuento_id_seq; Type: SEQUENCE; Schema: gtpremium; Owner: postgres
--

ALTER TABLE gtpremium."contratacionTenan_ordendescuento" ALTER COLUMN id ADD GENERATED BY DEFAULT AS IDENTITY (
    SEQUENCE NAME gtpremium."contratacionTenan_ordendescuento_id_seq"
    START WITH 1
    INCREMENT BY 1
    NO MINVALUE
    NO MAXVALUE
    CACHE 1
);


--
-- Name: contratacionTenan_periodo; Type: TABLE; Schema: gtpremium; Owner: postgres
--

CREATE TABLE gtpremium."contratacionTenan_periodo" (
    id bigint NOT NULL,
    anio integer NOT NULL,
    created_at timestamp with time zone NOT NULL,
    estado smallint,
    mes_id bigint NOT NULL,
    quincena smallint NOT NULL,
    updated_at timestamp with time zone NOT NULL
);


ALTER TABLE gtpremium."contratacionTenan_periodo" OWNER TO postgres;

--
-- Name: contratacionTenan_periodo_id_seq; Type: SEQUENCE; Schema: gtpremium; Owner: postgres
--

ALTER TABLE gtpremium."contratacionTenan_periodo" ALTER COLUMN id ADD GENERATED BY DEFAULT AS IDENTITY (
    SEQUENCE NAME gtpremium."contratacionTenan_periodo_id_seq"
    START WITH 1
    INCREMENT BY 1
    NO MINVALUE
    NO MAXVALUE
    CACHE 1
);


--
-- Name: contratacionTenan_planilla; Type: TABLE; Schema: gtpremium; Owner: postgres
--

CREATE TABLE gtpremium."contratacionTenan_planilla" (
    id bigint NOT NULL,
    created_at timestamp with time zone NOT NULL,
    updated_at timestamp with time zone NOT NULL,
    sueldo numeric(10,2) NOT NULL,
    id_empleado_id bigint NOT NULL,
    ingresos_exentos numeric(10,2) NOT NULL,
    salario_liquido numeric(10,2) NOT NULL,
    aportes_patronales numeric(10,2) NOT NULL,
    descuentos numeric(10,2) NOT NULL,
    otros_ingresos numeric(10,2) NOT NULL,
    total_devengado numeric(10,2) NOT NULL,
    id_encabezado_id bigint
);


ALTER TABLE gtpremium."contratacionTenan_planilla" OWNER TO postgres;

--
-- Name: contratacionTenan_planilla_id_seq; Type: SEQUENCE; Schema: gtpremium; Owner: postgres
--

ALTER TABLE gtpremium."contratacionTenan_planilla" ALTER COLUMN id ADD GENERATED BY DEFAULT AS IDENTITY (
    SEQUENCE NAME gtpremium."contratacionTenan_planilla_id_seq"
    START WITH 1
    INCREMENT BY 1
    NO MINVALUE
    NO MAXVALUE
    CACHE 1
);


--
-- Name: contratacionTenan_planillaencabezado; Type: TABLE; Schema: gtpremium; Owner: postgres
--

CREATE TABLE gtpremium."contratacionTenan_planillaencabezado" (
    id bigint NOT NULL,
    id_estado_id bigint NOT NULL,
    id_tipo_id bigint NOT NULL,
    id_user_id integer NOT NULL,
    id_periodo_id bigint NOT NULL
);


ALTER TABLE gtpremium."contratacionTenan_planillaencabezado" OWNER TO postgres;

--
-- Name: contratacionTenan_planillaencabezado_id_seq; Type: SEQUENCE; Schema: gtpremium; Owner: postgres
--

ALTER TABLE gtpremium."contratacionTenan_planillaencabezado" ALTER COLUMN id ADD GENERATED BY DEFAULT AS IDENTITY (
    SEQUENCE NAME gtpremium."contratacionTenan_planillaencabezado_id_seq"
    START WITH 1
    INCREMENT BY 1
    NO MINVALUE
    NO MAXVALUE
    CACHE 1
);


--
-- Name: contratacionTenan_prestamosregistropagos; Type: TABLE; Schema: gtpremium; Owner: postgres
--

CREATE TABLE gtpremium."contratacionTenan_prestamosregistropagos" (
    id bigint NOT NULL,
    monto numeric(10,2) NOT NULL,
    created_at timestamp with time zone NOT NULL,
    updated_at timestamp with time zone NOT NULL,
    id_datos_personales_id bigint,
    id_detalle_planilla_id bigint
);


ALTER TABLE gtpremium."contratacionTenan_prestamosregistropagos" OWNER TO postgres;

--
-- Name: contratacionTenan_prestamosregistropagos_id_seq; Type: SEQUENCE; Schema: gtpremium; Owner: postgres
--

ALTER TABLE gtpremium."contratacionTenan_prestamosregistropagos" ALTER COLUMN id ADD GENERATED BY DEFAULT AS IDENTITY (
    SEQUENCE NAME gtpremium."contratacionTenan_prestamosregistropagos_id_seq"
    START WITH 1
    INCREMENT BY 1
    NO MINVALUE
    NO MAXVALUE
    CACHE 1
);


--
-- Name: contratacionTenan_recordcrediticio; Type: TABLE; Schema: gtpremium; Owner: postgres
--

CREATE TABLE gtpremium."contratacionTenan_recordcrediticio" (
    id bigint NOT NULL,
    monto_cuota double precision NOT NULL,
    id_detalle_planilla_id bigint NOT NULL,
    id_orden_descuento_id bigint NOT NULL
);


ALTER TABLE gtpremium."contratacionTenan_recordcrediticio" OWNER TO postgres;

--
-- Name: contratacionTenan_recordcrediticio_id_seq; Type: SEQUENCE; Schema: gtpremium; Owner: postgres
--

ALTER TABLE gtpremium."contratacionTenan_recordcrediticio" ALTER COLUMN id ADD GENERATED BY DEFAULT AS IDENTITY (
    SEQUENCE NAME gtpremium."contratacionTenan_recordcrediticio_id_seq"
    START WITH 1
    INCREMENT BY 1
    NO MINVALUE
    NO MAXVALUE
    CACHE 1
);


--
-- Name: django_content_type; Type: TABLE; Schema: gtpremium; Owner: postgres
--

CREATE TABLE gtpremium.django_content_type (
    id integer NOT NULL,
    app_label character varying(100) NOT NULL,
    model character varying(100) NOT NULL
);


ALTER TABLE gtpremium.django_content_type OWNER TO postgres;

--
-- Name: django_content_type_id_seq; Type: SEQUENCE; Schema: gtpremium; Owner: postgres
--

ALTER TABLE gtpremium.django_content_type ALTER COLUMN id ADD GENERATED BY DEFAULT AS IDENTITY (
    SEQUENCE NAME gtpremium.django_content_type_id_seq
    START WITH 1
    INCREMENT BY 1
    NO MINVALUE
    NO MAXVALUE
    CACHE 1
);


--
-- Name: django_migrations; Type: TABLE; Schema: gtpremium; Owner: postgres
--

CREATE TABLE gtpremium.django_migrations (
    id bigint NOT NULL,
    app character varying(255) NOT NULL,
    name character varying(255) NOT NULL,
    applied timestamp with time zone NOT NULL
);


ALTER TABLE gtpremium.django_migrations OWNER TO postgres;

--
-- Name: django_migrations_id_seq; Type: SEQUENCE; Schema: gtpremium; Owner: postgres
--

ALTER TABLE gtpremium.django_migrations ALTER COLUMN id ADD GENERATED BY DEFAULT AS IDENTITY (
    SEQUENCE NAME gtpremium.django_migrations_id_seq
    START WITH 1
    INCREMENT BY 1
    NO MINVALUE
    NO MAXVALUE
    CACHE 1
);


--
-- Name: centralTenan_area; Type: TABLE; Schema: premium; Owner: postgres
--

CREATE TABLE premium."centralTenan_area" (
    id bigint NOT NULL,
    nombre character varying(50) NOT NULL,
    codigo character varying(4),
    id_director_id bigint
);


ALTER TABLE premium."centralTenan_area" OWNER TO postgres;

--
-- Name: centralTenan_area_id_seq; Type: SEQUENCE; Schema: premium; Owner: postgres
--

ALTER TABLE premium."centralTenan_area" ALTER COLUMN id ADD GENERATED BY DEFAULT AS IDENTITY (
    SEQUENCE NAME premium."centralTenan_area_id_seq"
    START WITH 1
    INCREMENT BY 1
    NO MINVALUE
    NO MAXVALUE
    CACHE 1
);


--
-- Name: centralTenan_centrodecosto; Type: TABLE; Schema: premium; Owner: postgres
--

CREATE TABLE premium."centralTenan_centrodecosto" (
    id bigint NOT NULL,
    nombre character varying(50) NOT NULL,
    codigo character varying(4)
);


ALTER TABLE premium."centralTenan_centrodecosto" OWNER TO postgres;

--
-- Name: centralTenan_centrodecosto_id_seq; Type: SEQUENCE; Schema: premium; Owner: postgres
--

ALTER TABLE premium."centralTenan_centrodecosto" ALTER COLUMN id ADD GENERATED BY DEFAULT AS IDENTITY (
    SEQUENCE NAME premium."centralTenan_centrodecosto_id_seq"
    START WITH 1
    INCREMENT BY 1
    NO MINVALUE
    NO MAXVALUE
    CACHE 1
);


--
-- Name: centralTenan_ubicacion; Type: TABLE; Schema: premium; Owner: postgres
--

CREATE TABLE premium."centralTenan_ubicacion" (
    id bigint NOT NULL,
    nombre character varying(50) NOT NULL,
    codigo character varying(4),
    direccion text,
    id_tipo_de_ubicacion_id bigint NOT NULL
);


ALTER TABLE premium."centralTenan_ubicacion" OWNER TO postgres;

--
-- Name: centralTenan_ubicacion_id_seq; Type: SEQUENCE; Schema: premium; Owner: postgres
--

ALTER TABLE premium."centralTenan_ubicacion" ALTER COLUMN id ADD GENERATED BY DEFAULT AS IDENTITY (
    SEQUENCE NAME premium."centralTenan_ubicacion_id_seq"
    START WITH 1
    INCREMENT BY 1
    NO MINVALUE
    NO MAXVALUE
    CACHE 1
);


--
-- Name: contratacionTenan_accionpersonal; Type: TABLE; Schema: premium; Owner: postgres
--

CREATE TABLE premium."contratacionTenan_accionpersonal" (
    id bigint NOT NULL,
    observaciones text,
    departamento_nuevo_id bigint,
    cargo_nuevo_id bigint,
    salario_nuevo double precision,
    auth_encargado boolean,
    auth_director_area boolean,
    auth_gerente_general boolean,
    auth_gerente_rhu boolean,
    fecha_inicio date,
    fecha_fin date,
    fecha_autorizacion date,
    fecha_ejecuccion date,
    created_at timestamp with time zone NOT NULL,
    updated_at timestamp with time zone NOT NULL,
    id_centro_de_costo_id bigint,
    id_tipo_accion_personal_id bigint NOT NULL,
    id_ubicacion_id bigint,
    id_cargo_id bigint NOT NULL,
    id_afectado_id bigint,
    id_director_area_id bigint NOT NULL,
    id_encargado_id bigint NOT NULL,
    id_gerente_general_id bigint NOT NULL,
    id_gerente_rhu_id bigint NOT NULL,
    indemnizacion double precision,
    voluntario boolean NOT NULL,
    estado smallint NOT NULL,
    dir_extra text,
    edad_max integer,
    edad_min integer,
    id_departamento_id bigint,
    id_municipio_id bigint,
    id_sexo_id bigint,
    justificacion smallint NOT NULL,
    tipo_contrato smallint NOT NULL,
    vacante integer,
    CONSTRAINT "contratacionTenan_accionpersonal_edad_max_check" CHECK ((edad_max >= 0)),
    CONSTRAINT "contratacionTenan_accionpersonal_edad_min_check" CHECK ((edad_min >= 0)),
    CONSTRAINT "contratacionTenan_accionpersonal_estado_check" CHECK ((estado >= 0)),
    CONSTRAINT "contratacionTenan_accionpersonal_justificacion_check" CHECK ((justificacion >= 0)),
    CONSTRAINT "contratacionTenan_accionpersonal_tipo_contrato_check" CHECK ((tipo_contrato >= 0)),
    CONSTRAINT "contratacionTenan_accionpersonal_vacante_check" CHECK ((vacante >= 0))
);


ALTER TABLE premium."contratacionTenan_accionpersonal" OWNER TO postgres;

--
-- Name: contratacionTenan_accionpersonal_id_seq; Type: SEQUENCE; Schema: premium; Owner: postgres
--

ALTER TABLE premium."contratacionTenan_accionpersonal" ALTER COLUMN id ADD GENERATED BY DEFAULT AS IDENTITY (
    SEQUENCE NAME premium."contratacionTenan_accionpersonal_id_seq"
    START WITH 1
    INCREMENT BY 1
    NO MINVALUE
    NO MAXVALUE
    CACHE 1
);


--
-- Name: contratacionTenan_cargo; Type: TABLE; Schema: premium; Owner: postgres
--

CREATE TABLE premium."contratacionTenan_cargo" (
    id bigint NOT NULL,
    nombre character varying(50) NOT NULL,
    codigo character varying(4),
    estado boolean NOT NULL,
    agrupador character varying(5),
    created_at timestamp with time zone NOT NULL,
    updated_at timestamp with time zone NOT NULL,
    id_nivel_empleado_id bigint NOT NULL
);


ALTER TABLE premium."contratacionTenan_cargo" OWNER TO postgres;

--
-- Name: contratacionTenan_cargo_id_seq; Type: SEQUENCE; Schema: premium; Owner: postgres
--

ALTER TABLE premium."contratacionTenan_cargo" ALTER COLUMN id ADD GENERATED BY DEFAULT AS IDENTITY (
    SEQUENCE NAME premium."contratacionTenan_cargo_id_seq"
    START WITH 1
    INCREMENT BY 1
    NO MINVALUE
    NO MAXVALUE
    CACHE 1
);


--
-- Name: contratacionTenan_detalleplanilla; Type: TABLE; Schema: premium; Owner: postgres
--

CREATE TABLE premium."contratacionTenan_detalleplanilla" (
    id bigint NOT NULL,
    tipo_aportacion smallint NOT NULL,
    monto numeric(10,2) NOT NULL,
    id_planilla_id bigint NOT NULL,
    id_tipo_incremento_retencion_id bigint NOT NULL
);


ALTER TABLE premium."contratacionTenan_detalleplanilla" OWNER TO postgres;

--
-- Name: contratacionTenan_detalleplanilla_id_seq; Type: SEQUENCE; Schema: premium; Owner: postgres
--

ALTER TABLE premium."contratacionTenan_detalleplanilla" ALTER COLUMN id ADD GENERATED BY DEFAULT AS IDENTITY (
    SEQUENCE NAME premium."contratacionTenan_detalleplanilla_id_seq"
    START WITH 1
    INCREMENT BY 1
    NO MINVALUE
    NO MAXVALUE
    CACHE 1
);


--
-- Name: contratacionTenan_empleado; Type: TABLE; Schema: premium; Owner: postgres
--

CREATE TABLE premium."contratacionTenan_empleado" (
    id bigint NOT NULL,
    url_curriculum character varying(60),
    codigo_empleado character varying(5),
    fecha_finalizacion date,
    cheque boolean NOT NULL,
    fecha_inicio_labores date,
    fecha_contratacion date,
    salario numeric(10,2) NOT NULL,
    sobre_sueldo numeric(10,2) NOT NULL,
    estado integer NOT NULL,
    fecha_retiro date,
    descripcion_plaza character varying(800),
    observaciones text,
    created_at timestamp with time zone NOT NULL,
    updated_at timestamp with time zone NOT NULL,
    id_area_id bigint NOT NULL,
    id_cargo_id bigint NOT NULL,
    id_centro_de_costo_id bigint NOT NULL,
    id_datos_personales_id bigint NOT NULL,
    id_tipo_periodo_id bigint NOT NULL,
    id_ubicacion_id bigint NOT NULL,
    indemnizacion numeric(10,2)
);


ALTER TABLE premium."contratacionTenan_empleado" OWNER TO postgres;

--
-- Name: contratacionTenan_empleado_id_seq; Type: SEQUENCE; Schema: premium; Owner: postgres
--

ALTER TABLE premium."contratacionTenan_empleado" ALTER COLUMN id ADD GENERATED BY DEFAULT AS IDENTITY (
    SEQUENCE NAME premium."contratacionTenan_empleado_id_seq"
    START WITH 1
    INCREMENT BY 1
    NO MINVALUE
    NO MAXVALUE
    CACHE 1
);


--
-- Name: contratacionTenan_movaplicadecremento; Type: TABLE; Schema: premium; Owner: postgres
--

CREATE TABLE premium."contratacionTenan_movaplicadecremento" (
    id bigint NOT NULL,
    monto_fijo numeric(10,2),
    estado boolean NOT NULL,
    titulo text,
    created_at timestamp with time zone NOT NULL,
    updated_at timestamp with time zone NOT NULL,
    id_empleado_id bigint NOT NULL,
    id_movimiento_decremento_id bigint NOT NULL,
    id_user_id integer,
    id_periodo_planificado_id bigint NOT NULL
);


ALTER TABLE premium."contratacionTenan_movaplicadecremento" OWNER TO postgres;

--
-- Name: contratacionTenan_movaplicadecremento_id_seq; Type: SEQUENCE; Schema: premium; Owner: postgres
--

ALTER TABLE premium."contratacionTenan_movaplicadecremento" ALTER COLUMN id ADD GENERATED BY DEFAULT AS IDENTITY (
    SEQUENCE NAME premium."contratacionTenan_movaplicadecremento_id_seq"
    START WITH 1
    INCREMENT BY 1
    NO MINVALUE
    NO MAXVALUE
    CACHE 1
);


--
-- Name: contratacionTenan_movaplicaincremento; Type: TABLE; Schema: premium; Owner: postgres
--

CREATE TABLE premium."contratacionTenan_movaplicaincremento" (
    id bigint NOT NULL,
    monto_fijo numeric(10,2),
    estado boolean NOT NULL,
    titulo text,
    created_at timestamp with time zone NOT NULL,
    updated_at timestamp with time zone NOT NULL,
    id_empleado_id bigint NOT NULL,
    id_movimiento_incremento_id bigint NOT NULL,
    id_user_id integer,
    id_periodo_planificado_id bigint
);


ALTER TABLE premium."contratacionTenan_movaplicaincremento" OWNER TO postgres;

--
-- Name: contratacionTenan_movaplicaincremento_id_seq; Type: SEQUENCE; Schema: premium; Owner: postgres
--

ALTER TABLE premium."contratacionTenan_movaplicaincremento" ALTER COLUMN id ADD GENERATED BY DEFAULT AS IDENTITY (
    SEQUENCE NAME premium."contratacionTenan_movaplicaincremento_id_seq"
    START WITH 1
    INCREMENT BY 1
    NO MINVALUE
    NO MAXVALUE
    CACHE 1
);


--
-- Name: contratacionTenan_ordendescuento; Type: TABLE; Schema: premium; Owner: postgres
--

CREATE TABLE premium."contratacionTenan_ordendescuento" (
    id bigint NOT NULL,
    numero_cuotas integer NOT NULL,
    monto_cuota double precision NOT NULL,
    codigo_ref character varying(35) NOT NULL,
    finalizado boolean NOT NULL,
    pago_automatico boolean NOT NULL,
    activo boolean NOT NULL,
    fecha_inicio date NOT NULL,
    fecha_fin date,
    nota text,
    id_institucion_financiera_id bigint,
    id_empleado_id bigint NOT NULL,
    CONSTRAINT "contratacionTenan_ordendescuento_numero_cuotas_check" CHECK ((numero_cuotas >= 0))
);


ALTER TABLE premium."contratacionTenan_ordendescuento" OWNER TO postgres;

--
-- Name: contratacionTenan_ordendescuento_id_seq; Type: SEQUENCE; Schema: premium; Owner: postgres
--

ALTER TABLE premium."contratacionTenan_ordendescuento" ALTER COLUMN id ADD GENERATED BY DEFAULT AS IDENTITY (
    SEQUENCE NAME premium."contratacionTenan_ordendescuento_id_seq"
    START WITH 1
    INCREMENT BY 1
    NO MINVALUE
    NO MAXVALUE
    CACHE 1
);


--
-- Name: contratacionTenan_periodo; Type: TABLE; Schema: premium; Owner: postgres
--

CREATE TABLE premium."contratacionTenan_periodo" (
    id bigint NOT NULL,
    anio integer NOT NULL,
    created_at timestamp with time zone NOT NULL,
    estado smallint,
    mes_id bigint NOT NULL,
    quincena smallint NOT NULL,
    updated_at timestamp with time zone NOT NULL
);


ALTER TABLE premium."contratacionTenan_periodo" OWNER TO postgres;

--
-- Name: contratacionTenan_periodo_id_seq; Type: SEQUENCE; Schema: premium; Owner: postgres
--

ALTER TABLE premium."contratacionTenan_periodo" ALTER COLUMN id ADD GENERATED BY DEFAULT AS IDENTITY (
    SEQUENCE NAME premium."contratacionTenan_periodo_id_seq"
    START WITH 1
    INCREMENT BY 1
    NO MINVALUE
    NO MAXVALUE
    CACHE 1
);


--
-- Name: contratacionTenan_planilla; Type: TABLE; Schema: premium; Owner: postgres
--

CREATE TABLE premium."contratacionTenan_planilla" (
    id bigint NOT NULL,
    sueldo numeric(10,2) NOT NULL,
    ingresos_exentos numeric(10,2) NOT NULL,
    otros_ingresos numeric(10,2) NOT NULL,
    total_devengado numeric(10,2) NOT NULL,
    descuentos numeric(10,2) NOT NULL,
    aportes_patronales numeric(10,2) NOT NULL,
    salario_liquido numeric(10,2) NOT NULL,
    created_at timestamp with time zone NOT NULL,
    updated_at timestamp with time zone NOT NULL,
    id_empleado_id bigint NOT NULL,
    id_encabezado_id bigint
);


ALTER TABLE premium."contratacionTenan_planilla" OWNER TO postgres;

--
-- Name: contratacionTenan_planilla_id_seq; Type: SEQUENCE; Schema: premium; Owner: postgres
--

ALTER TABLE premium."contratacionTenan_planilla" ALTER COLUMN id ADD GENERATED BY DEFAULT AS IDENTITY (
    SEQUENCE NAME premium."contratacionTenan_planilla_id_seq"
    START WITH 1
    INCREMENT BY 1
    NO MINVALUE
    NO MAXVALUE
    CACHE 1
);


--
-- Name: contratacionTenan_planillaencabezado; Type: TABLE; Schema: premium; Owner: postgres
--

CREATE TABLE premium."contratacionTenan_planillaencabezado" (
    id bigint NOT NULL,
    id_estado_id bigint NOT NULL,
    id_tipo_id bigint NOT NULL,
    id_user_id integer NOT NULL,
    id_periodo_id bigint NOT NULL
);


ALTER TABLE premium."contratacionTenan_planillaencabezado" OWNER TO postgres;

--
-- Name: contratacionTenan_planillaencabezado_id_seq; Type: SEQUENCE; Schema: premium; Owner: postgres
--

ALTER TABLE premium."contratacionTenan_planillaencabezado" ALTER COLUMN id ADD GENERATED BY DEFAULT AS IDENTITY (
    SEQUENCE NAME premium."contratacionTenan_planillaencabezado_id_seq"
    START WITH 1
    INCREMENT BY 1
    NO MINVALUE
    NO MAXVALUE
    CACHE 1
);


--
-- Name: contratacionTenan_prestamosregistropagos; Type: TABLE; Schema: premium; Owner: postgres
--

CREATE TABLE premium."contratacionTenan_prestamosregistropagos" (
    id bigint NOT NULL,
    monto numeric(10,2) NOT NULL,
    created_at timestamp with time zone NOT NULL,
    updated_at timestamp with time zone NOT NULL,
    id_datos_personales_id bigint,
    id_detalle_planilla_id bigint
);


ALTER TABLE premium."contratacionTenan_prestamosregistropagos" OWNER TO postgres;

--
-- Name: contratacionTenan_prestamosregistropagos_id_seq; Type: SEQUENCE; Schema: premium; Owner: postgres
--

ALTER TABLE premium."contratacionTenan_prestamosregistropagos" ALTER COLUMN id ADD GENERATED BY DEFAULT AS IDENTITY (
    SEQUENCE NAME premium."contratacionTenan_prestamosregistropagos_id_seq"
    START WITH 1
    INCREMENT BY 1
    NO MINVALUE
    NO MAXVALUE
    CACHE 1
);


--
-- Name: contratacionTenan_recordcrediticio; Type: TABLE; Schema: premium; Owner: postgres
--

CREATE TABLE premium."contratacionTenan_recordcrediticio" (
    id bigint NOT NULL,
    monto_cuota double precision NOT NULL,
    id_detalle_planilla_id bigint NOT NULL,
    id_orden_descuento_id bigint NOT NULL
);


ALTER TABLE premium."contratacionTenan_recordcrediticio" OWNER TO postgres;

--
-- Name: contratacionTenan_recordcrediticio_id_seq; Type: SEQUENCE; Schema: premium; Owner: postgres
--

ALTER TABLE premium."contratacionTenan_recordcrediticio" ALTER COLUMN id ADD GENERATED BY DEFAULT AS IDENTITY (
    SEQUENCE NAME premium."contratacionTenan_recordcrediticio_id_seq"
    START WITH 1
    INCREMENT BY 1
    NO MINVALUE
    NO MAXVALUE
    CACHE 1
);


--
-- Name: django_content_type; Type: TABLE; Schema: premium; Owner: postgres
--

CREATE TABLE premium.django_content_type (
    id integer NOT NULL,
    app_label character varying(100) NOT NULL,
    model character varying(100) NOT NULL
);


ALTER TABLE premium.django_content_type OWNER TO postgres;

--
-- Name: django_content_type_id_seq; Type: SEQUENCE; Schema: premium; Owner: postgres
--

ALTER TABLE premium.django_content_type ALTER COLUMN id ADD GENERATED BY DEFAULT AS IDENTITY (
    SEQUENCE NAME premium.django_content_type_id_seq
    START WITH 1
    INCREMENT BY 1
    NO MINVALUE
    NO MAXVALUE
    CACHE 1
);


--
-- Name: django_migrations; Type: TABLE; Schema: premium; Owner: postgres
--

CREATE TABLE premium.django_migrations (
    id bigint NOT NULL,
    app character varying(255) NOT NULL,
    name character varying(255) NOT NULL,
    applied timestamp with time zone NOT NULL
);


ALTER TABLE premium.django_migrations OWNER TO postgres;

--
-- Name: django_migrations_id_seq; Type: SEQUENCE; Schema: premium; Owner: postgres
--

ALTER TABLE premium.django_migrations ALTER COLUMN id ADD GENERATED BY DEFAULT AS IDENTITY (
    SEQUENCE NAME premium.django_migrations_id_seq
    START WITH 1
    INCREMENT BY 1
    NO MINVALUE
    NO MAXVALUE
    CACHE 1
);


--
-- Name: auth_group; Type: TABLE; Schema: public; Owner: postgres
--

CREATE TABLE public.auth_group (
    id integer NOT NULL,
    name character varying(150) NOT NULL
);


ALTER TABLE public.auth_group OWNER TO postgres;

--
-- Name: auth_group_id_seq; Type: SEQUENCE; Schema: public; Owner: postgres
--

ALTER TABLE public.auth_group ALTER COLUMN id ADD GENERATED BY DEFAULT AS IDENTITY (
    SEQUENCE NAME public.auth_group_id_seq
    START WITH 1
    INCREMENT BY 1
    NO MINVALUE
    NO MAXVALUE
    CACHE 1
);


--
-- Name: auth_group_permissions; Type: TABLE; Schema: public; Owner: postgres
--

CREATE TABLE public.auth_group_permissions (
    id bigint NOT NULL,
    group_id integer NOT NULL,
    permission_id integer NOT NULL
);


ALTER TABLE public.auth_group_permissions OWNER TO postgres;

--
-- Name: auth_group_permissions_id_seq; Type: SEQUENCE; Schema: public; Owner: postgres
--

ALTER TABLE public.auth_group_permissions ALTER COLUMN id ADD GENERATED BY DEFAULT AS IDENTITY (
    SEQUENCE NAME public.auth_group_permissions_id_seq
    START WITH 1
    INCREMENT BY 1
    NO MINVALUE
    NO MAXVALUE
    CACHE 1
);


--
-- Name: auth_permission; Type: TABLE; Schema: public; Owner: postgres
--

CREATE TABLE public.auth_permission (
    id integer NOT NULL,
    name character varying(255) NOT NULL,
    content_type_id integer NOT NULL,
    codename character varying(100) NOT NULL
);


ALTER TABLE public.auth_permission OWNER TO postgres;

--
-- Name: auth_permission_id_seq; Type: SEQUENCE; Schema: public; Owner: postgres
--

ALTER TABLE public.auth_permission ALTER COLUMN id ADD GENERATED BY DEFAULT AS IDENTITY (
    SEQUENCE NAME public.auth_permission_id_seq
    START WITH 1
    INCREMENT BY 1
    NO MINVALUE
    NO MAXVALUE
    CACHE 1
);


--
-- Name: authtoken_token; Type: TABLE; Schema: public; Owner: postgres
--

CREATE TABLE public.authtoken_token (
    key character varying(40) NOT NULL,
    created timestamp with time zone NOT NULL,
    user_id integer NOT NULL
);


ALTER TABLE public.authtoken_token OWNER TO postgres;

--
-- Name: central_client; Type: TABLE; Schema: public; Owner: postgres
--

CREATE TABLE public.central_client (
    id bigint NOT NULL,
    schema_name character varying(63) NOT NULL,
    name character varying(100) NOT NULL,
    paid_until date NOT NULL,
    on_trial boolean NOT NULL,
    created_on date NOT NULL
);


ALTER TABLE public.central_client OWNER TO postgres;

--
-- Name: central_client_id_seq; Type: SEQUENCE; Schema: public; Owner: postgres
--

ALTER TABLE public.central_client ALTER COLUMN id ADD GENERATED BY DEFAULT AS IDENTITY (
    SEQUENCE NAME public.central_client_id_seq
    START WITH 1
    INCREMENT BY 1
    NO MINVALUE
    NO MAXVALUE
    CACHE 1
);


--
-- Name: central_departamento; Type: TABLE; Schema: public; Owner: postgres
--

CREATE TABLE public.central_departamento (
    id bigint NOT NULL,
    codigo character varying(4),
    codigo_fel character varying(2) NOT NULL,
    nombre character varying(50) NOT NULL,
    created_at timestamp with time zone NOT NULL,
    updated_at timestamp with time zone NOT NULL,
    id_pais_id bigint NOT NULL,
    id_zona_id bigint NOT NULL
);


ALTER TABLE public.central_departamento OWNER TO postgres;

--
-- Name: central_departamento_id_seq; Type: SEQUENCE; Schema: public; Owner: postgres
--

ALTER TABLE public.central_departamento ALTER COLUMN id ADD GENERATED BY DEFAULT AS IDENTITY (
    SEQUENCE NAME public.central_departamento_id_seq
    START WITH 1
    INCREMENT BY 1
    NO MINVALUE
    NO MAXVALUE
    CACHE 1
);


--
-- Name: central_direccion; Type: TABLE; Schema: public; Owner: postgres
--

CREATE TABLE public.central_direccion (
    id bigint NOT NULL,
    tipo integer NOT NULL,
    direccion character varying(255) NOT NULL,
    latitud double precision,
    longitud double precision,
    principal boolean NOT NULL,
    created_at timestamp with time zone NOT NULL,
    updated_at timestamp with time zone NOT NULL,
    id_datos_personales_id bigint,
    id_municipio_id bigint,
    CONSTRAINT central_direccion_tipo_check CHECK ((tipo >= 0))
);


ALTER TABLE public.central_direccion OWNER TO postgres;

--
-- Name: central_direccion_id_seq; Type: SEQUENCE; Schema: public; Owner: postgres
--

ALTER TABLE public.central_direccion ALTER COLUMN id ADD GENERATED BY DEFAULT AS IDENTITY (
    SEQUENCE NAME public.central_direccion_id_seq
    START WITH 1
    INCREMENT BY 1
    NO MINVALUE
    NO MAXVALUE
    CACHE 1
);


--
-- Name: central_domain; Type: TABLE; Schema: public; Owner: postgres
--

CREATE TABLE public.central_domain (
    id bigint NOT NULL,
    domain character varying(253) NOT NULL,
    is_primary boolean NOT NULL,
    tenant_id bigint NOT NULL
);


ALTER TABLE public.central_domain OWNER TO postgres;

--
-- Name: central_domain_id_seq; Type: SEQUENCE; Schema: public; Owner: postgres
--

ALTER TABLE public.central_domain ALTER COLUMN id ADD GENERATED BY DEFAULT AS IDENTITY (
    SEQUENCE NAME public.central_domain_id_seq
    START WITH 1
    INCREMENT BY 1
    NO MINVALUE
    NO MAXVALUE
    CACHE 1
);


--
-- Name: central_institucionfinanciera; Type: TABLE; Schema: public; Owner: postgres
--

CREATE TABLE public.central_institucionfinanciera (
    id bigint NOT NULL,
    nombre character varying(100) NOT NULL,
    direccion character varying(255) NOT NULL,
    codigo_institucion_financiera character varying(20),
    telefono1 character varying(20) NOT NULL,
    telefono2 character varying(20),
    telefono3 character varying(20),
    email1 character varying(254) NOT NULL,
    email2 character varying(254),
    email3 character varying(254),
    comentarios text,
    created_at timestamp with time zone NOT NULL,
    updated_at timestamp with time zone NOT NULL,
    id_tipo_institucion_id bigint NOT NULL
);


ALTER TABLE public.central_institucionfinanciera OWNER TO postgres;

--
-- Name: central_institucionfinanciera_id_seq; Type: SEQUENCE; Schema: public; Owner: postgres
--

ALTER TABLE public.central_institucionfinanciera ALTER COLUMN id ADD GENERATED BY DEFAULT AS IDENTITY (
    SEQUENCE NAME public.central_institucionfinanciera_id_seq
    START WITH 1
    INCREMENT BY 1
    NO MINVALUE
    NO MAXVALUE
    CACHE 1
);


--
-- Name: central_mes; Type: TABLE; Schema: public; Owner: postgres
--

CREATE TABLE public.central_mes (
    id bigint NOT NULL,
    nombre character varying(50) NOT NULL
);


ALTER TABLE public.central_mes OWNER TO postgres;

--
-- Name: central_mes_id_seq; Type: SEQUENCE; Schema: public; Owner: postgres
--

ALTER TABLE public.central_mes ALTER COLUMN id ADD GENERATED BY DEFAULT AS IDENTITY (
    SEQUENCE NAME public.central_mes_id_seq
    START WITH 1
    INCREMENT BY 1
    NO MINVALUE
    NO MAXVALUE
    CACHE 1
);


--
-- Name: central_municipio; Type: TABLE; Schema: public; Owner: postgres
--

CREATE TABLE public.central_municipio (
    id bigint NOT NULL,
    codigo character varying(4),
    codigo_fel character varying(5) NOT NULL,
    nombre character varying(50) NOT NULL,
    created_at timestamp with time zone NOT NULL,
    updated_at timestamp with time zone NOT NULL,
    id_departamento_id bigint NOT NULL
);


ALTER TABLE public.central_municipio OWNER TO postgres;

--
-- Name: central_municipio_id_seq; Type: SEQUENCE; Schema: public; Owner: postgres
--

ALTER TABLE public.central_municipio ALTER COLUMN id ADD GENERATED BY DEFAULT AS IDENTITY (
    SEQUENCE NAME public.central_municipio_id_seq
    START WITH 1
    INCREMENT BY 1
    NO MINVALUE
    NO MAXVALUE
    CACHE 1
);


--
-- Name: central_pais; Type: TABLE; Schema: public; Owner: postgres
--

CREATE TABLE public.central_pais (
    id bigint NOT NULL,
    nombre character varying(50) NOT NULL,
    codigo character varying(4),
    nacionalidad character varying(100) NOT NULL,
    url_bandera character varying(40)
);


ALTER TABLE public.central_pais OWNER TO postgres;

--
-- Name: central_pais_id_seq; Type: SEQUENCE; Schema: public; Owner: postgres
--

ALTER TABLE public.central_pais ALTER COLUMN id ADD GENERATED BY DEFAULT AS IDENTITY (
    SEQUENCE NAME public.central_pais_id_seq
    START WITH 1
    INCREMENT BY 1
    NO MINVALUE
    NO MAXVALUE
    CACHE 1
);


--
-- Name: central_sexo; Type: TABLE; Schema: public; Owner: postgres
--

CREATE TABLE public.central_sexo (
    id bigint NOT NULL,
    nombre character varying(50) NOT NULL,
    codigo character varying(4) NOT NULL
);


ALTER TABLE public.central_sexo OWNER TO postgres;

--
-- Name: central_sexo_id_seq; Type: SEQUENCE; Schema: public; Owner: postgres
--

ALTER TABLE public.central_sexo ALTER COLUMN id ADD GENERATED BY DEFAULT AS IDENTITY (
    SEQUENCE NAME public.central_sexo_id_seq
    START WITH 1
    INCREMENT BY 1
    NO MINVALUE
    NO MAXVALUE
    CACHE 1
);


--
-- Name: central_tipodeubicacion; Type: TABLE; Schema: public; Owner: postgres
--

CREATE TABLE public.central_tipodeubicacion (
    id bigint NOT NULL,
    nombre character varying(50) NOT NULL,
    codigo character varying(4)
);


ALTER TABLE public.central_tipodeubicacion OWNER TO postgres;

--
-- Name: central_tipodeubicacion_id_seq; Type: SEQUENCE; Schema: public; Owner: postgres
--

ALTER TABLE public.central_tipodeubicacion ALTER COLUMN id ADD GENERATED BY DEFAULT AS IDENTITY (
    SEQUENCE NAME public.central_tipodeubicacion_id_seq
    START WITH 1
    INCREMENT BY 1
    NO MINVALUE
    NO MAXVALUE
    CACHE 1
);


--
-- Name: central_tipoinstitucion; Type: TABLE; Schema: public; Owner: postgres
--

CREATE TABLE public.central_tipoinstitucion (
    id bigint NOT NULL,
    nombre character varying(50) NOT NULL,
    porcentaje_maximo_descontar_planilla numeric(7,4) NOT NULL
);


ALTER TABLE public.central_tipoinstitucion OWNER TO postgres;

--
-- Name: central_tipoinstitucion_id_seq; Type: SEQUENCE; Schema: public; Owner: postgres
--

ALTER TABLE public.central_tipoinstitucion ALTER COLUMN id ADD GENERATED BY DEFAULT AS IDENTITY (
    SEQUENCE NAME public.central_tipoinstitucion_id_seq
    START WITH 1
    INCREMENT BY 1
    NO MINVALUE
    NO MAXVALUE
    CACHE 1
);


--
-- Name: central_user; Type: TABLE; Schema: public; Owner: postgres
--

CREATE TABLE public.central_user (
    id integer NOT NULL,
    password character varying(128) NOT NULL,
    last_login timestamp with time zone,
    is_superuser boolean NOT NULL,
    username character varying(150) NOT NULL,
    first_name character varying(150) NOT NULL,
    last_name character varying(150) NOT NULL,
    email character varying(254) NOT NULL,
    is_staff boolean NOT NULL,
    is_active boolean NOT NULL,
    date_joined timestamp with time zone NOT NULL,
    id_datos_personales_id bigint
);


ALTER TABLE public.central_user OWNER TO postgres;

--
-- Name: central_user_groups; Type: TABLE; Schema: public; Owner: postgres
--

CREATE TABLE public.central_user_groups (
    id bigint NOT NULL,
    user_id integer NOT NULL,
    group_id integer NOT NULL
);


ALTER TABLE public.central_user_groups OWNER TO postgres;

--
-- Name: central_user_groups_id_seq; Type: SEQUENCE; Schema: public; Owner: postgres
--

ALTER TABLE public.central_user_groups ALTER COLUMN id ADD GENERATED BY DEFAULT AS IDENTITY (
    SEQUENCE NAME public.central_user_groups_id_seq
    START WITH 1
    INCREMENT BY 1
    NO MINVALUE
    NO MAXVALUE
    CACHE 1
);


--
-- Name: central_user_id_seq; Type: SEQUENCE; Schema: public; Owner: postgres
--

ALTER TABLE public.central_user ALTER COLUMN id ADD GENERATED BY DEFAULT AS IDENTITY (
    SEQUENCE NAME public.central_user_id_seq
    START WITH 1
    INCREMENT BY 1
    NO MINVALUE
    NO MAXVALUE
    CACHE 1
);


--
-- Name: central_user_user_permissions; Type: TABLE; Schema: public; Owner: postgres
--

CREATE TABLE public.central_user_user_permissions (
    id bigint NOT NULL,
    user_id integer NOT NULL,
    permission_id integer NOT NULL
);


ALTER TABLE public.central_user_user_permissions OWNER TO postgres;

--
-- Name: central_user_user_permissions_id_seq; Type: SEQUENCE; Schema: public; Owner: postgres
--

ALTER TABLE public.central_user_user_permissions ALTER COLUMN id ADD GENERATED BY DEFAULT AS IDENTITY (
    SEQUENCE NAME public.central_user_user_permissions_id_seq
    START WITH 1
    INCREMENT BY 1
    NO MINVALUE
    NO MAXVALUE
    CACHE 1
);


--
-- Name: central_zona; Type: TABLE; Schema: public; Owner: postgres
--

CREATE TABLE public.central_zona (
    id bigint NOT NULL,
    codigo character varying(4) NOT NULL,
    nombre character varying(50) NOT NULL,
    created_at timestamp with time zone NOT NULL,
    updated_at timestamp with time zone NOT NULL
);


ALTER TABLE public.central_zona OWNER TO postgres;

--
-- Name: central_zona_id_seq; Type: SEQUENCE; Schema: public; Owner: postgres
--

ALTER TABLE public.central_zona ALTER COLUMN id ADD GENERATED BY DEFAULT AS IDENTITY (
    SEQUENCE NAME public.central_zona_id_seq
    START WITH 1
    INCREMENT BY 1
    NO MINVALUE
    NO MAXVALUE
    CACHE 1
);


--
-- Name: contratacion_contrato; Type: TABLE; Schema: public; Owner: postgres
--

CREATE TABLE public.contratacion_contrato (
    id bigint NOT NULL,
    codigo character varying(4) NOT NULL,
    nombre character varying(50) NOT NULL,
    nombre_2 character varying(50) NOT NULL,
    apellido character varying(50) NOT NULL,
    apellido_2 character varying(50) NOT NULL,
    codigo_alterno character varying(30) NOT NULL,
    codigo_barra character varying(30) NOT NULL,
    identificacion_1 character varying(30) NOT NULL,
    identificacion_2 character varying(30) NOT NULL,
    identificacion_3 character varying(30) NOT NULL,
    identificacion_4 character varying(30) NOT NULL,
    identificacion_5 character varying(30) NOT NULL,
    monto double precision NOT NULL,
    impuestos double precision NOT NULL,
    descuentos_incluidos double precision NOT NULL,
    monto_me double precision NOT NULL,
    impuestos_me double precision NOT NULL,
    descuentos_incluidos_me double precision NOT NULL,
    fecha timestamp with time zone NOT NULL,
    created_at timestamp with time zone NOT NULL,
    updated_at timestamp with time zone NOT NULL
);


ALTER TABLE public.contratacion_contrato OWNER TO postgres;

--
-- Name: contratacion_contrato_id_seq; Type: SEQUENCE; Schema: public; Owner: postgres
--

ALTER TABLE public.contratacion_contrato ALTER COLUMN id ADD GENERATED BY DEFAULT AS IDENTITY (
    SEQUENCE NAME public.contratacion_contrato_id_seq
    START WITH 1
    INCREMENT BY 1
    NO MINVALUE
    NO MAXVALUE
    CACHE 1
);


--
-- Name: contratacion_cuentabanco; Type: TABLE; Schema: public; Owner: postgres
--

CREATE TABLE public.contratacion_cuentabanco (
    id bigint NOT NULL,
    numero character varying(30) NOT NULL,
    nombre character varying(50) NOT NULL,
    estado boolean NOT NULL,
    created_at timestamp with time zone NOT NULL,
    updated_at timestamp with time zone NOT NULL,
    id_datos_personales_id bigint NOT NULL,
    id_institucion_financiera bigint,
    id_institucion_financiera_id bigint NOT NULL
);


ALTER TABLE public.contratacion_cuentabanco OWNER TO postgres;

--
-- Name: contratacion_cuentabanco_id_seq; Type: SEQUENCE; Schema: public; Owner: postgres
--

ALTER TABLE public.contratacion_cuentabanco ALTER COLUMN id ADD GENERATED BY DEFAULT AS IDENTITY (
    SEQUENCE NAME public.contratacion_cuentabanco_id_seq
    START WITH 1
    INCREMENT BY 1
    NO MINVALUE
    NO MAXVALUE
    CACHE 1
);


--
-- Name: contratacion_datospersonales; Type: TABLE; Schema: public; Owner: postgres
--

CREATE TABLE public.contratacion_datospersonales (
    id bigint NOT NULL,
    nombre_1 character varying(50) NOT NULL,
    nombre_2 character varying(50),
    nombre_3 character varying(50),
    apellido_1 character varying(50) NOT NULL,
    apellido_2 character varying(50),
    apellido_3 character varying(50),
    dui character varying(10),
    nit character varying(18),
    correo1 character varying(40),
    correo2 character varying(40),
    correo3 character varying(40),
    celular character varying(25),
    celular2 character varying(25),
    n_hijos integer,
    apellido_casada character varying(30),
    fecha_nacimiento date,
    nup character varying(14),
    isss character varying(15),
    ipsfa character varying(15),
    pasaporte character varying(20),
    otro_documento character varying(20),
    observaciones character varying(200),
    url_foto character varying(255),
    estatura numeric(5,2),
    tipo_sangre character varying(4),
    id_pais_nacimiento_id bigint,
    id_sexo_id bigint NOT NULL,
    id_ocupacion_id bigint,
    fecha_inicio_labores date,
    id_estado_civil_id bigint,
    dpi character varying(15),
    id_profesion_dui_id bigint,
    id_profesion_id bigint,
    cod_empresa character varying(10),
    codigo_empleado character varying(10),
    CONSTRAINT contratacion_datospersonales_n_hijos_check CHECK ((n_hijos >= 0))
);


ALTER TABLE public.contratacion_datospersonales OWNER TO postgres;

--
-- Name: contratacion_datospersonales_id_seq; Type: SEQUENCE; Schema: public; Owner: postgres
--

ALTER TABLE public.contratacion_datospersonales ALTER COLUMN id ADD GENERATED BY DEFAULT AS IDENTITY (
    SEQUENCE NAME public.contratacion_datospersonales_id_seq
    START WITH 1
    INCREMENT BY 1
    NO MINVALUE
    NO MAXVALUE
    CACHE 1
);


--
-- Name: contratacion_dependiente; Type: TABLE; Schema: public; Owner: postgres
--

CREATE TABLE public.contratacion_dependiente (
    id bigint NOT NULL,
    nombre character varying(255) NOT NULL,
    fecha_nacimiento date,
    dui character varying(10),
    nit character varying(17),
    otro_documento character varying(24),
    telefono character varying(25),
    direccion character varying(255),
    correo character varying(255),
    contacto_emergencia boolean NOT NULL,
    id_datos_personales_id bigint NOT NULL,
    id_tipo_dependiente_id bigint NOT NULL
);


ALTER TABLE public.contratacion_dependiente OWNER TO postgres;

--
-- Name: contratacion_dependiente_id_seq; Type: SEQUENCE; Schema: public; Owner: postgres
--

ALTER TABLE public.contratacion_dependiente ALTER COLUMN id ADD GENERATED BY DEFAULT AS IDENTITY (
    SEQUENCE NAME public.contratacion_dependiente_id_seq
    START WITH 1
    INCREMENT BY 1
    NO MINVALUE
    NO MAXVALUE
    CACHE 1
);


--
-- Name: contratacion_estadocivil; Type: TABLE; Schema: public; Owner: postgres
--

CREATE TABLE public.contratacion_estadocivil (
    id bigint NOT NULL,
    nombre character varying(50) NOT NULL,
    created_at timestamp with time zone NOT NULL,
    updated_at timestamp with time zone NOT NULL
);


ALTER TABLE public.contratacion_estadocivil OWNER TO postgres;

--
-- Name: contratacion_estadocivil_id_seq; Type: SEQUENCE; Schema: public; Owner: postgres
--

ALTER TABLE public.contratacion_estadocivil ALTER COLUMN id ADD GENERATED BY DEFAULT AS IDENTITY (
    SEQUENCE NAME public.contratacion_estadocivil_id_seq
    START WITH 1
    INCREMENT BY 1
    NO MINVALUE
    NO MAXVALUE
    CACHE 1
);


--
-- Name: contratacion_estudiopersona; Type: TABLE; Schema: public; Owner: postgres
--

CREATE TABLE public.contratacion_estudiopersona (
    id bigint NOT NULL,
    estado integer,
    fechainicio date,
    fechafin date,
    institucion character varying(50) NOT NULL,
    titulo character varying(50) NOT NULL,
    referencia character varying(300),
    observaciones character varying(255),
    duracion character varying(50),
    created_at timestamp with time zone NOT NULL,
    updated_at timestamp with time zone NOT NULL,
    id_datos_personales_id bigint NOT NULL,
    estudio_id bigint NOT NULL,
    pagado_empresa boolean NOT NULL
);


ALTER TABLE public.contratacion_estudiopersona OWNER TO postgres;

--
-- Name: contratacion_estudiopersona_id_seq; Type: SEQUENCE; Schema: public; Owner: postgres
--

ALTER TABLE public.contratacion_estudiopersona ALTER COLUMN id ADD GENERATED BY DEFAULT AS IDENTITY (
    SEQUENCE NAME public.contratacion_estudiopersona_id_seq
    START WITH 1
    INCREMENT BY 1
    NO MINVALUE
    NO MAXVALUE
    CACHE 1
);


--
-- Name: contratacion_estudios; Type: TABLE; Schema: public; Owner: postgres
--

CREATE TABLE public.contratacion_estudios (
    id bigint NOT NULL,
    nombre character varying(50) NOT NULL,
    codigo character varying(4),
    created_at timestamp with time zone NOT NULL,
    updated_at timestamp with time zone NOT NULL,
    id_nivel_estudio_id bigint NOT NULL
);


ALTER TABLE public.contratacion_estudios OWNER TO postgres;

--
-- Name: contratacion_estudios_id_seq; Type: SEQUENCE; Schema: public; Owner: postgres
--

ALTER TABLE public.contratacion_estudios ALTER COLUMN id ADD GENERATED BY DEFAULT AS IDENTITY (
    SEQUENCE NAME public.contratacion_estudios_id_seq
    START WITH 1
    INCREMENT BY 1
    NO MINVALUE
    NO MAXVALUE
    CACHE 1
);


--
-- Name: contratacion_incrementosretencionesrangos; Type: TABLE; Schema: public; Owner: postgres
--

CREATE TABLE public.contratacion_incrementosretencionesrangos (
    id bigint NOT NULL,
    tramo character varying(3) NOT NULL,
    salario_nominal_a numeric(10,2) NOT NULL,
    sobre_exceso_de numeric(10,2) NOT NULL,
    salario_nominal_b numeric(10,2) NOT NULL,
    porcentaje numeric(6,4) NOT NULL,
    cuota_fija numeric(10,2) NOT NULL,
    estado boolean NOT NULL,
    created_at timestamp with time zone NOT NULL,
    updated_at timestamp with time zone NOT NULL,
    aplica_isss boolean NOT NULL,
    aplica_afp boolean NOT NULL,
    aplica_renta boolean NOT NULL,
    id_tipo_periodo_id bigint NOT NULL,
    id_tipo_incremento_retencion_id bigint NOT NULL,
    porcentaje_patrono numeric(6,4)
);


ALTER TABLE public.contratacion_incrementosretencionesrangos OWNER TO postgres;

--
-- Name: contratacion_incrementosretencionesrangos_id_seq; Type: SEQUENCE; Schema: public; Owner: postgres
--

ALTER TABLE public.contratacion_incrementosretencionesrangos ALTER COLUMN id ADD GENERATED BY DEFAULT AS IDENTITY (
    SEQUENCE NAME public.contratacion_incrementosretencionesrangos_id_seq
    START WITH 1
    INCREMENT BY 1
    NO MINVALUE
    NO MAXVALUE
    CACHE 1
);


--
-- Name: contratacion_movimientodecremento; Type: TABLE; Schema: public; Owner: postgres
--

CREATE TABLE public.contratacion_movimientodecremento (
    id bigint NOT NULL,
    monto_fijo numeric(10,2),
    techo_laboral numeric(10,2),
    porcentaje_empleado numeric(7,4),
    porcentaje_patrono numeric(7,4),
    estado boolean NOT NULL,
    descripcion text NOT NULL,
    titulo text,
    created_at timestamp with time zone NOT NULL,
    updated_at timestamp with time zone NOT NULL,
    id_tipo_retencion_id bigint NOT NULL,
    id_user_id integer,
    aplica_siempre boolean NOT NULL,
    aplica_todos boolean NOT NULL
);


ALTER TABLE public.contratacion_movimientodecremento OWNER TO postgres;

--
-- Name: contratacion_movimientodecremento_id_seq; Type: SEQUENCE; Schema: public; Owner: postgres
--

ALTER TABLE public.contratacion_movimientodecremento ALTER COLUMN id ADD GENERATED BY DEFAULT AS IDENTITY (
    SEQUENCE NAME public.contratacion_movimientodecremento_id_seq
    START WITH 1
    INCREMENT BY 1
    NO MINVALUE
    NO MAXVALUE
    CACHE 1
);


--
-- Name: contratacion_movimientoincremento; Type: TABLE; Schema: public; Owner: postgres
--

CREATE TABLE public.contratacion_movimientoincremento (
    id bigint NOT NULL,
    monto_fijo numeric(10,2),
    porcentaje_empleado numeric(7,4),
    estado boolean NOT NULL,
    aplica_isss boolean NOT NULL,
    aplica_afp boolean NOT NULL,
    aplica_renta boolean NOT NULL,
    aplica_insaforp boolean NOT NULL,
    descripcion text NOT NULL,
    titulo text,
    created_at timestamp with time zone NOT NULL,
    updated_at timestamp with time zone NOT NULL,
    id_tipo_incremento_id bigint NOT NULL,
    id_user_id integer,
    aplica_siempre boolean,
    aplica_todos boolean
);


ALTER TABLE public.contratacion_movimientoincremento OWNER TO postgres;

--
-- Name: contratacion_movimientoincremento_id_seq; Type: SEQUENCE; Schema: public; Owner: postgres
--

ALTER TABLE public.contratacion_movimientoincremento ALTER COLUMN id ADD GENERATED BY DEFAULT AS IDENTITY (
    SEQUENCE NAME public.contratacion_movimientoincremento_id_seq
    START WITH 1
    INCREMENT BY 1
    NO MINVALUE
    NO MAXVALUE
    CACHE 1
);


--
-- Name: contratacion_nivelempleado; Type: TABLE; Schema: public; Owner: postgres
--

CREATE TABLE public.contratacion_nivelempleado (
    id bigint NOT NULL,
    nombre character varying(50) NOT NULL,
    description text
);


ALTER TABLE public.contratacion_nivelempleado OWNER TO postgres;

--
-- Name: contratacion_nivelempleado_id_seq; Type: SEQUENCE; Schema: public; Owner: postgres
--

ALTER TABLE public.contratacion_nivelempleado ALTER COLUMN id ADD GENERATED BY DEFAULT AS IDENTITY (
    SEQUENCE NAME public.contratacion_nivelempleado_id_seq
    START WITH 1
    INCREMENT BY 1
    NO MINVALUE
    NO MAXVALUE
    CACHE 1
);


--
-- Name: contratacion_nivelestudio; Type: TABLE; Schema: public; Owner: postgres
--

CREATE TABLE public.contratacion_nivelestudio (
    id bigint NOT NULL,
    nombre character varying(20) NOT NULL,
    codigo character varying(4),
    created_at timestamp with time zone NOT NULL,
    updated_at timestamp with time zone NOT NULL
);


ALTER TABLE public.contratacion_nivelestudio OWNER TO postgres;

--
-- Name: contratacion_nivelestudio_id_seq; Type: SEQUENCE; Schema: public; Owner: postgres
--

ALTER TABLE public.contratacion_nivelestudio ALTER COLUMN id ADD GENERATED BY DEFAULT AS IDENTITY (
    SEQUENCE NAME public.contratacion_nivelestudio_id_seq
    START WITH 1
    INCREMENT BY 1
    NO MINVALUE
    NO MAXVALUE
    CACHE 1
);


--
-- Name: contratacion_ocupacion; Type: TABLE; Schema: public; Owner: postgres
--

CREATE TABLE public.contratacion_ocupacion (
    id bigint NOT NULL,
    nombre character varying(50) NOT NULL,
    codigo character varying(4),
    created_at timestamp with time zone NOT NULL,
    updated_at timestamp with time zone NOT NULL
);


ALTER TABLE public.contratacion_ocupacion OWNER TO postgres;

--
-- Name: contratacion_ocupacion_id_seq; Type: SEQUENCE; Schema: public; Owner: postgres
--

ALTER TABLE public.contratacion_ocupacion ALTER COLUMN id ADD GENERATED BY DEFAULT AS IDENTITY (
    SEQUENCE NAME public.contratacion_ocupacion_id_seq
    START WITH 1
    INCREMENT BY 1
    NO MINVALUE
    NO MAXVALUE
    CACHE 1
);


--
-- Name: contratacion_paramcotizacion; Type: TABLE; Schema: public; Owner: postgres
--

CREATE TABLE public.contratacion_paramcotizacion (
    id integer NOT NULL,
    cotizacion_trabajador numeric(10,2) NOT NULL,
    cotizacion_empleador numeric(10,2) NOT NULL,
    institucion character varying(255) NOT NULL,
    estado boolean NOT NULL,
    tope numeric(6,2) NOT NULL,
    created_at timestamp with time zone NOT NULL,
    updated_at timestamp with time zone NOT NULL
);


ALTER TABLE public.contratacion_paramcotizacion OWNER TO postgres;

--
-- Name: contratacion_paramcotizacion_id_seq; Type: SEQUENCE; Schema: public; Owner: postgres
--

ALTER TABLE public.contratacion_paramcotizacion ALTER COLUMN id ADD GENERATED BY DEFAULT AS IDENTITY (
    SEQUENCE NAME public.contratacion_paramcotizacion_id_seq
    START WITH 1
    INCREMENT BY 1
    NO MINVALUE
    NO MAXVALUE
    CACHE 1
);


--
-- Name: contratacion_personaalergia; Type: TABLE; Schema: public; Owner: postgres
--

CREATE TABLE public.contratacion_personaalergia (
    id bigint NOT NULL,
    id_datos_personales_id bigint NOT NULL,
    id_tipo_de_alergia_id bigint NOT NULL
);


ALTER TABLE public.contratacion_personaalergia OWNER TO postgres;

--
-- Name: contratacion_personaalergia_id_seq; Type: SEQUENCE; Schema: public; Owner: postgres
--

ALTER TABLE public.contratacion_personaalergia ALTER COLUMN id ADD GENERATED BY DEFAULT AS IDENTITY (
    SEQUENCE NAME public.contratacion_personaalergia_id_seq
    START WITH 1
    INCREMENT BY 1
    NO MINVALUE
    NO MAXVALUE
    CACHE 1
);


--
-- Name: contratacion_personadiscapacidad; Type: TABLE; Schema: public; Owner: postgres
--

CREATE TABLE public.contratacion_personadiscapacidad (
    id bigint NOT NULL,
    id_datos_personales_id bigint NOT NULL,
    id_tipo_de_discapacidad_id bigint NOT NULL
);


ALTER TABLE public.contratacion_personadiscapacidad OWNER TO postgres;

--
-- Name: contratacion_personadiscapacidad_id_seq; Type: SEQUENCE; Schema: public; Owner: postgres
--

ALTER TABLE public.contratacion_personadiscapacidad ALTER COLUMN id ADD GENERATED BY DEFAULT AS IDENTITY (
    SEQUENCE NAME public.contratacion_personadiscapacidad_id_seq
    START WITH 1
    INCREMENT BY 1
    NO MINVALUE
    NO MAXVALUE
    CACHE 1
);


--
-- Name: contratacion_personanombrespordocumento; Type: TABLE; Schema: public; Owner: postgres
--

CREATE TABLE public.contratacion_personanombrespordocumento (
    id bigint NOT NULL,
    primer_nombre character varying(50) NOT NULL,
    segundo_nombre character varying(50),
    tercer_nombre character varying(50),
    primer_apellido character varying(50) NOT NULL,
    segundo_apellido character varying(50),
    tercer_apellido character varying(50),
    apellido_de_casada character varying(50),
    id_datos_personales_id bigint NOT NULL,
    id_tipo_de_documento_id bigint NOT NULL,
    fecha_de_expedicion date,
    lugar_de_expedicion text,
    numero character varying(50) NOT NULL
);


ALTER TABLE public.contratacion_personanombrespordocumento OWNER TO postgres;

--
-- Name: contratacion_personanombrespordocumento_id_seq; Type: SEQUENCE; Schema: public; Owner: postgres
--

ALTER TABLE public.contratacion_personanombrespordocumento ALTER COLUMN id ADD GENERATED BY DEFAULT AS IDENTITY (
    SEQUENCE NAME public.contratacion_personanombrespordocumento_id_seq
    START WITH 1
    INCREMENT BY 1
    NO MINVALUE
    NO MAXVALUE
    CACHE 1
);


--
-- Name: contratacion_personavacuna; Type: TABLE; Schema: public; Owner: postgres
--

CREATE TABLE public.contratacion_personavacuna (
    id bigint NOT NULL,
    fecha_de_vacunacion date,
    id_datos_personales_id bigint NOT NULL,
    id_tipo_de_vacuna_id bigint NOT NULL
);


ALTER TABLE public.contratacion_personavacuna OWNER TO postgres;

--
-- Name: contratacion_personavacuna_id_seq; Type: SEQUENCE; Schema: public; Owner: postgres
--

ALTER TABLE public.contratacion_personavacuna ALTER COLUMN id ADD GENERATED BY DEFAULT AS IDENTITY (
    SEQUENCE NAME public.contratacion_personavacuna_id_seq
    START WITH 1
    INCREMENT BY 1
    NO MINVALUE
    NO MAXVALUE
    CACHE 1
);


--
-- Name: contratacion_planillaestado; Type: TABLE; Schema: public; Owner: postgres
--

CREATE TABLE public.contratacion_planillaestado (
    id bigint NOT NULL,
    nombre character varying(20) NOT NULL
);


ALTER TABLE public.contratacion_planillaestado OWNER TO postgres;

--
-- Name: contratacion_planillaestado_id_seq; Type: SEQUENCE; Schema: public; Owner: postgres
--

ALTER TABLE public.contratacion_planillaestado ALTER COLUMN id ADD GENERATED BY DEFAULT AS IDENTITY (
    SEQUENCE NAME public.contratacion_planillaestado_id_seq
    START WITH 1
    INCREMENT BY 1
    NO MINVALUE
    NO MAXVALUE
    CACHE 1
);


--
-- Name: contratacion_planillatipo; Type: TABLE; Schema: public; Owner: postgres
--

CREATE TABLE public.contratacion_planillatipo (
    id bigint NOT NULL,
    nombre character varying(20) NOT NULL
);


ALTER TABLE public.contratacion_planillatipo OWNER TO postgres;

--
-- Name: contratacion_planillatipo_id_seq; Type: SEQUENCE; Schema: public; Owner: postgres
--

ALTER TABLE public.contratacion_planillatipo ALTER COLUMN id ADD GENERATED BY DEFAULT AS IDENTITY (
    SEQUENCE NAME public.contratacion_planillatipo_id_seq
    START WITH 1
    INCREMENT BY 1
    NO MINVALUE
    NO MAXVALUE
    CACHE 1
);


--
-- Name: contratacion_prestamosregistropagos; Type: TABLE; Schema: public; Owner: postgres
--

CREATE TABLE public.contratacion_prestamosregistropagos (
    id bigint NOT NULL,
    monto numeric(10,2) NOT NULL,
    created_at timestamp with time zone NOT NULL,
    updated_at timestamp with time zone NOT NULL,
    id_datos_personales_id bigint
);


ALTER TABLE public.contratacion_prestamosregistropagos OWNER TO postgres;

--
-- Name: contratacion_prestamosregistropagos_id_seq; Type: SEQUENCE; Schema: public; Owner: postgres
--

ALTER TABLE public.contratacion_prestamosregistropagos ALTER COLUMN id ADD GENERATED BY DEFAULT AS IDENTITY (
    SEQUENCE NAME public.contratacion_prestamosregistropagos_id_seq
    START WITH 1
    INCREMENT BY 1
    NO MINVALUE
    NO MAXVALUE
    CACHE 1
);


--
-- Name: contratacion_profesion; Type: TABLE; Schema: public; Owner: postgres
--

CREATE TABLE public.contratacion_profesion (
    id bigint NOT NULL,
    nombre character varying(50) NOT NULL,
    created_at timestamp with time zone NOT NULL,
    updated_at timestamp with time zone NOT NULL
);


ALTER TABLE public.contratacion_profesion OWNER TO postgres;

--
-- Name: contratacion_profesion_id_seq; Type: SEQUENCE; Schema: public; Owner: postgres
--

ALTER TABLE public.contratacion_profesion ALTER COLUMN id ADD GENERATED BY DEFAULT AS IDENTITY (
    SEQUENCE NAME public.contratacion_profesion_id_seq
    START WITH 1
    INCREMENT BY 1
    NO MINVALUE
    NO MAXVALUE
    CACHE 1
);


--
-- Name: contratacion_profesiondui; Type: TABLE; Schema: public; Owner: postgres
--

CREATE TABLE public.contratacion_profesiondui (
    id bigint NOT NULL,
    nombre character varying(50) NOT NULL,
    codigo character varying(4) NOT NULL
);


ALTER TABLE public.contratacion_profesiondui OWNER TO postgres;

--
-- Name: contratacion_profesiondui_id_seq; Type: SEQUENCE; Schema: public; Owner: postgres
--

ALTER TABLE public.contratacion_profesiondui ALTER COLUMN id ADD GENERATED BY DEFAULT AS IDENTITY (
    SEQUENCE NAME public.contratacion_profesiondui_id_seq
    START WITH 1
    INCREMENT BY 1
    NO MINVALUE
    NO MAXVALUE
    CACHE 1
);


--
-- Name: contratacion_project; Type: TABLE; Schema: public; Owner: postgres
--

CREATE TABLE public.contratacion_project (
    id bigint NOT NULL,
    name character varying(200) NOT NULL,
    "montoAproximado" integer,
    implicados integer,
    tipo integer,
    CONSTRAINT contratacion_project_implicados_check CHECK ((implicados >= 0)),
    CONSTRAINT "contratacion_project_montoAproximado_check" CHECK (("montoAproximado" >= 0)),
    CONSTRAINT contratacion_project_tipo_check CHECK ((tipo >= 0))
);


ALTER TABLE public.contratacion_project OWNER TO postgres;

--
-- Name: contratacion_project_id_seq; Type: SEQUENCE; Schema: public; Owner: postgres
--

ALTER TABLE public.contratacion_project ALTER COLUMN id ADD GENERATED BY DEFAULT AS IDENTITY (
    SEQUENCE NAME public.contratacion_project_id_seq
    START WITH 1
    INCREMENT BY 1
    NO MINVALUE
    NO MAXVALUE
    CACHE 1
);


--
-- Name: contratacion_registropagos; Type: TABLE; Schema: public; Owner: postgres
--

CREATE TABLE public.contratacion_registropagos (
    id bigint NOT NULL,
    monto_abonado double precision NOT NULL,
    monto_cuota double precision,
    created_at timestamp with time zone NOT NULL,
    updated_at timestamp with time zone NOT NULL,
    id_cliente integer,
    CONSTRAINT contratacion_registropagos_id_cliente_check CHECK ((id_cliente >= 0))
);


ALTER TABLE public.contratacion_registropagos OWNER TO postgres;

--
-- Name: contratacion_registropagos_id_seq; Type: SEQUENCE; Schema: public; Owner: postgres
--

ALTER TABLE public.contratacion_registropagos ALTER COLUMN id ADD GENERATED BY DEFAULT AS IDENTITY (
    SEQUENCE NAME public.contratacion_registropagos_id_seq
    START WITH 1
    INCREMENT BY 1
    NO MINVALUE
    NO MAXVALUE
    CACHE 1
);


--
-- Name: contratacion_tareas; Type: TABLE; Schema: public; Owner: postgres
--

CREATE TABLE public.contratacion_tareas (
    id bigint NOT NULL,
    title character varying(200) NOT NULL,
    description text NOT NULL,
    estado integer,
    project_id bigint NOT NULL,
    CONSTRAINT contratacion_tareas_estado_check CHECK ((estado >= 0))
);


ALTER TABLE public.contratacion_tareas OWNER TO postgres;

--
-- Name: contratacion_tareas_id_seq; Type: SEQUENCE; Schema: public; Owner: postgres
--

ALTER TABLE public.contratacion_tareas ALTER COLUMN id ADD GENERATED BY DEFAULT AS IDENTITY (
    SEQUENCE NAME public.contratacion_tareas_id_seq
    START WITH 1
    INCREMENT BY 1
    NO MINVALUE
    NO MAXVALUE
    CACHE 1
);


--
-- Name: contratacion_tipoaccionpersonal; Type: TABLE; Schema: public; Owner: postgres
--

CREATE TABLE public.contratacion_tipoaccionpersonal (
    id bigint NOT NULL,
    nombre character varying(50) NOT NULL
);


ALTER TABLE public.contratacion_tipoaccionpersonal OWNER TO postgres;

--
-- Name: contratacion_tipoaccionpersonal_id_seq; Type: SEQUENCE; Schema: public; Owner: postgres
--

ALTER TABLE public.contratacion_tipoaccionpersonal ALTER COLUMN id ADD GENERATED BY DEFAULT AS IDENTITY (
    SEQUENCE NAME public.contratacion_tipoaccionpersonal_id_seq
    START WITH 1
    INCREMENT BY 1
    NO MINVALUE
    NO MAXVALUE
    CACHE 1
);


--
-- Name: contratacion_tipocontrato; Type: TABLE; Schema: public; Owner: postgres
--

CREATE TABLE public.contratacion_tipocontrato (
    id bigint NOT NULL,
    nombre character varying(50) NOT NULL,
    codigo character varying(4),
    estado integer,
    descripcion text,
    created_at timestamp with time zone NOT NULL,
    updated_at timestamp with time zone NOT NULL,
    CONSTRAINT contratacion_tipocontrato_estado_check CHECK ((estado >= 0))
);


ALTER TABLE public.contratacion_tipocontrato OWNER TO postgres;

--
-- Name: contratacion_tipocontrato_id_seq; Type: SEQUENCE; Schema: public; Owner: postgres
--

ALTER TABLE public.contratacion_tipocontrato ALTER COLUMN id ADD GENERATED BY DEFAULT AS IDENTITY (
    SEQUENCE NAME public.contratacion_tipocontrato_id_seq
    START WITH 1
    INCREMENT BY 1
    NO MINVALUE
    NO MAXVALUE
    CACHE 1
);


--
-- Name: contratacion_tipodealergia; Type: TABLE; Schema: public; Owner: postgres
--

CREATE TABLE public.contratacion_tipodealergia (
    id bigint NOT NULL,
    nombre character varying(50) NOT NULL
);


ALTER TABLE public.contratacion_tipodealergia OWNER TO postgres;

--
-- Name: contratacion_tipodealergia_id_seq; Type: SEQUENCE; Schema: public; Owner: postgres
--

ALTER TABLE public.contratacion_tipodealergia ALTER COLUMN id ADD GENERATED BY DEFAULT AS IDENTITY (
    SEQUENCE NAME public.contratacion_tipodealergia_id_seq
    START WITH 1
    INCREMENT BY 1
    NO MINVALUE
    NO MAXVALUE
    CACHE 1
);


--
-- Name: contratacion_tipodediscapacidad; Type: TABLE; Schema: public; Owner: postgres
--

CREATE TABLE public.contratacion_tipodediscapacidad (
    id bigint NOT NULL,
    nombre character varying(50) NOT NULL
);


ALTER TABLE public.contratacion_tipodediscapacidad OWNER TO postgres;

--
-- Name: contratacion_tipodediscapacidad_id_seq; Type: SEQUENCE; Schema: public; Owner: postgres
--

ALTER TABLE public.contratacion_tipodediscapacidad ALTER COLUMN id ADD GENERATED BY DEFAULT AS IDENTITY (
    SEQUENCE NAME public.contratacion_tipodediscapacidad_id_seq
    START WITH 1
    INCREMENT BY 1
    NO MINVALUE
    NO MAXVALUE
    CACHE 1
);


--
-- Name: contratacion_tipodedocumento; Type: TABLE; Schema: public; Owner: postgres
--

CREATE TABLE public.contratacion_tipodedocumento (
    id bigint NOT NULL,
    nombre character varying(50) NOT NULL,
    nombre_legal character varying(100)
);


ALTER TABLE public.contratacion_tipodedocumento OWNER TO postgres;

--
-- Name: contratacion_tipodedocumento_id_seq; Type: SEQUENCE; Schema: public; Owner: postgres
--

ALTER TABLE public.contratacion_tipodedocumento ALTER COLUMN id ADD GENERATED BY DEFAULT AS IDENTITY (
    SEQUENCE NAME public.contratacion_tipodedocumento_id_seq
    START WITH 1
    INCREMENT BY 1
    NO MINVALUE
    NO MAXVALUE
    CACHE 1
);


--
-- Name: contratacion_tipodependiente; Type: TABLE; Schema: public; Owner: postgres
--

CREATE TABLE public.contratacion_tipodependiente (
    id bigint NOT NULL,
    nombre character varying(50) NOT NULL,
    codigo character varying(4),
    created_at timestamp with time zone NOT NULL,
    updated_at timestamp with time zone NOT NULL
);


ALTER TABLE public.contratacion_tipodependiente OWNER TO postgres;

--
-- Name: contratacion_tipodependiente_id_seq; Type: SEQUENCE; Schema: public; Owner: postgres
--

ALTER TABLE public.contratacion_tipodependiente ALTER COLUMN id ADD GENERATED BY DEFAULT AS IDENTITY (
    SEQUENCE NAME public.contratacion_tipodependiente_id_seq
    START WITH 1
    INCREMENT BY 1
    NO MINVALUE
    NO MAXVALUE
    CACHE 1
);


--
-- Name: contratacion_tipodevacuna; Type: TABLE; Schema: public; Owner: postgres
--

CREATE TABLE public.contratacion_tipodevacuna (
    id bigint NOT NULL,
    nombre character varying(50) NOT NULL
);


ALTER TABLE public.contratacion_tipodevacuna OWNER TO postgres;

--
-- Name: contratacion_tipodevacuna_id_seq; Type: SEQUENCE; Schema: public; Owner: postgres
--

ALTER TABLE public.contratacion_tipodevacuna ALTER COLUMN id ADD GENERATED BY DEFAULT AS IDENTITY (
    SEQUENCE NAME public.contratacion_tipodevacuna_id_seq
    START WITH 1
    INCREMENT BY 1
    NO MINVALUE
    NO MAXVALUE
    CACHE 1
);


--
-- Name: contratacion_tipohora; Type: TABLE; Schema: public; Owner: postgres
--

CREATE TABLE public.contratacion_tipohora (
    id bigint NOT NULL,
    nombre character varying(50) NOT NULL,
    codigo character varying(4),
    descripcion text,
    created_at timestamp with time zone NOT NULL,
    updated_at timestamp with time zone NOT NULL
);


ALTER TABLE public.contratacion_tipohora OWNER TO postgres;

--
-- Name: contratacion_tipohora_id_seq; Type: SEQUENCE; Schema: public; Owner: postgres
--

ALTER TABLE public.contratacion_tipohora ALTER COLUMN id ADD GENERATED BY DEFAULT AS IDENTITY (
    SEQUENCE NAME public.contratacion_tipohora_id_seq
    START WITH 1
    INCREMENT BY 1
    NO MINVALUE
    NO MAXVALUE
    CACHE 1
);


--
-- Name: contratacion_tipoincrementoretencion; Type: TABLE; Schema: public; Owner: postgres
--

CREATE TABLE public.contratacion_tipoincrementoretencion (
    id bigint NOT NULL,
    nombre character varying(50) NOT NULL,
    suma_o_resta boolean NOT NULL,
    tipo smallint NOT NULL,
    data_extra jsonb,
    descripcion character varying(400) NOT NULL,
    CONSTRAINT contratacion_tipoincrementoretencion_tipo_check CHECK ((tipo >= 0))
);


ALTER TABLE public.contratacion_tipoincrementoretencion OWNER TO postgres;

--
-- Name: contratacion_tipoincrementoretencion_id_seq; Type: SEQUENCE; Schema: public; Owner: postgres
--

ALTER TABLE public.contratacion_tipoincrementoretencion ALTER COLUMN id ADD GENERATED BY DEFAULT AS IDENTITY (
    SEQUENCE NAME public.contratacion_tipoincrementoretencion_id_seq
    START WITH 1
    INCREMENT BY 1
    NO MINVALUE
    NO MAXVALUE
    CACHE 1
);


--
-- Name: contratacion_tipoperiodo; Type: TABLE; Schema: public; Owner: postgres
--

CREATE TABLE public.contratacion_tipoperiodo (
    id bigint NOT NULL,
    nombre character varying(50) NOT NULL
);


ALTER TABLE public.contratacion_tipoperiodo OWNER TO postgres;

--
-- Name: contratacion_tipoperiodo_id_seq; Type: SEQUENCE; Schema: public; Owner: postgres
--

ALTER TABLE public.contratacion_tipoperiodo ALTER COLUMN id ADD GENERATED BY DEFAULT AS IDENTITY (
    SEQUENCE NAME public.contratacion_tipoperiodo_id_seq
    START WITH 1
    INCREMENT BY 1
    NO MINVALUE
    NO MAXVALUE
    CACHE 1
);


--
-- Name: contratacion_tiposalario; Type: TABLE; Schema: public; Owner: postgres
--

CREATE TABLE public.contratacion_tiposalario (
    id bigint NOT NULL,
    nombre character varying(50) NOT NULL,
    codigo character varying(4) NOT NULL,
    descripcion text,
    created_at timestamp with time zone NOT NULL,
    updated_at timestamp with time zone NOT NULL
);


ALTER TABLE public.contratacion_tiposalario OWNER TO postgres;

--
-- Name: contratacion_tiposalario_id_seq; Type: SEQUENCE; Schema: public; Owner: postgres
--

ALTER TABLE public.contratacion_tiposalario ALTER COLUMN id ADD GENERATED BY DEFAULT AS IDENTITY (
    SEQUENCE NAME public.contratacion_tiposalario_id_seq
    START WITH 1
    INCREMENT BY 1
    NO MINVALUE
    NO MAXVALUE
    CACHE 1
);


--
-- Name: django_admin_log; Type: TABLE; Schema: public; Owner: postgres
--

CREATE TABLE public.django_admin_log (
    id integer NOT NULL,
    action_time timestamp with time zone NOT NULL,
    object_id text,
    object_repr character varying(200) NOT NULL,
    action_flag smallint NOT NULL,
    change_message text NOT NULL,
    content_type_id integer,
    user_id integer NOT NULL,
    CONSTRAINT django_admin_log_action_flag_check CHECK ((action_flag >= 0))
);


ALTER TABLE public.django_admin_log OWNER TO postgres;

--
-- Name: django_admin_log_id_seq; Type: SEQUENCE; Schema: public; Owner: postgres
--

ALTER TABLE public.django_admin_log ALTER COLUMN id ADD GENERATED BY DEFAULT AS IDENTITY (
    SEQUENCE NAME public.django_admin_log_id_seq
    START WITH 1
    INCREMENT BY 1
    NO MINVALUE
    NO MAXVALUE
    CACHE 1
);


--
-- Name: django_content_type; Type: TABLE; Schema: public; Owner: postgres
--

CREATE TABLE public.django_content_type (
    id integer NOT NULL,
    app_label character varying(100) NOT NULL,
    model character varying(100) NOT NULL
);


ALTER TABLE public.django_content_type OWNER TO postgres;

--
-- Name: django_content_type_id_seq; Type: SEQUENCE; Schema: public; Owner: postgres
--

ALTER TABLE public.django_content_type ALTER COLUMN id ADD GENERATED BY DEFAULT AS IDENTITY (
    SEQUENCE NAME public.django_content_type_id_seq
    START WITH 1
    INCREMENT BY 1
    NO MINVALUE
    NO MAXVALUE
    CACHE 1
);


--
-- Name: django_migrations; Type: TABLE; Schema: public; Owner: postgres
--

CREATE TABLE public.django_migrations (
    id bigint NOT NULL,
    app character varying(255) NOT NULL,
    name character varying(255) NOT NULL,
    applied timestamp with time zone NOT NULL
);


ALTER TABLE public.django_migrations OWNER TO postgres;

--
-- Name: django_migrations_id_seq; Type: SEQUENCE; Schema: public; Owner: postgres
--

ALTER TABLE public.django_migrations ALTER COLUMN id ADD GENERATED BY DEFAULT AS IDENTITY (
    SEQUENCE NAME public.django_migrations_id_seq
    START WITH 1
    INCREMENT BY 1
    NO MINVALUE
    NO MAXVALUE
    CACHE 1
);


--
-- Name: django_session; Type: TABLE; Schema: public; Owner: postgres
--

CREATE TABLE public.django_session (
    session_key character varying(40) NOT NULL,
    session_data text NOT NULL,
    expire_date timestamp with time zone NOT NULL
);


ALTER TABLE public.django_session OWNER TO postgres;

--
-- Name: token_blacklist_blacklistedtoken; Type: TABLE; Schema: public; Owner: postgres
--

CREATE TABLE public.token_blacklist_blacklistedtoken (
    id bigint NOT NULL,
    blacklisted_at timestamp with time zone NOT NULL,
    token_id bigint NOT NULL
);


ALTER TABLE public.token_blacklist_blacklistedtoken OWNER TO postgres;

--
-- Name: token_blacklist_blacklistedtoken_id_seq; Type: SEQUENCE; Schema: public; Owner: postgres
--

ALTER TABLE public.token_blacklist_blacklistedtoken ALTER COLUMN id ADD GENERATED BY DEFAULT AS IDENTITY (
    SEQUENCE NAME public.token_blacklist_blacklistedtoken_id_seq
    START WITH 1
    INCREMENT BY 1
    NO MINVALUE
    NO MAXVALUE
    CACHE 1
);


--
-- Name: token_blacklist_outstandingtoken; Type: TABLE; Schema: public; Owner: postgres
--

CREATE TABLE public.token_blacklist_outstandingtoken (
    id bigint NOT NULL,
    token text NOT NULL,
    created_at timestamp with time zone,
    expires_at timestamp with time zone NOT NULL,
    user_id integer,
    jti character varying(255) NOT NULL
);


ALTER TABLE public.token_blacklist_outstandingtoken OWNER TO postgres;

--
-- Name: token_blacklist_outstandingtoken_id_seq; Type: SEQUENCE; Schema: public; Owner: postgres
--

ALTER TABLE public.token_blacklist_outstandingtoken ALTER COLUMN id ADD GENERATED BY DEFAULT AS IDENTITY (
    SEQUENCE NAME public.token_blacklist_outstandingtoken_id_seq
    START WITH 1
    INCREMENT BY 1
    NO MINVALUE
    NO MAXVALUE
    CACHE 1
);


--
-- Name: centralTenan_area; Type: TABLE; Schema: svinprocasa; Owner: postgres
--

CREATE TABLE svinprocasa."centralTenan_area" (
    id bigint NOT NULL,
    nombre character varying(50) NOT NULL,
    codigo character varying(4),
    id_director_id bigint
);


ALTER TABLE svinprocasa."centralTenan_area" OWNER TO postgres;

--
-- Name: centralTenan_area_id_seq; Type: SEQUENCE; Schema: svinprocasa; Owner: postgres
--

ALTER TABLE svinprocasa."centralTenan_area" ALTER COLUMN id ADD GENERATED BY DEFAULT AS IDENTITY (
    SEQUENCE NAME svinprocasa."centralTenan_area_id_seq"
    START WITH 1
    INCREMENT BY 1
    NO MINVALUE
    NO MAXVALUE
    CACHE 1
);


--
-- Name: centralTenan_centrodecosto; Type: TABLE; Schema: svinprocasa; Owner: postgres
--

CREATE TABLE svinprocasa."centralTenan_centrodecosto" (
    id bigint NOT NULL,
    nombre character varying(50) NOT NULL,
    codigo character varying(4)
);


ALTER TABLE svinprocasa."centralTenan_centrodecosto" OWNER TO postgres;

--
-- Name: centralTenan_centrodecosto_id_seq; Type: SEQUENCE; Schema: svinprocasa; Owner: postgres
--

ALTER TABLE svinprocasa."centralTenan_centrodecosto" ALTER COLUMN id ADD GENERATED BY DEFAULT AS IDENTITY (
    SEQUENCE NAME svinprocasa."centralTenan_centrodecosto_id_seq"
    START WITH 1
    INCREMENT BY 1
    NO MINVALUE
    NO MAXVALUE
    CACHE 1
);


--
-- Name: centralTenan_ubicacion; Type: TABLE; Schema: svinprocasa; Owner: postgres
--

CREATE TABLE svinprocasa."centralTenan_ubicacion" (
    id bigint NOT NULL,
    nombre character varying(50) NOT NULL,
    codigo character varying(4),
    direccion text,
    id_tipo_de_ubicacion_id bigint NOT NULL
);


ALTER TABLE svinprocasa."centralTenan_ubicacion" OWNER TO postgres;

--
-- Name: centralTenan_ubicacion_id_seq; Type: SEQUENCE; Schema: svinprocasa; Owner: postgres
--

ALTER TABLE svinprocasa."centralTenan_ubicacion" ALTER COLUMN id ADD GENERATED BY DEFAULT AS IDENTITY (
    SEQUENCE NAME svinprocasa."centralTenan_ubicacion_id_seq"
    START WITH 1
    INCREMENT BY 1
    NO MINVALUE
    NO MAXVALUE
    CACHE 1
);


--
-- Name: contratacionTenan_accionpersonal; Type: TABLE; Schema: svinprocasa; Owner: postgres
--

CREATE TABLE svinprocasa."contratacionTenan_accionpersonal" (
    id bigint NOT NULL,
    observaciones text,
    departamento_nuevo_id bigint,
    cargo_nuevo_id bigint,
    salario_nuevo double precision,
    auth_encargado boolean,
    auth_director_area boolean,
    auth_gerente_general boolean,
    auth_gerente_rhu boolean,
    fecha_inicio date,
    fecha_fin date,
    fecha_autorizacion date,
    fecha_ejecuccion date,
    created_at timestamp with time zone NOT NULL,
    updated_at timestamp with time zone NOT NULL,
    id_centro_de_costo_id bigint,
    id_tipo_accion_personal_id bigint NOT NULL,
    id_ubicacion_id bigint,
    id_cargo_id bigint NOT NULL,
    id_afectado_id bigint,
    id_director_area_id bigint NOT NULL,
    id_encargado_id bigint NOT NULL,
    id_gerente_general_id bigint NOT NULL,
    id_gerente_rhu_id bigint NOT NULL,
    indemnizacion double precision,
    voluntario boolean NOT NULL,
    estado smallint NOT NULL,
    dir_extra text,
    edad_max integer,
    edad_min integer,
    id_departamento_id bigint,
    id_municipio_id bigint,
    id_sexo_id bigint,
    justificacion smallint NOT NULL,
    tipo_contrato smallint NOT NULL,
    vacante integer,
    CONSTRAINT "contratacionTenan_accionpersonal_edad_max_check" CHECK ((edad_max >= 0)),
    CONSTRAINT "contratacionTenan_accionpersonal_edad_min_check" CHECK ((edad_min >= 0)),
    CONSTRAINT "contratacionTenan_accionpersonal_estado_check" CHECK ((estado >= 0)),
    CONSTRAINT "contratacionTenan_accionpersonal_justificacion_check" CHECK ((justificacion >= 0)),
    CONSTRAINT "contratacionTenan_accionpersonal_tipo_contrato_check" CHECK ((tipo_contrato >= 0)),
    CONSTRAINT "contratacionTenan_accionpersonal_vacante_check" CHECK ((vacante >= 0))
);


ALTER TABLE svinprocasa."contratacionTenan_accionpersonal" OWNER TO postgres;

--
-- Name: contratacionTenan_accionpersonal_id_seq; Type: SEQUENCE; Schema: svinprocasa; Owner: postgres
--

ALTER TABLE svinprocasa."contratacionTenan_accionpersonal" ALTER COLUMN id ADD GENERATED BY DEFAULT AS IDENTITY (
    SEQUENCE NAME svinprocasa."contratacionTenan_accionpersonal_id_seq"
    START WITH 1
    INCREMENT BY 1
    NO MINVALUE
    NO MAXVALUE
    CACHE 1
);


--
-- Name: contratacionTenan_cargo; Type: TABLE; Schema: svinprocasa; Owner: postgres
--

CREATE TABLE svinprocasa."contratacionTenan_cargo" (
    id bigint NOT NULL,
    nombre character varying(50) NOT NULL,
    codigo character varying(4),
    estado boolean NOT NULL,
    agrupador character varying(5),
    created_at timestamp with time zone NOT NULL,
    updated_at timestamp with time zone NOT NULL,
    id_nivel_empleado_id bigint NOT NULL
);


ALTER TABLE svinprocasa."contratacionTenan_cargo" OWNER TO postgres;

--
-- Name: contratacionTenan_cargo_id_seq; Type: SEQUENCE; Schema: svinprocasa; Owner: postgres
--

ALTER TABLE svinprocasa."contratacionTenan_cargo" ALTER COLUMN id ADD GENERATED BY DEFAULT AS IDENTITY (
    SEQUENCE NAME svinprocasa."contratacionTenan_cargo_id_seq"
    START WITH 1
    INCREMENT BY 1
    NO MINVALUE
    NO MAXVALUE
    CACHE 1
);


--
-- Name: contratacionTenan_detalleplanilla; Type: TABLE; Schema: svinprocasa; Owner: postgres
--

CREATE TABLE svinprocasa."contratacionTenan_detalleplanilla" (
    id bigint NOT NULL,
    tipo_aportacion smallint NOT NULL,
    monto numeric(10,2) NOT NULL,
    id_planilla_id bigint NOT NULL,
    id_tipo_incremento_retencion_id bigint NOT NULL
);


ALTER TABLE svinprocasa."contratacionTenan_detalleplanilla" OWNER TO postgres;

--
-- Name: contratacionTenan_detalleplanilla_id_seq; Type: SEQUENCE; Schema: svinprocasa; Owner: postgres
--

ALTER TABLE svinprocasa."contratacionTenan_detalleplanilla" ALTER COLUMN id ADD GENERATED BY DEFAULT AS IDENTITY (
    SEQUENCE NAME svinprocasa."contratacionTenan_detalleplanilla_id_seq"
    START WITH 1
    INCREMENT BY 1
    NO MINVALUE
    NO MAXVALUE
    CACHE 1
);


--
-- Name: contratacionTenan_empleado; Type: TABLE; Schema: svinprocasa; Owner: postgres
--

CREATE TABLE svinprocasa."contratacionTenan_empleado" (
    id bigint NOT NULL,
    url_curriculum character varying(60),
    codigo_empleado character varying(5),
    fecha_finalizacion date,
    cheque boolean NOT NULL,
    fecha_inicio_labores date,
    fecha_contratacion date,
    salario numeric(10,2) NOT NULL,
    sobre_sueldo numeric(10,2) NOT NULL,
    estado integer NOT NULL,
    fecha_retiro date,
    descripcion_plaza character varying(800),
    observaciones text,
    created_at timestamp with time zone NOT NULL,
    updated_at timestamp with time zone NOT NULL,
    id_area_id bigint NOT NULL,
    id_cargo_id bigint NOT NULL,
    id_centro_de_costo_id bigint NOT NULL,
    id_datos_personales_id bigint NOT NULL,
    id_tipo_periodo_id bigint NOT NULL,
    id_ubicacion_id bigint NOT NULL,
    indemnizacion numeric(10,2)
);


ALTER TABLE svinprocasa."contratacionTenan_empleado" OWNER TO postgres;

--
-- Name: contratacionTenan_empleado_id_seq; Type: SEQUENCE; Schema: svinprocasa; Owner: postgres
--

ALTER TABLE svinprocasa."contratacionTenan_empleado" ALTER COLUMN id ADD GENERATED BY DEFAULT AS IDENTITY (
    SEQUENCE NAME svinprocasa."contratacionTenan_empleado_id_seq"
    START WITH 1
    INCREMENT BY 1
    NO MINVALUE
    NO MAXVALUE
    CACHE 1
);


--
-- Name: contratacionTenan_movaplicadecremento; Type: TABLE; Schema: svinprocasa; Owner: postgres
--

CREATE TABLE svinprocasa."contratacionTenan_movaplicadecremento" (
    id bigint NOT NULL,
    monto_fijo numeric(10,2),
    estado boolean NOT NULL,
    titulo text,
    created_at timestamp with time zone NOT NULL,
    updated_at timestamp with time zone NOT NULL,
    id_empleado_id bigint NOT NULL,
    id_movimiento_decremento_id bigint NOT NULL,
    id_user_id integer,
    id_periodo_planificado_id bigint NOT NULL
);


ALTER TABLE svinprocasa."contratacionTenan_movaplicadecremento" OWNER TO postgres;

--
-- Name: contratacionTenan_movaplicadecremento_id_seq; Type: SEQUENCE; Schema: svinprocasa; Owner: postgres
--

ALTER TABLE svinprocasa."contratacionTenan_movaplicadecremento" ALTER COLUMN id ADD GENERATED BY DEFAULT AS IDENTITY (
    SEQUENCE NAME svinprocasa."contratacionTenan_movaplicadecremento_id_seq"
    START WITH 1
    INCREMENT BY 1
    NO MINVALUE
    NO MAXVALUE
    CACHE 1
);


--
-- Name: contratacionTenan_movaplicaincremento; Type: TABLE; Schema: svinprocasa; Owner: postgres
--

CREATE TABLE svinprocasa."contratacionTenan_movaplicaincremento" (
    id bigint NOT NULL,
    monto_fijo numeric(10,2),
    estado boolean NOT NULL,
    titulo text,
    created_at timestamp with time zone NOT NULL,
    updated_at timestamp with time zone NOT NULL,
    id_empleado_id bigint NOT NULL,
    id_movimiento_incremento_id bigint NOT NULL,
    id_user_id integer,
    id_periodo_planificado_id bigint
);


ALTER TABLE svinprocasa."contratacionTenan_movaplicaincremento" OWNER TO postgres;

--
-- Name: contratacionTenan_movaplicaincremento_id_seq; Type: SEQUENCE; Schema: svinprocasa; Owner: postgres
--

ALTER TABLE svinprocasa."contratacionTenan_movaplicaincremento" ALTER COLUMN id ADD GENERATED BY DEFAULT AS IDENTITY (
    SEQUENCE NAME svinprocasa."contratacionTenan_movaplicaincremento_id_seq"
    START WITH 1
    INCREMENT BY 1
    NO MINVALUE
    NO MAXVALUE
    CACHE 1
);


--
-- Name: contratacionTenan_ordendescuento; Type: TABLE; Schema: svinprocasa; Owner: postgres
--

CREATE TABLE svinprocasa."contratacionTenan_ordendescuento" (
    id bigint NOT NULL,
    numero_cuotas integer NOT NULL,
    monto_cuota double precision NOT NULL,
    codigo_ref character varying(35) NOT NULL,
    finalizado boolean NOT NULL,
    pago_automatico boolean NOT NULL,
    activo boolean NOT NULL,
    fecha_inicio date NOT NULL,
    fecha_fin date,
    nota text,
    id_institucion_financiera_id bigint,
    id_empleado_id bigint NOT NULL,
    CONSTRAINT "contratacionTenan_ordendescuento_numero_cuotas_check" CHECK ((numero_cuotas >= 0))
);


ALTER TABLE svinprocasa."contratacionTenan_ordendescuento" OWNER TO postgres;

--
-- Name: contratacionTenan_ordendescuento_id_seq; Type: SEQUENCE; Schema: svinprocasa; Owner: postgres
--

ALTER TABLE svinprocasa."contratacionTenan_ordendescuento" ALTER COLUMN id ADD GENERATED BY DEFAULT AS IDENTITY (
    SEQUENCE NAME svinprocasa."contratacionTenan_ordendescuento_id_seq"
    START WITH 1
    INCREMENT BY 1
    NO MINVALUE
    NO MAXVALUE
    CACHE 1
);


--
-- Name: contratacionTenan_periodo; Type: TABLE; Schema: svinprocasa; Owner: postgres
--

CREATE TABLE svinprocasa."contratacionTenan_periodo" (
    id bigint NOT NULL,
    anio integer NOT NULL,
    created_at timestamp with time zone NOT NULL,
    estado smallint,
    mes_id bigint NOT NULL,
    quincena smallint NOT NULL,
    updated_at timestamp with time zone NOT NULL
);


ALTER TABLE svinprocasa."contratacionTenan_periodo" OWNER TO postgres;

--
-- Name: contratacionTenan_periodo_id_seq; Type: SEQUENCE; Schema: svinprocasa; Owner: postgres
--

ALTER TABLE svinprocasa."contratacionTenan_periodo" ALTER COLUMN id ADD GENERATED BY DEFAULT AS IDENTITY (
    SEQUENCE NAME svinprocasa."contratacionTenan_periodo_id_seq"
    START WITH 1
    INCREMENT BY 1
    NO MINVALUE
    NO MAXVALUE
    CACHE 1
);


--
-- Name: contratacionTenan_planilla; Type: TABLE; Schema: svinprocasa; Owner: postgres
--

CREATE TABLE svinprocasa."contratacionTenan_planilla" (
    id bigint NOT NULL,
    sueldo numeric(10,2) NOT NULL,
    ingresos_exentos numeric(10,2) NOT NULL,
    otros_ingresos numeric(10,2) NOT NULL,
    total_devengado numeric(10,2) NOT NULL,
    descuentos numeric(10,2) NOT NULL,
    aportes_patronales numeric(10,2) NOT NULL,
    salario_liquido numeric(10,2) NOT NULL,
    created_at timestamp with time zone NOT NULL,
    updated_at timestamp with time zone NOT NULL,
    id_empleado_id bigint NOT NULL,
    id_encabezado_id bigint
);


ALTER TABLE svinprocasa."contratacionTenan_planilla" OWNER TO postgres;

--
-- Name: contratacionTenan_planilla_id_seq; Type: SEQUENCE; Schema: svinprocasa; Owner: postgres
--

ALTER TABLE svinprocasa."contratacionTenan_planilla" ALTER COLUMN id ADD GENERATED BY DEFAULT AS IDENTITY (
    SEQUENCE NAME svinprocasa."contratacionTenan_planilla_id_seq"
    START WITH 1
    INCREMENT BY 1
    NO MINVALUE
    NO MAXVALUE
    CACHE 1
);


--
-- Name: contratacionTenan_planillaencabezado; Type: TABLE; Schema: svinprocasa; Owner: postgres
--

CREATE TABLE svinprocasa."contratacionTenan_planillaencabezado" (
    id bigint NOT NULL,
    id_estado_id bigint NOT NULL,
    id_tipo_id bigint NOT NULL,
    id_user_id integer NOT NULL,
    id_periodo_id bigint NOT NULL
);


ALTER TABLE svinprocasa."contratacionTenan_planillaencabezado" OWNER TO postgres;

--
-- Name: contratacionTenan_planillaencabezado_id_seq; Type: SEQUENCE; Schema: svinprocasa; Owner: postgres
--

ALTER TABLE svinprocasa."contratacionTenan_planillaencabezado" ALTER COLUMN id ADD GENERATED BY DEFAULT AS IDENTITY (
    SEQUENCE NAME svinprocasa."contratacionTenan_planillaencabezado_id_seq"
    START WITH 1
    INCREMENT BY 1
    NO MINVALUE
    NO MAXVALUE
    CACHE 1
);


--
-- Name: contratacionTenan_prestamosregistropagos; Type: TABLE; Schema: svinprocasa; Owner: postgres
--

CREATE TABLE svinprocasa."contratacionTenan_prestamosregistropagos" (
    id bigint NOT NULL,
    monto numeric(10,2) NOT NULL,
    created_at timestamp with time zone NOT NULL,
    updated_at timestamp with time zone NOT NULL,
    id_datos_personales_id bigint,
    id_detalle_planilla_id bigint
);


ALTER TABLE svinprocasa."contratacionTenan_prestamosregistropagos" OWNER TO postgres;

--
-- Name: contratacionTenan_prestamosregistropagos_id_seq; Type: SEQUENCE; Schema: svinprocasa; Owner: postgres
--

ALTER TABLE svinprocasa."contratacionTenan_prestamosregistropagos" ALTER COLUMN id ADD GENERATED BY DEFAULT AS IDENTITY (
    SEQUENCE NAME svinprocasa."contratacionTenan_prestamosregistropagos_id_seq"
    START WITH 1
    INCREMENT BY 1
    NO MINVALUE
    NO MAXVALUE
    CACHE 1
);


--
-- Name: contratacionTenan_recordcrediticio; Type: TABLE; Schema: svinprocasa; Owner: postgres
--

CREATE TABLE svinprocasa."contratacionTenan_recordcrediticio" (
    id bigint NOT NULL,
    monto_cuota double precision NOT NULL,
    id_detalle_planilla_id bigint NOT NULL,
    id_orden_descuento_id bigint NOT NULL
);


ALTER TABLE svinprocasa."contratacionTenan_recordcrediticio" OWNER TO postgres;

--
-- Name: contratacionTenan_recordcrediticio_id_seq; Type: SEQUENCE; Schema: svinprocasa; Owner: postgres
--

ALTER TABLE svinprocasa."contratacionTenan_recordcrediticio" ALTER COLUMN id ADD GENERATED BY DEFAULT AS IDENTITY (
    SEQUENCE NAME svinprocasa."contratacionTenan_recordcrediticio_id_seq"
    START WITH 1
    INCREMENT BY 1
    NO MINVALUE
    NO MAXVALUE
    CACHE 1
);


--
-- Name: django_content_type; Type: TABLE; Schema: svinprocasa; Owner: postgres
--

CREATE TABLE svinprocasa.django_content_type (
    id integer NOT NULL,
    app_label character varying(100) NOT NULL,
    model character varying(100) NOT NULL
);


ALTER TABLE svinprocasa.django_content_type OWNER TO postgres;

--
-- Name: django_content_type_id_seq; Type: SEQUENCE; Schema: svinprocasa; Owner: postgres
--

ALTER TABLE svinprocasa.django_content_type ALTER COLUMN id ADD GENERATED BY DEFAULT AS IDENTITY (
    SEQUENCE NAME svinprocasa.django_content_type_id_seq
    START WITH 1
    INCREMENT BY 1
    NO MINVALUE
    NO MAXVALUE
    CACHE 1
);


--
-- Name: django_migrations; Type: TABLE; Schema: svinprocasa; Owner: postgres
--

CREATE TABLE svinprocasa.django_migrations (
    id bigint NOT NULL,
    app character varying(255) NOT NULL,
    name character varying(255) NOT NULL,
    applied timestamp with time zone NOT NULL
);


ALTER TABLE svinprocasa.django_migrations OWNER TO postgres;

--
-- Name: django_migrations_id_seq; Type: SEQUENCE; Schema: svinprocasa; Owner: postgres
--

ALTER TABLE svinprocasa.django_migrations ALTER COLUMN id ADD GENERATED BY DEFAULT AS IDENTITY (
    SEQUENCE NAME svinprocasa.django_migrations_id_seq
    START WITH 1
    INCREMENT BY 1
    NO MINVALUE
    NO MAXVALUE
    CACHE 1
);


--
-- Name: centralTenan_area; Type: TABLE; Schema: svmegatelas; Owner: postgres
--

CREATE TABLE svmegatelas."centralTenan_area" (
    id bigint NOT NULL,
    nombre character varying(50) NOT NULL,
    codigo character varying(4),
    id_director_id bigint
);


ALTER TABLE svmegatelas."centralTenan_area" OWNER TO postgres;

--
-- Name: centralTenan_area_id_seq; Type: SEQUENCE; Schema: svmegatelas; Owner: postgres
--

ALTER TABLE svmegatelas."centralTenan_area" ALTER COLUMN id ADD GENERATED BY DEFAULT AS IDENTITY (
    SEQUENCE NAME svmegatelas."centralTenan_area_id_seq"
    START WITH 1
    INCREMENT BY 1
    NO MINVALUE
    NO MAXVALUE
    CACHE 1
);


--
-- Name: centralTenan_centrodecosto; Type: TABLE; Schema: svmegatelas; Owner: postgres
--

CREATE TABLE svmegatelas."centralTenan_centrodecosto" (
    id bigint NOT NULL,
    nombre character varying(50) NOT NULL,
    codigo character varying(4)
);


ALTER TABLE svmegatelas."centralTenan_centrodecosto" OWNER TO postgres;

--
-- Name: centralTenan_centrodecosto_id_seq; Type: SEQUENCE; Schema: svmegatelas; Owner: postgres
--

ALTER TABLE svmegatelas."centralTenan_centrodecosto" ALTER COLUMN id ADD GENERATED BY DEFAULT AS IDENTITY (
    SEQUENCE NAME svmegatelas."centralTenan_centrodecosto_id_seq"
    START WITH 1
    INCREMENT BY 1
    NO MINVALUE
    NO MAXVALUE
    CACHE 1
);


--
-- Name: centralTenan_ubicacion; Type: TABLE; Schema: svmegatelas; Owner: postgres
--

CREATE TABLE svmegatelas."centralTenan_ubicacion" (
    id bigint NOT NULL,
    nombre character varying(50) NOT NULL,
    codigo character varying(4),
    direccion text,
    id_tipo_de_ubicacion_id bigint NOT NULL
);


ALTER TABLE svmegatelas."centralTenan_ubicacion" OWNER TO postgres;

--
-- Name: centralTenan_ubicacion_id_seq; Type: SEQUENCE; Schema: svmegatelas; Owner: postgres
--

ALTER TABLE svmegatelas."centralTenan_ubicacion" ALTER COLUMN id ADD GENERATED BY DEFAULT AS IDENTITY (
    SEQUENCE NAME svmegatelas."centralTenan_ubicacion_id_seq"
    START WITH 1
    INCREMENT BY 1
    NO MINVALUE
    NO MAXVALUE
    CACHE 1
);


--
-- Name: contratacionTenan_accionpersonal; Type: TABLE; Schema: svmegatelas; Owner: postgres
--

CREATE TABLE svmegatelas."contratacionTenan_accionpersonal" (
    id bigint NOT NULL,
    observaciones text,
    departamento_nuevo_id bigint,
    cargo_nuevo_id bigint,
    salario_nuevo double precision,
    auth_encargado boolean,
    auth_director_area boolean,
    auth_gerente_general boolean,
    auth_gerente_rhu boolean,
    fecha_inicio date,
    fecha_fin date,
    fecha_autorizacion date,
    fecha_ejecuccion date,
    created_at timestamp with time zone NOT NULL,
    updated_at timestamp with time zone NOT NULL,
    id_centro_de_costo_id bigint,
    id_tipo_accion_personal_id bigint NOT NULL,
    id_ubicacion_id bigint,
    id_cargo_id bigint NOT NULL,
    id_afectado_id bigint,
    id_director_area_id bigint NOT NULL,
    id_encargado_id bigint NOT NULL,
    id_gerente_general_id bigint NOT NULL,
    id_gerente_rhu_id bigint NOT NULL,
    indemnizacion double precision,
    voluntario boolean NOT NULL,
    estado smallint NOT NULL,
    dir_extra text,
    edad_max integer,
    edad_min integer,
    id_departamento_id bigint,
    id_municipio_id bigint,
    id_sexo_id bigint,
    justificacion smallint NOT NULL,
    tipo_contrato smallint NOT NULL,
    vacante integer,
    CONSTRAINT "contratacionTenan_accionpersonal_edad_max_check" CHECK ((edad_max >= 0)),
    CONSTRAINT "contratacionTenan_accionpersonal_edad_min_check" CHECK ((edad_min >= 0)),
    CONSTRAINT "contratacionTenan_accionpersonal_estado_check" CHECK ((estado >= 0)),
    CONSTRAINT "contratacionTenan_accionpersonal_justificacion_check" CHECK ((justificacion >= 0)),
    CONSTRAINT "contratacionTenan_accionpersonal_tipo_contrato_check" CHECK ((tipo_contrato >= 0)),
    CONSTRAINT "contratacionTenan_accionpersonal_vacante_check" CHECK ((vacante >= 0))
);


ALTER TABLE svmegatelas."contratacionTenan_accionpersonal" OWNER TO postgres;

--
-- Name: contratacionTenan_accionpersonal_id_seq; Type: SEQUENCE; Schema: svmegatelas; Owner: postgres
--

ALTER TABLE svmegatelas."contratacionTenan_accionpersonal" ALTER COLUMN id ADD GENERATED BY DEFAULT AS IDENTITY (
    SEQUENCE NAME svmegatelas."contratacionTenan_accionpersonal_id_seq"
    START WITH 1
    INCREMENT BY 1
    NO MINVALUE
    NO MAXVALUE
    CACHE 1
);


--
-- Name: contratacionTenan_cargo; Type: TABLE; Schema: svmegatelas; Owner: postgres
--

CREATE TABLE svmegatelas."contratacionTenan_cargo" (
    id bigint NOT NULL,
    nombre character varying(50) NOT NULL,
    codigo character varying(4),
    estado boolean NOT NULL,
    agrupador character varying(5),
    created_at timestamp with time zone NOT NULL,
    updated_at timestamp with time zone NOT NULL,
    id_nivel_empleado_id bigint NOT NULL
);


ALTER TABLE svmegatelas."contratacionTenan_cargo" OWNER TO postgres;

--
-- Name: contratacionTenan_cargo_id_seq; Type: SEQUENCE; Schema: svmegatelas; Owner: postgres
--

ALTER TABLE svmegatelas."contratacionTenan_cargo" ALTER COLUMN id ADD GENERATED BY DEFAULT AS IDENTITY (
    SEQUENCE NAME svmegatelas."contratacionTenan_cargo_id_seq"
    START WITH 1
    INCREMENT BY 1
    NO MINVALUE
    NO MAXVALUE
    CACHE 1
);


--
-- Name: contratacionTenan_detalleplanilla; Type: TABLE; Schema: svmegatelas; Owner: postgres
--

CREATE TABLE svmegatelas."contratacionTenan_detalleplanilla" (
    id bigint NOT NULL,
    tipo_aportacion smallint NOT NULL,
    monto numeric(10,2) NOT NULL,
    id_planilla_id bigint NOT NULL,
    id_tipo_incremento_retencion_id bigint NOT NULL
);


ALTER TABLE svmegatelas."contratacionTenan_detalleplanilla" OWNER TO postgres;

--
-- Name: contratacionTenan_detalleplanilla_id_seq; Type: SEQUENCE; Schema: svmegatelas; Owner: postgres
--

ALTER TABLE svmegatelas."contratacionTenan_detalleplanilla" ALTER COLUMN id ADD GENERATED BY DEFAULT AS IDENTITY (
    SEQUENCE NAME svmegatelas."contratacionTenan_detalleplanilla_id_seq"
    START WITH 1
    INCREMENT BY 1
    NO MINVALUE
    NO MAXVALUE
    CACHE 1
);


--
-- Name: contratacionTenan_empleado; Type: TABLE; Schema: svmegatelas; Owner: postgres
--

CREATE TABLE svmegatelas."contratacionTenan_empleado" (
    id bigint NOT NULL,
    url_curriculum character varying(60),
    codigo_empleado character varying(5),
    fecha_finalizacion date,
    cheque boolean NOT NULL,
    fecha_inicio_labores date,
    fecha_contratacion date,
    salario numeric(10,2) NOT NULL,
    sobre_sueldo numeric(10,2) NOT NULL,
    estado integer NOT NULL,
    fecha_retiro date,
    descripcion_plaza character varying(800),
    observaciones text,
    created_at timestamp with time zone NOT NULL,
    updated_at timestamp with time zone NOT NULL,
    id_area_id bigint NOT NULL,
    id_cargo_id bigint NOT NULL,
    id_centro_de_costo_id bigint NOT NULL,
    id_datos_personales_id bigint NOT NULL,
    id_tipo_periodo_id bigint NOT NULL,
    id_ubicacion_id bigint NOT NULL,
    indemnizacion numeric(10,2)
);


ALTER TABLE svmegatelas."contratacionTenan_empleado" OWNER TO postgres;

--
-- Name: contratacionTenan_empleado_id_seq; Type: SEQUENCE; Schema: svmegatelas; Owner: postgres
--

ALTER TABLE svmegatelas."contratacionTenan_empleado" ALTER COLUMN id ADD GENERATED BY DEFAULT AS IDENTITY (
    SEQUENCE NAME svmegatelas."contratacionTenan_empleado_id_seq"
    START WITH 1
    INCREMENT BY 1
    NO MINVALUE
    NO MAXVALUE
    CACHE 1
);


--
-- Name: contratacionTenan_movaplicadecremento; Type: TABLE; Schema: svmegatelas; Owner: postgres
--

CREATE TABLE svmegatelas."contratacionTenan_movaplicadecremento" (
    id bigint NOT NULL,
    monto_fijo numeric(10,2),
    estado boolean NOT NULL,
    titulo text,
    created_at timestamp with time zone NOT NULL,
    updated_at timestamp with time zone NOT NULL,
    id_empleado_id bigint NOT NULL,
    id_movimiento_decremento_id bigint NOT NULL,
    id_user_id integer,
    id_periodo_planificado_id bigint NOT NULL
);


ALTER TABLE svmegatelas."contratacionTenan_movaplicadecremento" OWNER TO postgres;

--
-- Name: contratacionTenan_movaplicadecremento_id_seq; Type: SEQUENCE; Schema: svmegatelas; Owner: postgres
--

ALTER TABLE svmegatelas."contratacionTenan_movaplicadecremento" ALTER COLUMN id ADD GENERATED BY DEFAULT AS IDENTITY (
    SEQUENCE NAME svmegatelas."contratacionTenan_movaplicadecremento_id_seq"
    START WITH 1
    INCREMENT BY 1
    NO MINVALUE
    NO MAXVALUE
    CACHE 1
);


--
-- Name: contratacionTenan_movaplicaincremento; Type: TABLE; Schema: svmegatelas; Owner: postgres
--

CREATE TABLE svmegatelas."contratacionTenan_movaplicaincremento" (
    id bigint NOT NULL,
    monto_fijo numeric(10,2),
    estado boolean NOT NULL,
    titulo text,
    created_at timestamp with time zone NOT NULL,
    updated_at timestamp with time zone NOT NULL,
    id_empleado_id bigint NOT NULL,
    id_movimiento_incremento_id bigint NOT NULL,
    id_user_id integer,
    id_periodo_planificado_id bigint
);


ALTER TABLE svmegatelas."contratacionTenan_movaplicaincremento" OWNER TO postgres;

--
-- Name: contratacionTenan_movaplicaincremento_id_seq; Type: SEQUENCE; Schema: svmegatelas; Owner: postgres
--

ALTER TABLE svmegatelas."contratacionTenan_movaplicaincremento" ALTER COLUMN id ADD GENERATED BY DEFAULT AS IDENTITY (
    SEQUENCE NAME svmegatelas."contratacionTenan_movaplicaincremento_id_seq"
    START WITH 1
    INCREMENT BY 1
    NO MINVALUE
    NO MAXVALUE
    CACHE 1
);


--
-- Name: contratacionTenan_ordendescuento; Type: TABLE; Schema: svmegatelas; Owner: postgres
--

CREATE TABLE svmegatelas."contratacionTenan_ordendescuento" (
    id bigint NOT NULL,
    numero_cuotas integer NOT NULL,
    monto_cuota double precision NOT NULL,
    codigo_ref character varying(35) NOT NULL,
    finalizado boolean NOT NULL,
    pago_automatico boolean NOT NULL,
    activo boolean NOT NULL,
    fecha_inicio date NOT NULL,
    fecha_fin date,
    nota text,
    id_institucion_financiera_id bigint,
    id_empleado_id bigint NOT NULL,
    CONSTRAINT "contratacionTenan_ordendescuento_numero_cuotas_check" CHECK ((numero_cuotas >= 0))
);


ALTER TABLE svmegatelas."contratacionTenan_ordendescuento" OWNER TO postgres;

--
-- Name: contratacionTenan_ordendescuento_id_seq; Type: SEQUENCE; Schema: svmegatelas; Owner: postgres
--

ALTER TABLE svmegatelas."contratacionTenan_ordendescuento" ALTER COLUMN id ADD GENERATED BY DEFAULT AS IDENTITY (
    SEQUENCE NAME svmegatelas."contratacionTenan_ordendescuento_id_seq"
    START WITH 1
    INCREMENT BY 1
    NO MINVALUE
    NO MAXVALUE
    CACHE 1
);


--
-- Name: contratacionTenan_periodo; Type: TABLE; Schema: svmegatelas; Owner: postgres
--

CREATE TABLE svmegatelas."contratacionTenan_periodo" (
    id bigint NOT NULL,
    anio integer NOT NULL,
    created_at timestamp with time zone NOT NULL,
    estado smallint,
    mes_id bigint NOT NULL,
    quincena smallint NOT NULL,
    updated_at timestamp with time zone NOT NULL
);


ALTER TABLE svmegatelas."contratacionTenan_periodo" OWNER TO postgres;

--
-- Name: contratacionTenan_periodo_id_seq; Type: SEQUENCE; Schema: svmegatelas; Owner: postgres
--

ALTER TABLE svmegatelas."contratacionTenan_periodo" ALTER COLUMN id ADD GENERATED BY DEFAULT AS IDENTITY (
    SEQUENCE NAME svmegatelas."contratacionTenan_periodo_id_seq"
    START WITH 1
    INCREMENT BY 1
    NO MINVALUE
    NO MAXVALUE
    CACHE 1
);


--
-- Name: contratacionTenan_planilla; Type: TABLE; Schema: svmegatelas; Owner: postgres
--

CREATE TABLE svmegatelas."contratacionTenan_planilla" (
    id bigint NOT NULL,
    sueldo numeric(10,2) NOT NULL,
    ingresos_exentos numeric(10,2) NOT NULL,
    otros_ingresos numeric(10,2) NOT NULL,
    total_devengado numeric(10,2) NOT NULL,
    descuentos numeric(10,2) NOT NULL,
    aportes_patronales numeric(10,2) NOT NULL,
    salario_liquido numeric(10,2) NOT NULL,
    created_at timestamp with time zone NOT NULL,
    updated_at timestamp with time zone NOT NULL,
    id_empleado_id bigint NOT NULL,
    id_encabezado_id bigint
);


ALTER TABLE svmegatelas."contratacionTenan_planilla" OWNER TO postgres;

--
-- Name: contratacionTenan_planilla_id_seq; Type: SEQUENCE; Schema: svmegatelas; Owner: postgres
--

ALTER TABLE svmegatelas."contratacionTenan_planilla" ALTER COLUMN id ADD GENERATED BY DEFAULT AS IDENTITY (
    SEQUENCE NAME svmegatelas."contratacionTenan_planilla_id_seq"
    START WITH 1
    INCREMENT BY 1
    NO MINVALUE
    NO MAXVALUE
    CACHE 1
);


--
-- Name: contratacionTenan_planillaencabezado; Type: TABLE; Schema: svmegatelas; Owner: postgres
--

CREATE TABLE svmegatelas."contratacionTenan_planillaencabezado" (
    id bigint NOT NULL,
    id_estado_id bigint NOT NULL,
    id_tipo_id bigint NOT NULL,
    id_user_id integer NOT NULL,
    id_periodo_id bigint NOT NULL
);


ALTER TABLE svmegatelas."contratacionTenan_planillaencabezado" OWNER TO postgres;

--
-- Name: contratacionTenan_planillaencabezado_id_seq; Type: SEQUENCE; Schema: svmegatelas; Owner: postgres
--

ALTER TABLE svmegatelas."contratacionTenan_planillaencabezado" ALTER COLUMN id ADD GENERATED BY DEFAULT AS IDENTITY (
    SEQUENCE NAME svmegatelas."contratacionTenan_planillaencabezado_id_seq"
    START WITH 1
    INCREMENT BY 1
    NO MINVALUE
    NO MAXVALUE
    CACHE 1
);


--
-- Name: contratacionTenan_prestamosregistropagos; Type: TABLE; Schema: svmegatelas; Owner: postgres
--

CREATE TABLE svmegatelas."contratacionTenan_prestamosregistropagos" (
    id bigint NOT NULL,
    monto numeric(10,2) NOT NULL,
    created_at timestamp with time zone NOT NULL,
    updated_at timestamp with time zone NOT NULL,
    id_datos_personales_id bigint,
    id_detalle_planilla_id bigint
);


ALTER TABLE svmegatelas."contratacionTenan_prestamosregistropagos" OWNER TO postgres;

--
-- Name: contratacionTenan_prestamosregistropagos_id_seq; Type: SEQUENCE; Schema: svmegatelas; Owner: postgres
--

ALTER TABLE svmegatelas."contratacionTenan_prestamosregistropagos" ALTER COLUMN id ADD GENERATED BY DEFAULT AS IDENTITY (
    SEQUENCE NAME svmegatelas."contratacionTenan_prestamosregistropagos_id_seq"
    START WITH 1
    INCREMENT BY 1
    NO MINVALUE
    NO MAXVALUE
    CACHE 1
);


--
-- Name: contratacionTenan_recordcrediticio; Type: TABLE; Schema: svmegatelas; Owner: postgres
--

CREATE TABLE svmegatelas."contratacionTenan_recordcrediticio" (
    id bigint NOT NULL,
    monto_cuota double precision NOT NULL,
    id_detalle_planilla_id bigint NOT NULL,
    id_orden_descuento_id bigint NOT NULL
);


ALTER TABLE svmegatelas."contratacionTenan_recordcrediticio" OWNER TO postgres;

--
-- Name: contratacionTenan_recordcrediticio_id_seq; Type: SEQUENCE; Schema: svmegatelas; Owner: postgres
--

ALTER TABLE svmegatelas."contratacionTenan_recordcrediticio" ALTER COLUMN id ADD GENERATED BY DEFAULT AS IDENTITY (
    SEQUENCE NAME svmegatelas."contratacionTenan_recordcrediticio_id_seq"
    START WITH 1
    INCREMENT BY 1
    NO MINVALUE
    NO MAXVALUE
    CACHE 1
);


--
-- Name: django_content_type; Type: TABLE; Schema: svmegatelas; Owner: postgres
--

CREATE TABLE svmegatelas.django_content_type (
    id integer NOT NULL,
    app_label character varying(100) NOT NULL,
    model character varying(100) NOT NULL
);


ALTER TABLE svmegatelas.django_content_type OWNER TO postgres;

--
-- Name: django_content_type_id_seq; Type: SEQUENCE; Schema: svmegatelas; Owner: postgres
--

ALTER TABLE svmegatelas.django_content_type ALTER COLUMN id ADD GENERATED BY DEFAULT AS IDENTITY (
    SEQUENCE NAME svmegatelas.django_content_type_id_seq
    START WITH 1
    INCREMENT BY 1
    NO MINVALUE
    NO MAXVALUE
    CACHE 1
);


--
-- Name: django_migrations; Type: TABLE; Schema: svmegatelas; Owner: postgres
--

CREATE TABLE svmegatelas.django_migrations (
    id bigint NOT NULL,
    app character varying(255) NOT NULL,
    name character varying(255) NOT NULL,
    applied timestamp with time zone NOT NULL
);


ALTER TABLE svmegatelas.django_migrations OWNER TO postgres;

--
-- Name: django_migrations_id_seq; Type: SEQUENCE; Schema: svmegatelas; Owner: postgres
--

ALTER TABLE svmegatelas.django_migrations ALTER COLUMN id ADD GENERATED BY DEFAULT AS IDENTITY (
    SEQUENCE NAME svmegatelas.django_migrations_id_seq
    START WITH 1
    INCREMENT BY 1
    NO MINVALUE
    NO MAXVALUE
    CACHE 1
);


--
-- Data for Name: centralTenan_area; Type: TABLE DATA; Schema: bomba; Owner: postgres
--

COPY bomba."centralTenan_area" (id, nombre, codigo, id_director_id) FROM stdin;
3	Contabilidad	03	1
1	IT	01	5
4	Recursos Humanos	04	13
2	Marketing	0201	7
5	Tiendas	\N	7
\.


--
-- Data for Name: centralTenan_centrodecosto; Type: TABLE DATA; Schema: bomba; Owner: postgres
--

COPY bomba."centralTenan_centrodecosto" (id, nombre, codigo) FROM stdin;
1	IT Empleados	\N
2	Mercadeo	\N
3	Contabilidad	\N
4	Tienda en linea	\N
5	Directores	\N
6	B018	B018
7	B017	B017
\.


--
-- Data for Name: centralTenan_ubicacion; Type: TABLE DATA; Schema: bomba; Owner: postgres
--

COPY bomba."centralTenan_ubicacion" (id, nombre, codigo, id_tipo_de_ubicacion_id, direccion) FROM stdin;
3	Oficina Central	OFI	1	Calle a la Arenera
2	Oficinas centrales	\N	1	Km 27.5 a Santa Ana
5	B017	\N	4	3ra Avenida Sur y 2da Calle Poniente, Sonsonate
6	B018	\N	4	Urb. Las Victorias1. prolongacin 4 Calle Ote. Lote #4. Sonsonate
\.


--
-- Data for Name: contratacionTenan_accionpersonal; Type: TABLE DATA; Schema: bomba; Owner: postgres
--

COPY bomba."contratacionTenan_accionpersonal" (id, observaciones, auth_encargado, auth_director_area, auth_gerente_general, auth_gerente_rhu, fecha_inicio, fecha_fin, fecha_autorizacion, fecha_ejecuccion, created_at, updated_at, id_cargo_id, id_director_area_id, id_encargado_id, id_gerente_general_id, id_gerente_rhu_id, id_tipo_accion_personal_id, id_afectado_id, cargo_nuevo_id, departamento_nuevo_id, salario_nuevo, id_ubicacion_id, id_centro_de_costo_id, indemnizacion, voluntario, estado, dir_extra, edad_max, edad_min, id_departamento_id, id_municipio_id, id_sexo_id, justificacion, tipo_contrato, vacante) FROM stdin;
101	\N	t	t	t	t	2024-03-01	2024-03-31	2024-02-28	2024-02-28	2024-02-28 21:08:06.518276+00	2024-02-28 21:59:58.218416+00	7	7	3	2	5	11	25	\N	\N	335	5	\N	\N	f	4	\N	45	18	2	15	\N	4	2	1
38	\N	t	t	t	t	2024-02-22	\N	2024-02-19	2024-02-22	2024-02-22 16:49:50.389809+00	2024-02-22 16:49:50.38983+00	9	7	3	2	5	1	8	\N	5	\N	6	6	\N	f	4	\N	\N	\N	\N	\N	\N	1	1	\N
16	ya vende el men	t	t	t	t	2024-02-01	\N	2024-02-01	2024-02-01	2024-02-15 17:42:03.349581+00	2024-02-15 17:42:03.349593+00	7	7	3	2	5	1	6	\N	5	\N	5	7	\N	f	4	\N	\N	\N	\N	\N	\N	1	1	\N
17	\N	t	t	t	t	2024-02-01	\N	2024-02-01	2024-02-01	2024-02-15 21:44:08.044927+00	2024-02-15 21:44:08.044944+00	7	7	3	2	5	2	6	9	5	325	5	7	\N	f	4	\N	\N	\N	\N	\N	\N	1	1	\N
18	Porque trabaja Bien	t	t	t	t	2024-02-01	\N	2024-02-01	2024-02-15	2024-02-16 17:04:54.960749+00	2024-02-16 17:04:54.96077+00	9	7	3	2	5	4	8	\N	\N	335	\N	\N	\N	f	4	\N	\N	\N	\N	\N	\N	1	1	\N
28	fghjkl	t	t	t	t	2024-02-08	\N	\N	\N	2024-02-19 21:13:53.808167+00	2024-02-19 21:13:53.808186+00	1	5	3	2	5	1	9	\N	2	\N	3	2	\N	f	4	\N	\N	\N	\N	\N	\N	1	1	\N
29	dfghj	t	t	t	t	2024-02-13	\N	\N	\N	2024-02-19 21:15:25.120182+00	2024-02-19 21:15:25.120197+00	1	5	3	2	5	1	9	\N	2	\N	3	2	\N	f	4	\N	\N	\N	\N	\N	\N	1	1	\N
35	\N	t	f	f	f	2024-02-15	2024-03-01	\N	\N	2024-02-21 21:23:59.105924+00	2024-02-22 22:49:16.140588+00	9	7	3	2	5	8	8	\N	\N	\N	\N	\N	\N	f	5	\N	\N	\N	\N	\N	\N	1	1	\N
99	\N	t	t	t	t	2024-03-01	\N	2024-02-26	2024-02-29	2024-02-28 20:28:03.04893+00	2024-02-28 20:28:03.048943+00	7	7	3	2	5	3	24	7	5	360	5	7	\N	f	4	\N	\N	\N	\N	\N	\N	1	1	\N
42	Por que si	t	t	t	t	2024-02-22	\N	\N	\N	2024-02-22 21:49:03.504891+00	2024-02-22 21:49:03.504899+00	1	7	3	2	5	3	12	1	1	800.01	2	1	\N	f	4	\N	\N	\N	\N	\N	\N	1	1	\N
43	Por que borro la BD de produccion de la empresa, fue un accidente de los que no se perdonan	t	t	t	t	\N	2024-02-22	\N	\N	2024-02-22 21:50:36.252878+00	2024-02-22 21:50:36.252891+00	1	5	3	2	5	5	14	\N	\N	\N	\N	\N	5	f	4	\N	\N	\N	\N	\N	\N	1	1	\N
44	\N	t	t	t	t	2024-02-22	\N	2024-02-19	2024-02-22	2024-02-22 21:55:45.657845+00	2024-02-22 21:55:45.65786+00	9	7	3	2	5	3	8	7	5	350	5	7	\N	f	4	\N	\N	\N	\N	\N	\N	1	1	\N
45	\N	t	t	t	t	2024-02-26	\N	2024-02-23	2024-02-23	2024-02-23 14:26:35.648811+00	2024-02-23 14:28:12.840238+00	7	7	3	2	5	1	15	\N	5	\N	6	6	\N	f	4	\N	\N	\N	\N	\N	\N	1	1	\N
100	\N	t	t	t	t	2024-03-01	\N	2024-02-28	2024-02-28	2024-02-28 20:29:27.503265+00	2024-02-28 20:30:07.856798+00	7	7	3	2	5	3	25	9	5	360	5	7	\N	f	4	\N	\N	\N	\N	\N	\N	1	1	\N
46	\N	t	t	t	t	2024-02-26	\N	2024-02-23	2024-02-23	2024-02-23 14:51:09.623378+00	2024-02-23 15:25:43.857752+00	7	7	3	2	5	2	15	9	5	355	6	6	\N	f	4	\N	\N	\N	\N	\N	\N	1	1	\N
39	\N	t	t	t	t	\N	\N	2024-02-23	2024-02-23	2024-02-22 16:58:47.460027+00	2024-02-23 16:00:26.626932+00	1	7	3	2	5	4	12	\N	\N	850	\N	\N	\N	f	4	\N	\N	\N	\N	\N	\N	1	1	\N
49	\N	t	t	t	t	\N	\N	2024-02-23	2024-02-23	2024-02-23 16:04:05.782338+00	2024-02-23 16:04:25.819474+00	1	7	3	2	5	4	9	\N	\N	805	\N	\N	\N	f	4	\N	\N	\N	\N	\N	\N	1	1	\N
\.


--
-- Data for Name: contratacionTenan_cargo; Type: TABLE DATA; Schema: bomba; Owner: postgres
--

COPY bomba."contratacionTenan_cargo" (id, nombre, codigo, estado, agrupador, created_at, updated_at, id_nivel_empleado_id) FROM stdin;
2	Abogado	0299	t	\N	2024-02-05 13:40:09.525452+00	2024-02-05 13:40:09.52547+00	5
4	Director General	0001	t	Dir	2024-02-09 16:00:00+00	2024-02-09 16:00:00+00	1
3	Director It	1111	t	Dir	2024-02-08 13:28:59.184903+00	2024-02-08 13:32:44.072906+00	2
1	Desarrollador web	2222	t	IT	2024-01-30 16:55:22.632+00	2024-02-08 13:44:46.564145+00	4
5	Jefe de Desarrollo	1112	t	IT	2024-02-09 16:00:00+00	2024-02-09 16:00:00+00	3
6	Director RRHH	0202	t	RRHH	2024-02-09 16:00:00+00	2024-02-09 16:00:00+00	2
7	Vendedor	0110	t	Tdaf	2024-02-14 14:49:45.494611+00	2024-02-14 14:49:45.494628+00	5
8	Director Mercadeo	0293	t	Merc	2024-02-14 17:57:47.036184+00	2024-02-14 17:57:47.03621+00	2
9	Caja	0239	t	Tdaf	2024-02-14 22:54:42.170627+00	2024-02-14 22:54:42.170651+00	5
10	Caja2	0238	t	Tdaf	2024-02-14 22:54:42.170627+00	2024-02-14 22:54:42.170651+00	5
\.


--
-- Data for Name: contratacionTenan_detalleplanilla; Type: TABLE DATA; Schema: bomba; Owner: postgres
--

COPY bomba."contratacionTenan_detalleplanilla" (id, tipo_aportacion, monto, id_planilla_id, id_tipo_incremento_retencion_id) FROM stdin;
\.


--
-- Data for Name: contratacionTenan_empleado; Type: TABLE DATA; Schema: bomba; Owner: postgres
--

COPY bomba."contratacionTenan_empleado" (id, url_curriculum, codigo_empleado, fecha_finalizacion, fecha_inicio_labores, fecha_contratacion, salario, estado, fecha_retiro, descripcion_plaza, observaciones, created_at, updated_at, id_area_id, id_cargo_id, id_centro_de_costo_id, id_datos_personales_id, id_tipo_periodo_id, id_ubicacion_id, sobre_sueldo, cheque, indemnizacion) FROM stdin;
4	\N	2300	\N	\N	\N	3000.00	1	\N	Director IT	\N	2024-02-09 16:00:00+00	2024-02-09 16:00:00+00	1	3	5	5	1	3	0.00	f	\N
2	\N	1010	\N	\N	\N	5000.00	1	\N	Gerente General	\N	2024-02-09 16:00:00+00	2024-02-09 16:00:00+00	2	4	5	12	1	3	0.00	f	\N
5	\N	2301	\N	\N	\N	3000.00	1	\N	Director RRHH	\N	2024-02-09 16:00:00+00	2024-02-09 16:00:00+00	4	6	5	13	1	3	0.00	f	\N
1	\N	6622	\N	\N	\N	1000.00	2	\N	\N	\N	2024-01-30 16:56:46.385+00	2024-02-05 20:47:30.776006+00	2	2	2	1	2	3	0.00	f	\N
3	\N	2485	\N	\N	\N	2000.00	1	\N	Jefe Desarrollo Web	\N	2024-02-09 16:00:00+00	2024-02-09 16:00:00+00	1	5	1	3	1	3	0.00	f	\N
7	\N	2564	\N	\N	\N	3000.00	1	\N	Director de Mercadeo	\N	2024-02-14 19:45:50.475+00	2024-02-14 21:30:49.079342+00	2	8	5	15	1	5	0.00	f	\N
24	\N	4500	2024-02-28	2024-03-01	2024-03-01	360.00	2	\N	Vendedor	\N	2024-02-28 20:09:19.830666+00	2024-02-28 20:28:03.041051+00	5	7	7	14	1	5	0.00	f	\N
25	\N	4500	2024-02-28	2024-03-01	2024-03-01	360.00	2	\N	Vendedor	\N	2024-02-28 20:28:03.045522+00	2024-02-28 20:30:07.883825+00	5	7	7	14	1	5	0.00	f	\N
26	\N	4500	\N	2024-03-01	2024-03-01	360.00	1	\N	Caja	\N	2024-02-28 20:30:07.888105+00	2024-02-28 20:30:07.888118+00	5	9	7	14	1	5	0.00	f	\N
6	\N	4500	2024-02-15	\N	\N	325.00	2	\N	Vendedor	\N	2024-02-14 15:02:16.323+00	2024-02-15 21:44:08.035064+00	5	7	7	14	1	5	0.00	f	\N
11	\N	7777	\N	\N	2024-02-01	2875.00	1	\N	Caja	\N	2024-02-15 21:44:08.040244+00	2024-02-16 17:52:56.681481+00	5	10	7	16	1	5	0.00	f	\N
10	\N	7777	\N	\N	2024-02-01	2875.00	1	\N	Caja	\N	2024-02-15 21:44:08.040244+00	2024-02-16 17:52:56.681481+00	5	10	7	16	1	5	0.00	f	\N
8	\N	4500	2024-02-22	\N	2023-02-01	335.00	2	\N	Caja	\N	2024-02-15 21:44:08.040244+00	2024-02-22 21:55:45.649956+00	5	9	6	14	1	6	0.00	f	\N
15	\N	4500	2024-02-23	2024-02-22	\N	350.00	2	\N	Vendedor	\N	2024-02-22 21:55:45.654693+00	2024-02-23 15:25:43.890282+00	5	7	6	14	1	6	0.00	f	\N
9	\N	6669	\N	\N	\N	805.00	1	\N	asdfghjkl	asdfghjkl	2024-01-30 16:56:46.385+00	2024-02-23 16:04:25.835375+00	2	1	2	1	2	3	0.00	f	\N
12	\N	6669	\N	\N	\N	850.00	2	\N	asdfghjkl	asdfghjkl	2024-01-30 16:56:46.385+00	2024-02-23 16:00:26.631011+00	2	1	2	1	2	3	0.00	f	\N
14	\N	6669	2024-02-22	2024-02-22	\N	800.01	1	\N	Desarrollador web	asdfghjkl	2024-02-22 21:49:03.502465+00	2024-02-22 21:50:36.254576+00	1	1	1	1	2	2	0.00	f	5.00
\.


--
-- Data for Name: contratacionTenan_movaplicadecremento; Type: TABLE DATA; Schema: bomba; Owner: postgres
--

COPY bomba."contratacionTenan_movaplicadecremento" (id, monto_fijo, estado, titulo, created_at, updated_at, id_empleado_id, id_movimiento_decremento_id, id_periodo_planificado_id, id_user_id) FROM stdin;
\.


--
-- Data for Name: contratacionTenan_movaplicaincremento; Type: TABLE DATA; Schema: bomba; Owner: postgres
--

COPY bomba."contratacionTenan_movaplicaincremento" (id, monto_fijo, estado, titulo, created_at, updated_at, id_empleado_id, id_movimiento_incremento_id, id_periodo_planificado_id, id_user_id) FROM stdin;
1	\N	t	25 y 1%	2024-02-02 22:52:17.431649+00	2024-02-02 22:52:17.431687+00	9	5	1	1
2	\N	t	1 y 0%	2024-02-02 22:52:48.656924+00	2024-02-02 22:52:48.656964+00	9	6	1	1
3	\N	t	3 y 4%	2024-02-02 22:53:05.766023+00	2024-02-02 22:53:05.766054+00	9	7	1	1
4	\N	t	10 y 0%	2024-02-02 22:53:29.300765+00	2024-02-02 22:53:29.300789+00	9	8	1	1
5	\N	t	20 y 0%	2024-02-02 22:53:44.243884+00	2024-02-02 22:53:44.243913+00	9	9	1	1
6	\N	t	20+3%	2024-02-02 22:53:44.243884+00	2024-02-02 22:53:44.243913+00	1	9	1	1
7	\N	t	1 y 0%	2024-02-02 22:52:48.656924+00	2024-02-02 22:52:48.656964+00	1	6	1	1
14	175.00	t	Bonificacin legal Guatemala	2024-02-21 17:10:18.230861+00	2024-02-21 17:33:09.485158+00	4	12	1	\N
13	125.00	t	Bonificacin legal Guatemala	2024-02-21 17:00:10.049225+00	2024-02-21 17:09:26.237869+00	3	12	1	\N
8	123.00	t	Bonificacin legal Guatemala	2024-02-21 15:49:14.930255+00	2024-02-21 16:58:25.671998+00	9	12	1	\N
\.


--
-- Data for Name: contratacionTenan_ordendescuento; Type: TABLE DATA; Schema: bomba; Owner: postgres
--

COPY bomba."contratacionTenan_ordendescuento" (id, numero_cuotas, monto_cuota, codigo_ref, finalizado, pago_automatico, activo, fecha_inicio, fecha_fin, nota, id_institucion_financiera_id, id_empleado_id) FROM stdin;
2	10	100	sdfsdfsfdsdfsfdsdf	f	t	t	2024-02-02	2024-02-02	\N	1	14
3	10	200	sdfsdfsfdsdfsfdsdf	t	t	t	2024-02-02	2024-02-02	\N	1	14
4	10	300	sdfsdfsfdsdfsfdsdf	t	f	t	2024-02-02	2024-02-02	\N	1	14
5	10	300	sdfsdfsfdsdfsfdsdf	f	t	f	2024-02-02	2024-02-02	\N	1	14
6	12	25	asde	f	t	f	2024-02-29	\N	\N	1	26
7	20	25.5555	dfsfsdff	f	t	t	2024-02-02	2024-02-02	\N	1	14
\.


--
-- Data for Name: contratacionTenan_periodo; Type: TABLE DATA; Schema: bomba; Owner: postgres
--

COPY bomba."contratacionTenan_periodo" (id, anio, created_at, estado, mes_id, quincena, updated_at) FROM stdin;
1	2024	2024-02-19 21:15:25.121+00	\N	1	1	2024-02-20 17:57:55.148412+00
3	2024	2024-02-19 21:15:25.121+00	\N	1	2	2024-02-20 17:57:55.148412+00
4	2024	2024-02-19 21:15:25.121+00	\N	2	1	2024-02-20 17:57:55.148412+00
5	2024	2024-02-19 21:15:25.121+00	\N	2	2	2024-02-20 17:57:55.148412+00
6	2024	2024-02-19 21:15:25.121+00	\N	3	1	2024-02-20 17:57:55.148412+00
\.


--
-- Data for Name: contratacionTenan_planilla; Type: TABLE DATA; Schema: bomba; Owner: postgres
--

COPY bomba."contratacionTenan_planilla" (id, created_at, updated_at, sueldo, id_empleado_id, ingresos_exentos, salario_liquido, aportes_patronales, descuentos, otros_ingresos, total_devengado, id_encabezado_id) FROM stdin;
\.


--
-- Data for Name: contratacionTenan_planillaencabezado; Type: TABLE DATA; Schema: bomba; Owner: postgres
--

COPY bomba."contratacionTenan_planillaencabezado" (id, id_estado_id, id_tipo_id, id_user_id, id_periodo_id) FROM stdin;
\.


--
-- Data for Name: contratacionTenan_prestamosregistropagos; Type: TABLE DATA; Schema: bomba; Owner: postgres
--

COPY bomba."contratacionTenan_prestamosregistropagos" (id, monto, created_at, updated_at, id_datos_personales_id, id_detalle_planilla_id) FROM stdin;
\.


--
-- Data for Name: contratacionTenan_recordcrediticio; Type: TABLE DATA; Schema: bomba; Owner: postgres
--

COPY bomba."contratacionTenan_recordcrediticio" (id, monto_cuota, id_detalle_planilla_id, id_orden_descuento_id) FROM stdin;
\.


--
-- Data for Name: django_content_type; Type: TABLE DATA; Schema: bomba; Owner: postgres
--

COPY bomba.django_content_type (id, app_label, model) FROM stdin;
1	central	banco
2	central	client
3	central	departamento
4	central	direccion
5	central	domain
6	central	municipio
7	central	pais
8	central	sexo
9	central	tipodeubicacion
10	central	zona
11	central	user
12	admin	logentry
13	auth	permission
14	auth	group
15	contenttypes	contenttype
16	sessions	session
17	token_blacklist	blacklistedtoken
18	token_blacklist	outstandingtoken
19	contratacion	contrato
20	contratacion	estudios
21	contratacion	nivelempleado
22	contratacion	nivelestudio
23	contratacion	ocupacion
24	contratacion	project
25	contratacion	tipocontrato
26	contratacion	tipodealergia
27	contratacion	tipodediscapacidad
28	contratacion	tipodependiente
29	contratacion	tipodevacuna
30	contratacion	tipohora
31	contratacion	tipoincrementoretencion
32	contratacion	tipoperiodo
33	contratacion	tiposalario
34	contratacion	datospersonales
35	contratacion	cuentabanco
36	contratacion	estudiopersona
37	contratacion	paramcotizacion
38	contratacion	tareas
39	contratacion	dependiente
40	contratacion	personavacuna
41	contratacion	incrementosretencionesnormales
42	contratacion	incrementosretencionesrangos
43	authtoken	token
44	authtoken	tokenproxy
45	contratacionTenan	periodo
46	contratacionTenan	cargo
47	contratacionTenan	empleado
48	contratacionTenan	planilla
49	contratacionTenan	bonoindividual
50	centralTenan	area
51	centralTenan	centrodecosto
52	centralTenan	ubicacion
53	contratacion	personaalergia
54	contratacion	personadiscapacidad
55	contratacion	tipodedocumento
56	contratacion	personanombrespordocumento
57	contratacion	movimientodecremento
58	contratacion	movimientoincremento
59	contratacion	registropagos
60	contratacion	prestamopersona
61	contratacionTenan	movaplicadecremento
62	contratacionTenan	movaplicaincremento
63	contratacion	estadocivil
64	contratacion	profesion
65	contratacion	profesiondui
66	contratacion	tipoaccionpersonal
67	contratacionTenan	accionpersonal
68	central	institucionfinanciera
69	central	tipoinstitucion
70	central	ciudad
71	contratacionTenan	detalleplanilla
72	contratacionTenan	prestamosregistropagos
73	central	mes
74	contratacion	ordendescuento
75	contratacion	planillaestado
76	contratacion	planillatipo
77	contratacionTenan	planillaencabezado
78	contratacionTenan	recordcrediticio
79	contratacionTenan	ordendescuento
\.


--
-- Data for Name: django_migrations; Type: TABLE DATA; Schema: bomba; Owner: postgres
--

COPY bomba.django_migrations (id, app, name, applied) FROM stdin;
1	contenttypes	0001_initial	2024-01-31 18:03:25.767793+00
2	contenttypes	0002_remove_content_type_name	2024-01-31 18:03:25.805657+00
3	auth	0001_initial	2024-01-31 18:03:25.834811+00
4	auth	0002_alter_permission_name_max_length	2024-01-31 18:03:25.854924+00
5	auth	0003_alter_user_email_max_length	2024-01-31 18:03:25.873598+00
6	auth	0004_alter_user_username_opts	2024-01-31 18:03:25.891275+00
7	auth	0005_alter_user_last_login_null	2024-01-31 18:03:25.913085+00
8	auth	0006_require_contenttypes_0002	2024-01-31 18:03:25.931995+00
9	auth	0007_alter_validators_add_error_messages	2024-01-31 18:03:25.954576+00
10	auth	0008_alter_user_username_max_length	2024-01-31 18:03:25.97347+00
11	auth	0009_alter_user_last_name_max_length	2024-01-31 18:03:25.998525+00
12	auth	0010_alter_group_name_max_length	2024-01-31 18:03:26.024296+00
13	auth	0011_update_proxy_permissions	2024-01-31 18:03:26.036498+00
14	auth	0012_alter_user_first_name_max_length	2024-01-31 18:03:26.054634+00
15	central	0001_initial	2024-01-31 18:03:26.077781+00
16	admin	0001_initial	2024-01-31 18:03:26.101623+00
17	admin	0002_logentry_remove_auto_add	2024-01-31 18:03:26.126158+00
18	admin	0003_logentry_add_action_flag_choices	2024-01-31 18:03:26.153009+00
19	authtoken	0001_initial	2024-01-31 18:03:26.176776+00
20	authtoken	0002_auto_20160226_1747	2024-01-31 18:03:26.230632+00
21	authtoken	0003_tokenproxy	2024-01-31 18:03:26.246119+00
22	contratacion	0001_initial	2024-01-31 18:03:26.369072+00
23	central	0002_initial	2024-01-31 18:03:26.499131+00
24	centralTenan	0001_initial	2024-01-31 18:03:26.751828+00
25	contratacionTenan	0001_initial	2024-01-31 18:03:27.367449+00
26	sessions	0001_initial	2024-01-31 18:03:27.379781+00
27	token_blacklist	0001_initial	2024-01-31 18:03:27.464842+00
28	token_blacklist	0002_outstandingtoken_jti_hex	2024-01-31 18:03:27.503885+00
29	token_blacklist	0003_auto_20171017_2007	2024-01-31 18:03:27.522106+00
30	token_blacklist	0004_auto_20171017_2013	2024-01-31 18:03:27.563119+00
31	token_blacklist	0005_remove_outstandingtoken_jti	2024-01-31 18:03:27.606709+00
32	token_blacklist	0006_auto_20171017_2113	2024-01-31 18:03:27.651136+00
33	token_blacklist	0007_auto_20171017_2214	2024-01-31 18:03:27.728871+00
34	token_blacklist	0008_migrate_to_bigautofield	2024-01-31 18:03:27.779128+00
35	token_blacklist	0010_fix_migrate_to_bigautofield	2024-01-31 18:03:27.829843+00
36	token_blacklist	0011_linearizes_history	2024-01-31 18:03:27.844006+00
37	token_blacklist	0012_alter_outstandingtoken_user	2024-01-31 18:03:27.895077+00
38	contratacion	0002_alter_incrementosretencionesnormales_aplica_afp_and_more	2024-01-31 20:10:01.090707+00
39	centralTenan	0002_alter_ubicacion_id_direccion_and_more	2024-01-31 21:04:53.248064+00
40	contratacion	0003_incrementosretencionesnormales_titulo	2024-01-31 21:04:53.261524+00
41	contratacionTenan	0002_alter_empleado_id_datos_personales	2024-01-31 21:04:53.295985+00
42	contratacion	0004_remove_incrementosretencionesrangos_id_tipo_rango_retencion_and_more	2024-01-31 22:26:35.413612+00
43	contratacion	0005_alter_incrementosretencionesrangos_id_tipo_incremento_retencion	2024-01-31 22:26:35.477062+00
44	contratacion	0006_alter_incrementosretencionesrangos_id_tipo_incremento_retencion	2024-01-31 22:30:36.066241+00
45	contratacion	0007_rename_itfa_datospersonales_ipsa_and_more	2024-02-01 16:41:34.608104+00
46	contratacion	0008_alter_tipoincrementoretencion_suma_o_resta_and_more	2024-02-01 17:46:48.134829+00
47	contratacionTenan	0003_bonoindividual_bono_especial	2024-02-01 17:46:48.190604+00
48	contratacion	0009_rename_ipsa_datospersonales_ipsfa	2024-02-01 22:19:48.754856+00
49	contratacion	0010_personaalergia_personadiscapacidad	2024-02-02 14:42:11.186786+00
50	contratacion	0011_tipodedocumento	2024-02-02 15:14:57.846762+00
51	contratacion	0012_personanombrespordocumento	2024-02-02 15:32:16.439917+00
52	contratacion	0010_movimientodecremento_movimientoincremento	2024-02-02 17:25:14.170656+00
53	contratacion	0013_merge_20240202_1724	2024-02-02 17:25:14.173492+00
54	contratacion	0013_movimientodecremento_movimientoincremento	2024-02-02 17:41:41.409818+00
55	contratacion	0014_merge_20240202_1740	2024-02-02 17:41:41.413291+00
56	contratacion	0015_prestamopersona_registropagos	2024-02-02 18:13:06.049378+00
57	contratacionTenan	0004_remove_bonoindividual_id_planilla_delete_planilla	2024-02-02 18:13:06.166132+00
58	contratacion	0016_alter_personanombrespordocumento_unique_together_and_more	2024-02-02 18:15:31.814639+00
59	contratacion	0017_movimientodecremento_aplica_siempre_and_more	2024-02-02 20:09:47.305763+00
60	contratacionTenan	0005_planilla	2024-02-02 20:09:47.463576+00
61	contratacion	0018_remove_prestamopersona_fecha_fin_and_more	2024-02-02 22:11:54.081823+00
62	contratacionTenan	0006_movaplicadecremento_movaplicaincremento	2024-02-02 22:11:54.809394+00
63	contratacion	0019_alter_prestamopersona_pago_automatico	2024-02-02 22:25:47.590515+00
64	contratacion	0020_alter_prestamopersona_finalizado	2024-02-02 22:31:56.050244+00
65	contratacion	0021_alter_personaalergia_unique_together_and_more	2024-02-03 13:56:04.615789+00
66	contratacion	0022_tipoincrementoretencion_dias_extra	2024-02-05 13:18:34.163042+00
67	contratacion	0023_remove_tipoincrementoretencion_dias_extra_and_more	2024-02-05 13:18:34.184766+00
68	contratacion	0024_datospersonales_fecha_inicio_labores	2024-02-05 13:47:06.469754+00
69	contratacionTenan	0007_delete_bonoindividual	2024-02-05 14:02:55.315159+00
70	contratacion	0025_alter_tipoincrementoretencion_tipo_and_more	2024-02-05 14:02:55.386596+00
71	contratacionTenan	0008_planilla_aportaciones_empleado_and_more	2024-02-05 18:49:14.813432+00
72	contratacionTenan	0009_alter_planilla_aportaciones_empleado_and_more	2024-02-05 18:49:56.508644+00
73	contratacion	0026_remove_tipocontrato_ncl_codigo_and_more	2024-02-05 19:26:06.450875+00
74	contratacionTenan	0010_alter_movaplicaincremento_id_movimiento_incremento	2024-02-05 19:26:06.525162+00
75	contratacion	0027_alter_cuentabanco_nombre_alter_cuentabanco_numero_and_more	2024-02-05 19:31:28.169008+00
76	contratacionTenan	0011_rename_incrementos_exentos_planilla_ingresos_exentos_and_more	2024-02-05 20:13:25.834327+00
77	contratacionTenan	0012_alter_planilla_afp_and_more	2024-02-05 20:17:54.569867+00
78	contratacion	0028_alter_cuentabanco_unique_together	2024-02-05 20:57:17.30509+00
79	contratacion	0029_estadocivil_datospersonales_id_estado_civil	2024-02-06 17:59:38.462394+00
80	contratacionTenan	0013_empleado_sobre_sueldo	2024-02-06 19:52:53.04608+00
81	contratacionTenan	0014_alter_empleado_sobre_sueldo	2024-02-06 19:57:00.802413+00
82	contratacion	0030_estudiopersona_pagado_empresa	2024-02-06 20:06:48.878313+00
83	contratacion	0031_profesion_profesiondui_datospersonales_dpi_and_more	2024-02-06 20:40:03.55735+00
84	contratacionTenan	0015_empleado_cheque_alter_empleado_codigo_empleado	2024-02-06 20:40:03.677903+00
85	contratacion	0032_datospersonales_id_profesion	2024-02-06 21:49:22.636113+00
86	contratacion	0033_datospersonales_direccion_fox	2024-02-06 22:16:28.54012+00
87	contratacion	0034_tipoaccionpersonal	2024-02-07 21:10:41.966405+00
88	contratacionTenan	0016_accionpersonal	2024-02-07 21:10:44.929043+00
89	contratacion	0035_alter_datospersonales_url_foto	2024-02-07 21:37:19.169921+00
90	contratacion	0036_alter_datospersonales_url_foto	2024-02-07 22:56:51.917954+00
91	contratacion	0037_alter_datospersonales_url_foto	2024-02-08 13:35:42.160181+00
92	contratacionTenan	0017_accionpersonal_id_afectado	2024-02-08 15:50:14.342174+00
93	contratacionTenan	0018_alter_accionpersonal_id_afectado	2024-02-08 15:53:18.971026+00
94	contratacionTenan	0019_alter_accionpersonal_id_afectado	2024-02-08 15:54:51.515002+00
95	centralTenan	0003_area_id_director	2024-02-08 21:10:04.351331+00
96	centralTenan	0004_alter_area_id_director	2024-02-08 21:36:55.797991+00
97	contratacionTenan	0020_alter_accionpersonal_fecha_autorizacion_and_more	2024-02-08 22:52:36.642108+00
98	contratacionTenan	0021_remove_empleado_fecha_inicio	2024-02-08 22:58:54.420316+00
99	contratacionTenan	0022_accionpersonal_cargo_nuevo_and_more	2024-02-09 15:49:04.910246+00
100	central	0003_institucionfinanciera_tipoinstitucion	2024-02-09 17:57:53.542147+00
101	contratacion	0038_alter_cuentabanco_unique_together_and_more	2024-02-09 17:57:53.977633+00
102	central	0004_delete_banco_and_more	2024-02-09 17:57:54.157211+00
103	contratacion	0039_alter_cuentabanco_unique_together	2024-02-09 17:59:39.082154+00
104	central	0005_ciudad	2024-02-09 22:33:25.166861+00
105	central	0006_alter_ciudad_codigo	2024-02-12 13:30:22.852176+00
106	central	0007_delete_ciudad	2024-02-12 13:30:22.89352+00
107	contratacion	0040_remove_prestamopersona_pagado	2024-02-12 14:54:25.727439+00
108	contratacion	0041_alter_prestamopersona_finalizado_and_more	2024-02-12 16:30:19.981261+00
109	contratacion	0042_alter_prestamopersona_finalizado_and_more	2024-02-12 16:32:24.878603+00
110	central	0008_tipoinstitucion_porcentaje_maximo_descontar_planilla	2024-02-13 14:26:22.175741+00
111	contratacion	0043_remove_prestamopersona_monto_adeudado_and_more	2024-02-13 14:26:22.248614+00
112	contratacion	0044_prestamopersona_nota_alter_prestamopersona_fecha_fin	2024-02-13 17:30:32.407075+00
113	contratacionTenan	0023_accionpersonal_ubicacion_nuevo_and_more	2024-02-13 21:23:45.833136+00
114	contratacionTenan	0024_accionpersonal_ccosto_nuevo	2024-02-13 21:48:39.676902+00
115	centralTenan	0005_remove_ubicacion_id_direccion_ubicacion_direccion	2024-02-13 22:04:45.073061+00
116	contratacionTenan	0025_remove_planilla_afp_remove_planilla_aguinaldo_and_more	2024-02-13 22:23:24.549803+00
117	contratacionTenan	0002_rename_ccosto_nuevo_accionpersonal_id_centro_de_costo_and_more	2024-02-14 21:11:40.656528+00
118	contratacionTenan	0003_alter_accionpersonal_cargo_nuevo	2024-02-14 22:32:26.974465+00
119	contratacionTenan	0004_alter_accionpersonal_departamento_nuevo	2024-02-15 17:31:12.741364+00
120	contratacionTenan	0005_alter_empleado_codigo_empleado_and_more	2024-02-15 20:26:40.892722+00
121	contratacionTenan	0006_alter_empleado_fecha_contratacion_and_more	2024-02-15 21:20:20.629921+00
122	contratacion	0002_remove_datospersonales_direccion_fox_and_more	2024-02-16 15:29:34.668471+00
123	contratacionTenan	0007_detalleplanilla_prestamosregistropagos	2024-02-16 15:29:34.867408+00
124	contratacionTenan	0008_alter_accionpersonal_fecha_inicio	2024-02-16 17:17:36.052101+00
125	contratacionTenan	0009_accionpersonal_indemnizacion_empleado_indemnizacion_and_more	2024-02-16 17:36:58.526073+00
126	contratacionTenan	0010_alter_empleado_url_foto	2024-02-16 21:01:53.08135+00
127	contratacionTenan	0011_remove_empleado_url_foto	2024-02-16 21:07:35.320609+00
128	contratacionTenan	0012_accionpersonal_voluntario	2024-02-16 21:44:31.115024+00
129	central	0003_mes	2024-02-20 17:52:29.206536+00
130	contratacionTenan	0013_remove_periodo_periodo_periodo_created_at_and_more	2024-02-20 17:57:55.166837+00
131	contratacionTenan	0014_alter_periodo_mes_alter_periodo_unique_together	2024-02-20 17:59:04.039059+00
132	contratacionTenan	0015_alter_planilla_unique_together	2024-02-20 19:26:23.610801+00
133	contratacion	0003_rename_prestamopersona_ordendescuento	2024-02-21 18:07:14.734209+00
134	contratacionTenan	0016_alter_movaplicaincremento_id_periodo_planificado	2024-02-22 13:21:14.378406+00
135	contratacionTenan	0017_accionpersonal_estado	2024-02-22 16:01:14.679362+00
136	contratacion	0004_planillaestado_planillatipo_and_more	2024-02-26 14:33:54.477842+00
137	contratacionTenan	0018_alter_detalleplanilla_tipo_aportacion_and_more	2024-02-26 14:33:54.735905+00
138	contratacionTenan	0019_alter_planilla_unique_together_and_more	2024-02-26 18:02:52.762922+00
139	contratacionTenan	0020_alter_accionpersonal_id_afectado	2024-02-27 15:17:03.62416+00
140	contratacionTenan	0021_accionpersonal_dir_extra_accionpersonal_edad_max_and_more	2024-02-27 16:38:14.495975+00
141	contratacionTenan	0022_alter_accionpersonal_edad_max_and_more	2024-02-27 16:38:14.644788+00
142	contratacionTenan	0023_accionpersonal_vacante	2024-02-27 17:09:28.386832+00
143	contratacionTenan	0024_remove_recordcrediticio_id_planilla_and_more	2024-02-27 17:44:19.069048+00
144	contratacionTenan	0025_remove_recordcrediticio_id_orden_descuento	2024-02-27 19:27:25.492895+00
145	contratacion	0005_delete_ordendescuento	2024-02-27 19:27:25.497887+00
146	contratacionTenan	0026_ordendescuento_recordcrediticio_id_orden_descuento	2024-02-27 19:41:40.025928+00
147	contratacionTenan	0027_remove_ordendescuento_id_datos_personales_and_more	2024-02-27 20:01:47.606001+00
148	contratacion	0006_tipoincrementoretencion_descripcion	2024-02-27 20:34:58.941178+00
\.


--
-- Data for Name: centralTenan_area; Type: TABLE DATA; Schema: gtboom; Owner: postgres
--

COPY gtboom."centralTenan_area" (id, nombre, codigo, id_director_id) FROM stdin;
1	IT	123	\N
\.


--
-- Data for Name: centralTenan_centrodecosto; Type: TABLE DATA; Schema: gtboom; Owner: postgres
--

COPY gtboom."centralTenan_centrodecosto" (id, nombre, codigo) FROM stdin;
1	IT Empleados	1234
\.


--
-- Data for Name: centralTenan_ubicacion; Type: TABLE DATA; Schema: gtboom; Owner: postgres
--

COPY gtboom."centralTenan_ubicacion" (id, nombre, codigo, direccion, id_tipo_de_ubicacion_id) FROM stdin;
1	asdfghjkl	1234	asdfghjkljhgfdfghjk	1
\.


--
-- Data for Name: contratacionTenan_accionpersonal; Type: TABLE DATA; Schema: gtboom; Owner: postgres
--

COPY gtboom."contratacionTenan_accionpersonal" (id, observaciones, departamento_nuevo_id, cargo_nuevo_id, salario_nuevo, auth_encargado, auth_director_area, auth_gerente_general, auth_gerente_rhu, fecha_inicio, fecha_fin, fecha_autorizacion, fecha_ejecuccion, created_at, updated_at, id_centro_de_costo_id, id_tipo_accion_personal_id, id_ubicacion_id, id_cargo_id, id_afectado_id, id_director_area_id, id_encargado_id, id_gerente_general_id, id_gerente_rhu_id, indemnizacion, voluntario, estado, dir_extra, edad_max, edad_min, id_departamento_id, id_municipio_id, id_sexo_id, justificacion, tipo_contrato, vacante) FROM stdin;
\.


--
-- Data for Name: contratacionTenan_cargo; Type: TABLE DATA; Schema: gtboom; Owner: postgres
--

COPY gtboom."contratacionTenan_cargo" (id, nombre, codigo, estado, agrupador, created_at, updated_at, id_nivel_empleado_id) FROM stdin;
1	Programador	1235	t	\N	2024-02-21 22:05:41.968997+00	2024-02-21 22:05:41.969013+00	1
\.


--
-- Data for Name: contratacionTenan_detalleplanilla; Type: TABLE DATA; Schema: gtboom; Owner: postgres
--

COPY gtboom."contratacionTenan_detalleplanilla" (id, tipo_aportacion, monto, id_planilla_id, id_tipo_incremento_retencion_id) FROM stdin;
1466	6	125.00	252	10
1467	4	2875.00	252	24
1468	2	138.86	252	11
1469	2	86.11	252	12
1470	1	36.23	252	11
1471	1	143.75	252	12
1472	6	125.00	253	10
1473	4	800.00	253	24
1474	2	38.64	253	11
1475	2	0.00	253	12
1476	5	100.00	253	14
1477	1	10.08	253	11
1478	1	40.00	253	12
1312	6	125.00	228	10
1313	4	2875.00	228	24
1314	2	138.86	228	11
1315	1	36.23	228	11
1316	1	143.75	228	12
1317	6	125.00	229	10
1318	4	800.00	229	24
1319	2	38.64	229	11
1320	5	10.00	229	14
1321	1	10.08	229	11
1322	1	40.00	229	12
1501	6	125.00	258	10
1502	4	2875.00	258	24
1503	2	138.86	258	11
1504	1	36.23	258	11
1505	1	143.75	258	12
1506	6	125.00	259	10
1507	4	800.00	259	24
1508	2	38.64	259	11
1509	5	100.00	259	14
1510	1	10.08	259	11
1511	1	40.00	259	12
1512	6	125.00	260	10
1513	4	2875.00	260	24
1514	2	138.86	260	11
1515	2	86.11	260	12
1516	1	36.23	260	11
1517	1	143.75	260	12
1518	6	125.00	261	10
1519	4	800.00	261	24
1520	2	38.64	261	11
1521	2	0.00	261	12
1522	5	100.00	261	14
1523	1	10.08	261	11
1524	1	40.00	261	12
2262	6	125.00	396	10
2263	4	2875.00	396	24
2264	2	138.86	396	11
2265	1	36.23	396	11
2266	1	143.75	396	12
2267	6	125.00	397	10
2268	4	800.00	397	24
2269	2	38.64	397	11
2270	5	100.00	397	14
2271	1	10.08	397	11
2272	1	40.00	397	12
\.


--
-- Data for Name: contratacionTenan_empleado; Type: TABLE DATA; Schema: gtboom; Owner: postgres
--

COPY gtboom."contratacionTenan_empleado" (id, url_curriculum, codigo_empleado, fecha_finalizacion, cheque, fecha_inicio_labores, fecha_contratacion, salario, sobre_sueldo, estado, fecha_retiro, descripcion_plaza, observaciones, created_at, updated_at, id_area_id, id_cargo_id, id_centro_de_costo_id, id_datos_personales_id, id_tipo_periodo_id, id_ubicacion_id, indemnizacion) FROM stdin;
13	\N	7777	\N	f	\N	2024-02-01	2875.00	0.00	1	\N	Caja	\N	2024-02-15 21:44:08.040244+00	2024-02-16 17:52:56.681481+00	1	1	1	16	1	1	\N
14	\N	6669	\N	f	\N	\N	800.00	0.00	1	\N	asdfghjkl	asdfghjkl	2024-01-30 16:56:46.385+00	2024-02-19 21:15:25.121609+00	1	1	1	1	2	1	\N
\.


--
-- Data for Name: contratacionTenan_movaplicadecremento; Type: TABLE DATA; Schema: gtboom; Owner: postgres
--

COPY gtboom."contratacionTenan_movaplicadecremento" (id, monto_fijo, estado, titulo, created_at, updated_at, id_empleado_id, id_movimiento_decremento_id, id_user_id, id_periodo_planificado_id) FROM stdin;
\.


--
-- Data for Name: contratacionTenan_movaplicaincremento; Type: TABLE DATA; Schema: gtboom; Owner: postgres
--

COPY gtboom."contratacionTenan_movaplicaincremento" (id, monto_fijo, estado, titulo, created_at, updated_at, id_empleado_id, id_movimiento_incremento_id, id_user_id, id_periodo_planificado_id) FROM stdin;
2	125.00	t	Bonificacin legal Guatemala	2024-02-22 16:34:14.43046+00	2024-02-22 22:07:31.308907+00	13	12	\N	\N
1	125.00	t	Bonificacin legal Guatemala	2024-02-21 22:09:48.795391+00	2024-02-23 22:02:30.057802+00	14	12	\N	\N
\.


--
-- Data for Name: contratacionTenan_ordendescuento; Type: TABLE DATA; Schema: gtboom; Owner: postgres
--

COPY gtboom."contratacionTenan_ordendescuento" (id, numero_cuotas, monto_cuota, codigo_ref, finalizado, pago_automatico, activo, fecha_inicio, fecha_fin, nota, id_institucion_financiera_id, id_empleado_id) FROM stdin;
1	100	100	asdf	f	t	t	2024-01-23	\N	\N	1	14
\.


--
-- Data for Name: contratacionTenan_periodo; Type: TABLE DATA; Schema: gtboom; Owner: postgres
--

COPY gtboom."contratacionTenan_periodo" (id, anio, created_at, estado, mes_id, quincena, updated_at) FROM stdin;
1	2024	2024-02-19 21:15:25.121+00	\N	1	1	2024-02-20 17:57:55.148+00
2	2024	2024-02-19 21:15:25.121+00	\N	1	2	2024-02-20 17:57:55.148+00
3	2024	2024-02-19 21:15:25.121+00	\N	2	1	2024-02-20 17:57:55.148+00
4	2024	2024-02-19 21:15:25.121+00	\N	2	2	2024-02-20 17:57:55.148+00
5	2024	2024-02-19 21:15:25.121+00	\N	3	1	2024-02-20 17:57:55.148+00
\.


--
-- Data for Name: contratacionTenan_planilla; Type: TABLE DATA; Schema: gtboom; Owner: postgres
--

COPY gtboom."contratacionTenan_planilla" (id, sueldo, ingresos_exentos, otros_ingresos, total_devengado, descuentos, aportes_patronales, salario_liquido, created_at, updated_at, id_empleado_id, id_encabezado_id) FROM stdin;
228	2875.00	125.00	0.00	3000.00	138.86	179.98	2861.14	2024-02-28 22:07:49.703963+00	2024-02-28 22:07:49.703975+00	13	44
229	800.00	125.00	0.00	925.00	48.64	50.08	876.36	2024-02-28 22:07:49.731238+00	2024-02-28 22:07:49.731254+00	14	44
252	2875.00	125.00	0.00	3000.00	224.97	179.98	2775.03	2024-02-28 22:32:46.810498+00	2024-02-28 22:32:46.810511+00	13	56
253	800.00	125.00	0.00	925.00	138.64	50.08	786.36	2024-02-28 22:32:46.840473+00	2024-02-28 22:32:46.840484+00	14	56
258	2875.00	125.00	0.00	3000.00	138.86	179.98	2861.14	2024-02-28 22:47:03.837768+00	2024-02-28 22:47:03.83781+00	13	59
259	800.00	125.00	0.00	925.00	138.64	50.08	786.36	2024-02-28 22:47:03.888641+00	2024-02-28 22:47:03.888695+00	14	59
260	2875.00	125.00	0.00	3000.00	224.97	179.98	2775.03	2024-02-28 22:47:07.302047+00	2024-02-28 22:47:07.302061+00	13	60
261	800.00	125.00	0.00	925.00	138.64	50.08	786.36	2024-02-28 22:47:07.331251+00	2024-02-28 22:47:07.331266+00	14	60
396	2875.00	125.00	0.00	3000.00	138.86	179.98	2861.14	2024-02-28 23:15:24.218911+00	2024-02-28 23:15:24.218926+00	13	128
397	800.00	125.00	0.00	925.00	138.64	50.08	786.36	2024-02-28 23:15:24.254487+00	2024-02-28 23:15:24.254503+00	14	128
\.


--
-- Data for Name: contratacionTenan_planillaencabezado; Type: TABLE DATA; Schema: gtboom; Owner: postgres
--

COPY gtboom."contratacionTenan_planillaencabezado" (id, id_estado_id, id_tipo_id, id_user_id, id_periodo_id) FROM stdin;
56	2	1	1	2
59	2	1	1	3
60	2	1	1	4
128	3	1	1	5
44	2	1	1	1
\.


--
-- Data for Name: contratacionTenan_prestamosregistropagos; Type: TABLE DATA; Schema: gtboom; Owner: postgres
--

COPY gtboom."contratacionTenan_prestamosregistropagos" (id, monto, created_at, updated_at, id_datos_personales_id, id_detalle_planilla_id) FROM stdin;
\.


--
-- Data for Name: contratacionTenan_recordcrediticio; Type: TABLE DATA; Schema: gtboom; Owner: postgres
--

COPY gtboom."contratacionTenan_recordcrediticio" (id, monto_cuota, id_detalle_planilla_id, id_orden_descuento_id) FROM stdin;
14	10	1320	1
98	100	2270	1
26	100	1476	1
29	100	1509	1
30	100	1522	1
\.


--
-- Data for Name: django_content_type; Type: TABLE DATA; Schema: gtboom; Owner: postgres
--

COPY gtboom.django_content_type (id, app_label, model) FROM stdin;
1	central	client
2	central	departamento
3	central	direccion
4	central	domain
5	central	institucionfinanciera
6	central	municipio
7	central	pais
8	central	sexo
9	central	tipodeubicacion
10	central	tipoinstitucion
11	central	zona
12	central	user
13	admin	logentry
14	auth	permission
15	auth	group
16	contenttypes	contenttype
17	sessions	session
18	token_blacklist	blacklistedtoken
19	token_blacklist	outstandingtoken
20	contratacion	contrato
21	contratacion	estadocivil
22	contratacion	estudios
23	contratacion	nivelempleado
24	contratacion	nivelestudio
25	contratacion	ocupacion
26	contratacion	profesion
27	contratacion	profesiondui
28	contratacion	project
29	contratacion	registropagos
30	contratacion	tipoaccionpersonal
31	contratacion	tipocontrato
32	contratacion	tipodealergia
33	contratacion	tipodediscapacidad
34	contratacion	tipodedocumento
35	contratacion	tipodependiente
36	contratacion	tipodevacuna
37	contratacion	tipohora
38	contratacion	tipoincrementoretencion
39	contratacion	tipoperiodo
40	contratacion	tiposalario
41	contratacion	datospersonales
42	contratacion	estudiopersona
43	contratacion	paramcotizacion
44	contratacion	prestamopersona
45	contratacion	tareas
46	contratacion	dependiente
47	contratacion	movimientoincremento
48	contratacion	movimientodecremento
49	contratacion	incrementosretencionesrangos
50	contratacion	cuentabanco
51	contratacion	personaalergia
52	contratacion	personadiscapacidad
53	contratacion	personanombrespordocumento
54	contratacion	personavacuna
55	authtoken	token
56	authtoken	tokenproxy
57	contratacionTenan	periodo
58	contratacionTenan	cargo
59	contratacionTenan	empleado
60	contratacionTenan	accionpersonal
61	contratacionTenan	movaplicaincremento
62	contratacionTenan	movaplicadecremento
63	contratacionTenan	planilla
64	centralTenan	centrodecosto
65	centralTenan	area
66	centralTenan	ubicacion
67	contratacionTenan	detalleplanilla
68	contratacionTenan	prestamosregistropagos
69	central	mes
70	contratacion	ordendescuento
71	contratacion	planillaestado
72	contratacion	planillatipo
73	contratacionTenan	planillaencabezado
74	contratacionTenan	recordcrediticio
75	contratacionTenan	ordendescuento
\.


--
-- Data for Name: django_migrations; Type: TABLE DATA; Schema: gtboom; Owner: postgres
--

COPY gtboom.django_migrations (id, app, name, applied) FROM stdin;
1	contenttypes	0001_initial	2024-02-14 14:06:36.273355+00
2	contenttypes	0002_remove_content_type_name	2024-02-14 14:06:36.290698+00
3	auth	0001_initial	2024-02-14 14:06:36.303124+00
4	auth	0002_alter_permission_name_max_length	2024-02-14 14:06:36.311188+00
5	auth	0003_alter_user_email_max_length	2024-02-14 14:06:36.317698+00
6	auth	0004_alter_user_username_opts	2024-02-14 14:06:36.326806+00
7	auth	0005_alter_user_last_login_null	2024-02-14 14:06:36.333016+00
8	auth	0006_require_contenttypes_0002	2024-02-14 14:06:36.336707+00
9	auth	0007_alter_validators_add_error_messages	2024-02-14 14:06:36.342508+00
10	auth	0008_alter_user_username_max_length	2024-02-14 14:06:36.349777+00
11	auth	0009_alter_user_last_name_max_length	2024-02-14 14:06:36.356223+00
12	auth	0010_alter_group_name_max_length	2024-02-14 14:06:36.362939+00
13	auth	0011_update_proxy_permissions	2024-02-14 14:06:36.366731+00
14	auth	0012_alter_user_first_name_max_length	2024-02-14 14:06:36.374308+00
15	central	0001_initial	2024-02-14 14:06:36.389521+00
16	admin	0001_initial	2024-02-14 14:06:36.399977+00
17	admin	0002_logentry_remove_auto_add	2024-02-14 14:06:36.408804+00
18	admin	0003_logentry_add_action_flag_choices	2024-02-14 14:06:36.418891+00
19	authtoken	0001_initial	2024-02-14 14:06:36.427978+00
20	authtoken	0002_auto_20160226_1747	2024-02-14 14:06:36.450108+00
21	authtoken	0003_tokenproxy	2024-02-14 14:06:36.453281+00
22	contratacion	0001_initial	2024-02-14 14:06:36.60808+00
23	central	0002_initial	2024-02-14 14:06:36.850807+00
24	centralTenan	0001_initial	2024-02-14 14:06:36.961592+00
25	contratacionTenan	0001_initial	2024-02-14 14:06:37.444928+00
26	sessions	0001_initial	2024-02-14 14:06:37.4554+00
27	token_blacklist	0001_initial	2024-02-14 14:06:37.572971+00
28	token_blacklist	0002_outstandingtoken_jti_hex	2024-02-14 14:06:37.590392+00
29	token_blacklist	0003_auto_20171017_2007	2024-02-14 14:06:37.596557+00
30	token_blacklist	0004_auto_20171017_2013	2024-02-14 14:06:37.6149+00
31	token_blacklist	0005_remove_outstandingtoken_jti	2024-02-14 14:06:37.63331+00
32	token_blacklist	0006_auto_20171017_2113	2024-02-14 14:06:37.651321+00
33	token_blacklist	0007_auto_20171017_2214	2024-02-14 14:06:37.708838+00
34	token_blacklist	0008_migrate_to_bigautofield	2024-02-14 14:06:37.841229+00
35	token_blacklist	0010_fix_migrate_to_bigautofield	2024-02-14 14:06:37.898292+00
36	token_blacklist	0011_linearizes_history	2024-02-14 14:06:37.901574+00
37	token_blacklist	0012_alter_outstandingtoken_user	2024-02-14 14:06:37.946996+00
38	contratacionTenan	0002_rename_ccosto_nuevo_accionpersonal_id_centro_de_costo_and_more	2024-02-14 21:11:42.07465+00
39	contratacionTenan	0003_alter_accionpersonal_cargo_nuevo	2024-02-14 22:32:28.298324+00
40	contratacionTenan	0004_alter_accionpersonal_departamento_nuevo	2024-02-15 17:31:14.102788+00
41	contratacionTenan	0005_alter_empleado_codigo_empleado_and_more	2024-02-15 20:26:42.433826+00
42	contratacionTenan	0006_alter_empleado_fecha_contratacion_and_more	2024-02-15 21:20:22.370231+00
43	contratacion	0002_remove_datospersonales_direccion_fox_and_more	2024-02-16 15:29:36.872726+00
44	contratacionTenan	0007_detalleplanilla_prestamosregistropagos	2024-02-16 15:29:37.074529+00
45	contratacionTenan	0008_alter_accionpersonal_fecha_inicio	2024-02-16 17:17:37.282832+00
46	contratacionTenan	0009_accionpersonal_indemnizacion_empleado_indemnizacion_and_more	2024-02-16 17:37:00.032722+00
47	contratacionTenan	0010_alter_empleado_url_foto	2024-02-16 21:01:54.416089+00
48	contratacionTenan	0011_remove_empleado_url_foto	2024-02-16 21:07:36.63869+00
49	contratacionTenan	0012_accionpersonal_voluntario	2024-02-16 21:44:32.497566+00
50	central	0003_mes	2024-02-20 17:57:56.221174+00
51	contratacionTenan	0013_remove_periodo_periodo_periodo_created_at_and_more	2024-02-20 17:57:56.397098+00
52	contratacionTenan	0014_alter_periodo_mes_alter_periodo_unique_together	2024-02-20 17:59:05.105241+00
53	contratacionTenan	0015_alter_planilla_unique_together	2024-02-20 19:26:24.46863+00
54	contratacion	0003_rename_prestamopersona_ordendescuento	2024-02-21 18:07:15.650393+00
55	contratacionTenan	0016_alter_movaplicaincremento_id_periodo_planificado	2024-02-22 13:21:15.627781+00
56	contratacionTenan	0017_accionpersonal_estado	2024-02-22 16:01:15.998702+00
57	contratacion	0004_planillaestado_planillatipo_and_more	2024-02-26 14:33:56.290026+00
58	contratacionTenan	0018_alter_detalleplanilla_tipo_aportacion_and_more	2024-02-26 14:35:00.307861+00
59	contratacionTenan	0019_alter_planilla_unique_together_and_more	2024-02-26 18:02:54.192196+00
60	contratacionTenan	0020_alter_accionpersonal_id_afectado	2024-02-27 15:17:05.086062+00
61	contratacionTenan	0021_accionpersonal_dir_extra_accionpersonal_edad_max_and_more	2024-02-27 16:38:17.658403+00
62	contratacionTenan	0022_alter_accionpersonal_edad_max_and_more	2024-02-27 16:38:17.74197+00
63	contratacionTenan	0023_accionpersonal_vacante	2024-02-27 17:09:29.909764+00
64	contratacionTenan	0024_remove_recordcrediticio_id_planilla_and_more	2024-02-27 17:44:20.113076+00
65	contratacionTenan	0025_remove_recordcrediticio_id_orden_descuento	2024-02-27 19:27:26.168762+00
66	contratacion	0005_delete_ordendescuento	2024-02-27 19:27:26.17325+00
67	contratacionTenan	0026_ordendescuento_recordcrediticio_id_orden_descuento	2024-02-27 19:41:41.080154+00
68	contratacionTenan	0027_remove_ordendescuento_id_datos_personales_and_more	2024-02-27 20:01:48.509545+00
69	contratacion	0006_tipoincrementoretencion_descripcion	2024-02-27 20:34:59.639062+00
\.


--
-- Data for Name: centralTenan_area; Type: TABLE DATA; Schema: gtpremium; Owner: postgres
--

COPY gtpremium."centralTenan_area" (id, nombre, codigo, id_director_id) FROM stdin;
\.


--
-- Data for Name: centralTenan_centrodecosto; Type: TABLE DATA; Schema: gtpremium; Owner: postgres
--

COPY gtpremium."centralTenan_centrodecosto" (id, nombre, codigo) FROM stdin;
\.


--
-- Data for Name: centralTenan_ubicacion; Type: TABLE DATA; Schema: gtpremium; Owner: postgres
--

COPY gtpremium."centralTenan_ubicacion" (id, nombre, codigo, id_tipo_de_ubicacion_id, direccion) FROM stdin;
\.


--
-- Data for Name: contratacionTenan_accionpersonal; Type: TABLE DATA; Schema: gtpremium; Owner: postgres
--

COPY gtpremium."contratacionTenan_accionpersonal" (id, observaciones, auth_encargado, auth_director_area, auth_gerente_general, auth_gerente_rhu, fecha_inicio, fecha_fin, fecha_autorizacion, fecha_ejecuccion, created_at, updated_at, id_cargo_id, id_director_area_id, id_encargado_id, id_gerente_general_id, id_gerente_rhu_id, id_tipo_accion_personal_id, id_afectado_id, cargo_nuevo_id, departamento_nuevo_id, salario_nuevo, id_ubicacion_id, id_centro_de_costo_id, indemnizacion, voluntario, estado, dir_extra, edad_max, edad_min, id_departamento_id, id_municipio_id, id_sexo_id, justificacion, tipo_contrato, vacante) FROM stdin;
\.


--
-- Data for Name: contratacionTenan_cargo; Type: TABLE DATA; Schema: gtpremium; Owner: postgres
--

COPY gtpremium."contratacionTenan_cargo" (id, nombre, codigo, estado, agrupador, created_at, updated_at, id_nivel_empleado_id) FROM stdin;
\.


--
-- Data for Name: contratacionTenan_detalleplanilla; Type: TABLE DATA; Schema: gtpremium; Owner: postgres
--

COPY gtpremium."contratacionTenan_detalleplanilla" (id, tipo_aportacion, monto, id_planilla_id, id_tipo_incremento_retencion_id) FROM stdin;
\.


--
-- Data for Name: contratacionTenan_empleado; Type: TABLE DATA; Schema: gtpremium; Owner: postgres
--

COPY gtpremium."contratacionTenan_empleado" (id, url_curriculum, codigo_empleado, fecha_finalizacion, fecha_inicio_labores, fecha_contratacion, salario, estado, fecha_retiro, descripcion_plaza, observaciones, created_at, updated_at, id_area_id, id_cargo_id, id_centro_de_costo_id, id_datos_personales_id, id_tipo_periodo_id, id_ubicacion_id, sobre_sueldo, cheque, indemnizacion) FROM stdin;
\.


--
-- Data for Name: contratacionTenan_movaplicadecremento; Type: TABLE DATA; Schema: gtpremium; Owner: postgres
--

COPY gtpremium."contratacionTenan_movaplicadecremento" (id, monto_fijo, estado, titulo, created_at, updated_at, id_empleado_id, id_movimiento_decremento_id, id_periodo_planificado_id, id_user_id) FROM stdin;
\.


--
-- Data for Name: contratacionTenan_movaplicaincremento; Type: TABLE DATA; Schema: gtpremium; Owner: postgres
--

COPY gtpremium."contratacionTenan_movaplicaincremento" (id, monto_fijo, estado, titulo, created_at, updated_at, id_empleado_id, id_movimiento_incremento_id, id_periodo_planificado_id, id_user_id) FROM stdin;
\.


--
-- Data for Name: contratacionTenan_ordendescuento; Type: TABLE DATA; Schema: gtpremium; Owner: postgres
--

COPY gtpremium."contratacionTenan_ordendescuento" (id, numero_cuotas, monto_cuota, codigo_ref, finalizado, pago_automatico, activo, fecha_inicio, fecha_fin, nota, id_institucion_financiera_id, id_empleado_id) FROM stdin;
\.


--
-- Data for Name: contratacionTenan_periodo; Type: TABLE DATA; Schema: gtpremium; Owner: postgres
--

COPY gtpremium."contratacionTenan_periodo" (id, anio, created_at, estado, mes_id, quincena, updated_at) FROM stdin;
\.


--
-- Data for Name: contratacionTenan_planilla; Type: TABLE DATA; Schema: gtpremium; Owner: postgres
--

COPY gtpremium."contratacionTenan_planilla" (id, created_at, updated_at, sueldo, id_empleado_id, ingresos_exentos, salario_liquido, aportes_patronales, descuentos, otros_ingresos, total_devengado, id_encabezado_id) FROM stdin;
\.


--
-- Data for Name: contratacionTenan_planillaencabezado; Type: TABLE DATA; Schema: gtpremium; Owner: postgres
--

COPY gtpremium."contratacionTenan_planillaencabezado" (id, id_estado_id, id_tipo_id, id_user_id, id_periodo_id) FROM stdin;
\.


--
-- Data for Name: contratacionTenan_prestamosregistropagos; Type: TABLE DATA; Schema: gtpremium; Owner: postgres
--

COPY gtpremium."contratacionTenan_prestamosregistropagos" (id, monto, created_at, updated_at, id_datos_personales_id, id_detalle_planilla_id) FROM stdin;
\.


--
-- Data for Name: contratacionTenan_recordcrediticio; Type: TABLE DATA; Schema: gtpremium; Owner: postgres
--

COPY gtpremium."contratacionTenan_recordcrediticio" (id, monto_cuota, id_detalle_planilla_id, id_orden_descuento_id) FROM stdin;
\.


--
-- Data for Name: django_content_type; Type: TABLE DATA; Schema: gtpremium; Owner: postgres
--

COPY gtpremium.django_content_type (id, app_label, model) FROM stdin;
1	central	banco
2	central	client
3	central	departamento
4	central	direccion
5	central	domain
6	central	municipio
7	central	pais
8	central	sexo
9	central	tipodeubicacion
10	central	zona
11	central	user
12	admin	logentry
13	auth	permission
14	auth	group
15	contenttypes	contenttype
16	sessions	session
17	token_blacklist	blacklistedtoken
18	token_blacklist	outstandingtoken
19	contratacion	contrato
20	contratacion	estudios
21	contratacion	nivelempleado
22	contratacion	nivelestudio
23	contratacion	ocupacion
24	contratacion	project
25	contratacion	tipocontrato
26	contratacion	tipodealergia
27	contratacion	tipodediscapacidad
28	contratacion	tipodependiente
29	contratacion	tipodevacuna
30	contratacion	tipohora
31	contratacion	tipoincrementoretencion
32	contratacion	tipoperiodo
33	contratacion	tiposalario
34	contratacion	datospersonales
35	contratacion	cuentabanco
36	contratacion	estudiopersona
37	contratacion	paramcotizacion
38	contratacion	tareas
39	contratacion	dependiente
40	contratacion	personavacuna
41	contratacion	incrementosretencionesnormales
42	contratacion	incrementosretencionesrangos
43	authtoken	token
44	authtoken	tokenproxy
45	contratacionTenan	periodo
46	contratacionTenan	cargo
47	contratacionTenan	empleado
48	contratacionTenan	planilla
49	contratacionTenan	bonoindividual
50	centralTenan	area
51	centralTenan	centrodecosto
52	centralTenan	ubicacion
53	contratacion	personaalergia
54	contratacion	personadiscapacidad
55	contratacion	tipodedocumento
56	contratacion	personanombrespordocumento
57	contratacion	movimientodecremento
58	contratacion	movimientoincremento
59	contratacion	registropagos
60	contratacion	prestamopersona
61	contratacionTenan	movaplicadecremento
62	contratacionTenan	movaplicaincremento
63	contratacion	estadocivil
64	contratacion	profesion
65	contratacion	profesiondui
66	contratacion	tipoaccionpersonal
67	contratacionTenan	accionpersonal
68	central	institucionfinanciera
69	central	tipoinstitucion
70	central	ciudad
71	contratacionTenan	detalleplanilla
72	contratacionTenan	prestamosregistropagos
73	central	mes
74	contratacion	ordendescuento
75	contratacion	planillaestado
76	contratacion	planillatipo
77	contratacionTenan	planillaencabezado
78	contratacionTenan	recordcrediticio
79	contratacionTenan	ordendescuento
\.


--
-- Data for Name: django_migrations; Type: TABLE DATA; Schema: gtpremium; Owner: postgres
--

COPY gtpremium.django_migrations (id, app, name, applied) FROM stdin;
1	contenttypes	0001_initial	2024-01-31 18:03:28.477505+00
2	contenttypes	0002_remove_content_type_name	2024-01-31 18:03:28.512576+00
3	auth	0001_initial	2024-01-31 18:03:28.531699+00
4	auth	0002_alter_permission_name_max_length	2024-01-31 18:03:28.547638+00
5	auth	0003_alter_user_email_max_length	2024-01-31 18:03:28.565395+00
6	auth	0004_alter_user_username_opts	2024-01-31 18:03:28.589368+00
7	auth	0005_alter_user_last_login_null	2024-01-31 18:03:28.607649+00
8	auth	0006_require_contenttypes_0002	2024-01-31 18:03:28.620564+00
9	auth	0007_alter_validators_add_error_messages	2024-01-31 18:03:28.640949+00
10	auth	0008_alter_user_username_max_length	2024-01-31 18:03:28.662967+00
11	auth	0009_alter_user_last_name_max_length	2024-01-31 18:03:28.687779+00
12	auth	0010_alter_group_name_max_length	2024-01-31 18:03:28.703013+00
13	auth	0011_update_proxy_permissions	2024-01-31 18:03:28.722861+00
14	auth	0012_alter_user_first_name_max_length	2024-01-31 18:03:28.742499+00
15	central	0001_initial	2024-01-31 18:03:28.771584+00
16	admin	0001_initial	2024-01-31 18:03:28.796292+00
17	admin	0002_logentry_remove_auto_add	2024-01-31 18:03:28.823503+00
18	admin	0003_logentry_add_action_flag_choices	2024-01-31 18:03:28.843225+00
19	authtoken	0001_initial	2024-01-31 18:03:28.862841+00
20	authtoken	0002_auto_20160226_1747	2024-01-31 18:03:28.900025+00
21	authtoken	0003_tokenproxy	2024-01-31 18:03:28.917274+00
22	contratacion	0001_initial	2024-01-31 18:03:29.006009+00
23	central	0002_initial	2024-01-31 18:03:29.21983+00
24	centralTenan	0001_initial	2024-01-31 18:03:29.426602+00
25	contratacionTenan	0001_initial	2024-01-31 18:03:29.927289+00
26	sessions	0001_initial	2024-01-31 18:03:29.935601+00
27	token_blacklist	0001_initial	2024-01-31 18:03:30.020307+00
28	token_blacklist	0002_outstandingtoken_jti_hex	2024-01-31 18:03:30.045023+00
29	token_blacklist	0003_auto_20171017_2007	2024-01-31 18:03:30.060006+00
30	token_blacklist	0004_auto_20171017_2013	2024-01-31 18:03:30.08528+00
31	token_blacklist	0005_remove_outstandingtoken_jti	2024-01-31 18:03:30.109647+00
32	token_blacklist	0006_auto_20171017_2113	2024-01-31 18:03:30.13433+00
33	token_blacklist	0007_auto_20171017_2214	2024-01-31 18:03:30.191394+00
34	token_blacklist	0008_migrate_to_bigautofield	2024-01-31 18:03:30.241294+00
35	token_blacklist	0010_fix_migrate_to_bigautofield	2024-01-31 18:03:30.291746+00
36	token_blacklist	0011_linearizes_history	2024-01-31 18:03:30.30662+00
37	token_blacklist	0012_alter_outstandingtoken_user	2024-01-31 18:03:30.354752+00
38	contratacion	0002_alter_incrementosretencionesnormales_aplica_afp_and_more	2024-01-31 20:10:01.35098+00
39	centralTenan	0002_alter_ubicacion_id_direccion_and_more	2024-01-31 21:04:53.522111+00
40	contratacion	0003_incrementosretencionesnormales_titulo	2024-01-31 21:04:53.539703+00
41	contratacionTenan	0002_alter_empleado_id_datos_personales	2024-01-31 21:04:53.576348+00
42	contratacion	0004_remove_incrementosretencionesrangos_id_tipo_rango_retencion_and_more	2024-01-31 22:26:36.02896+00
43	contratacion	0005_alter_incrementosretencionesrangos_id_tipo_incremento_retencion	2024-01-31 22:26:36.090251+00
44	contratacion	0006_alter_incrementosretencionesrangos_id_tipo_incremento_retencion	2024-01-31 22:30:36.487983+00
45	contratacion	0007_rename_itfa_datospersonales_ipsa_and_more	2024-02-01 16:41:34.815542+00
46	contratacion	0008_alter_tipoincrementoretencion_suma_o_resta_and_more	2024-02-01 17:46:48.840336+00
47	contratacionTenan	0003_bonoindividual_bono_especial	2024-02-01 17:46:48.881848+00
48	contratacion	0009_rename_ipsa_datospersonales_ipsfa	2024-02-01 22:19:49.312966+00
49	contratacion	0010_personaalergia_personadiscapacidad	2024-02-02 14:42:11.507771+00
50	contratacion	0011_tipodedocumento	2024-02-02 15:14:58.08422+00
51	contratacion	0012_personanombrespordocumento	2024-02-02 15:32:16.785515+00
52	contratacion	0010_movimientodecremento_movimientoincremento	2024-02-02 17:25:14.552991+00
53	contratacion	0013_merge_20240202_1724	2024-02-02 17:25:14.557205+00
54	contratacion	0013_movimientodecremento_movimientoincremento	2024-02-02 17:41:41.952372+00
55	contratacion	0014_merge_20240202_1740	2024-02-02 17:41:41.964507+00
56	contratacion	0015_prestamopersona_registropagos	2024-02-02 18:13:06.919994+00
57	contratacionTenan	0004_remove_bonoindividual_id_planilla_delete_planilla	2024-02-02 18:13:07.122418+00
58	contratacion	0016_alter_personanombrespordocumento_unique_together_and_more	2024-02-02 18:15:32.515146+00
59	contratacion	0017_movimientodecremento_aplica_siempre_and_more	2024-02-02 20:09:48.155333+00
60	contratacionTenan	0005_planilla	2024-02-02 20:09:48.291867+00
61	contratacion	0018_remove_prestamopersona_fecha_fin_and_more	2024-02-02 22:11:56.076429+00
62	contratacionTenan	0006_movaplicadecremento_movaplicaincremento	2024-02-02 22:11:56.394759+00
63	contratacion	0019_alter_prestamopersona_pago_automatico	2024-02-02 22:25:48.100106+00
64	contratacion	0020_alter_prestamopersona_finalizado	2024-02-02 22:31:56.479046+00
65	contratacion	0021_alter_personaalergia_unique_together_and_more	2024-02-03 13:56:04.871602+00
66	contratacion	0022_tipoincrementoretencion_dias_extra	2024-02-05 13:18:34.414771+00
67	contratacion	0023_remove_tipoincrementoretencion_dias_extra_and_more	2024-02-05 13:18:34.428268+00
68	contratacion	0024_datospersonales_fecha_inicio_labores	2024-02-05 13:47:07.105727+00
69	contratacionTenan	0007_delete_bonoindividual	2024-02-05 14:02:55.919871+00
70	contratacion	0025_alter_tipoincrementoretencion_tipo_and_more	2024-02-05 14:02:55.941038+00
71	contratacionTenan	0008_planilla_aportaciones_empleado_and_more	2024-02-05 18:49:15.06729+00
72	contratacionTenan	0009_alter_planilla_aportaciones_empleado_and_more	2024-02-05 18:49:56.750602+00
73	contratacion	0026_remove_tipocontrato_ncl_codigo_and_more	2024-02-05 19:26:06.945785+00
74	contratacionTenan	0010_alter_movaplicaincremento_id_movimiento_incremento	2024-02-05 19:26:07.025839+00
75	contratacion	0027_alter_cuentabanco_nombre_alter_cuentabanco_numero_and_more	2024-02-05 19:31:28.638997+00
76	contratacionTenan	0011_rename_incrementos_exentos_planilla_ingresos_exentos_and_more	2024-02-05 20:13:26.32764+00
77	contratacionTenan	0012_alter_planilla_afp_and_more	2024-02-05 20:17:54.930147+00
78	contratacion	0028_alter_cuentabanco_unique_together	2024-02-05 20:57:17.719004+00
79	contratacion	0029_estadocivil_datospersonales_id_estado_civil	2024-02-06 17:59:39.065298+00
80	contratacionTenan	0013_empleado_sobre_sueldo	2024-02-06 19:52:53.483501+00
81	contratacionTenan	0014_alter_empleado_sobre_sueldo	2024-02-06 19:57:01.239851+00
82	contratacion	0030_estudiopersona_pagado_empresa	2024-02-06 20:06:49.288496+00
83	contratacion	0031_profesion_profesiondui_datospersonales_dpi_and_more	2024-02-06 20:40:04.213472+00
84	contratacionTenan	0015_empleado_cheque_alter_empleado_codigo_empleado	2024-02-06 20:40:04.325917+00
85	contratacion	0032_datospersonales_id_profesion	2024-02-06 21:49:23.041149+00
86	contratacion	0033_datospersonales_direccion_fox	2024-02-06 22:16:28.778905+00
87	contratacion	0034_tipoaccionpersonal	2024-02-07 21:10:51.531888+00
88	contratacionTenan	0016_accionpersonal	2024-02-07 21:10:55.315774+00
89	contratacion	0035_alter_datospersonales_url_foto	2024-02-07 21:37:19.608255+00
90	contratacion	0036_alter_datospersonales_url_foto	2024-02-07 22:56:52.352502+00
91	contratacion	0037_alter_datospersonales_url_foto	2024-02-08 13:35:42.639952+00
92	contratacionTenan	0017_accionpersonal_id_afectado	2024-02-08 15:50:14.747759+00
93	contratacionTenan	0018_alter_accionpersonal_id_afectado	2024-02-08 15:53:19.400485+00
94	contratacionTenan	0019_alter_accionpersonal_id_afectado	2024-02-08 15:54:51.929779+00
95	centralTenan	0003_area_id_director	2024-02-08 21:10:04.773708+00
96	centralTenan	0004_alter_area_id_director	2024-02-08 21:36:56.208254+00
97	contratacionTenan	0020_alter_accionpersonal_fecha_autorizacion_and_more	2024-02-08 22:52:37.596906+00
98	contratacionTenan	0021_remove_empleado_fecha_inicio	2024-02-08 22:58:54.881017+00
99	contratacionTenan	0022_accionpersonal_cargo_nuevo_and_more	2024-02-09 15:49:05.405438+00
100	central	0003_institucionfinanciera_tipoinstitucion	2024-02-09 17:57:54.680515+00
101	contratacion	0038_alter_cuentabanco_unique_together_and_more	2024-02-09 17:57:55.097987+00
102	central	0004_delete_banco_and_more	2024-02-09 17:57:55.177182+00
103	contratacion	0039_alter_cuentabanco_unique_together	2024-02-09 17:59:39.624852+00
104	central	0005_ciudad	2024-02-09 22:33:25.783377+00
105	central	0006_alter_ciudad_codigo	2024-02-12 13:30:23.346914+00
106	central	0007_delete_ciudad	2024-02-12 13:30:23.354953+00
107	contratacion	0040_remove_prestamopersona_pagado	2024-02-12 14:54:25.980437+00
108	contratacion	0041_alter_prestamopersona_finalizado_and_more	2024-02-12 16:30:20.253912+00
109	contratacion	0042_alter_prestamopersona_finalizado_and_more	2024-02-12 16:32:25.130571+00
110	central	0008_tipoinstitucion_porcentaje_maximo_descontar_planilla	2024-02-13 14:26:22.680312+00
111	contratacion	0043_remove_prestamopersona_monto_adeudado_and_more	2024-02-13 14:26:22.750714+00
112	contratacion	0044_prestamopersona_nota_alter_prestamopersona_fecha_fin	2024-02-13 17:30:32.89763+00
113	contratacionTenan	0023_accionpersonal_ubicacion_nuevo_and_more	2024-02-13 21:23:46.748337+00
114	contratacionTenan	0024_accionpersonal_ccosto_nuevo	2024-02-13 21:48:40.137616+00
115	centralTenan	0005_remove_ubicacion_id_direccion_ubicacion_direccion	2024-02-13 22:04:45.655583+00
116	contratacionTenan	0025_remove_planilla_afp_remove_planilla_aguinaldo_and_more	2024-02-13 22:23:25.653201+00
117	contratacionTenan	0002_rename_ccosto_nuevo_accionpersonal_id_centro_de_costo_and_more	2024-02-14 21:11:41.134299+00
118	contratacionTenan	0003_alter_accionpersonal_cargo_nuevo	2024-02-14 22:32:27.421542+00
119	contratacionTenan	0004_alter_accionpersonal_departamento_nuevo	2024-02-15 17:31:13.202306+00
120	contratacionTenan	0005_alter_empleado_codigo_empleado_and_more	2024-02-15 20:26:41.389937+00
121	contratacionTenan	0006_alter_empleado_fecha_contratacion_and_more	2024-02-15 21:20:21.196455+00
122	contratacion	0002_remove_datospersonales_direccion_fox_and_more	2024-02-16 15:29:35.391118+00
123	contratacionTenan	0007_detalleplanilla_prestamosregistropagos	2024-02-16 15:29:35.592964+00
124	contratacionTenan	0008_alter_accionpersonal_fecha_inicio	2024-02-16 17:17:36.464199+00
125	contratacionTenan	0009_accionpersonal_indemnizacion_empleado_indemnizacion_and_more	2024-02-16 17:36:59.005432+00
126	contratacionTenan	0010_alter_empleado_url_foto	2024-02-16 21:01:53.521025+00
127	contratacionTenan	0011_remove_empleado_url_foto	2024-02-16 21:07:35.762659+00
128	contratacionTenan	0012_accionpersonal_voluntario	2024-02-16 21:44:31.610634+00
129	central	0003_mes	2024-02-20 17:57:55.440511+00
130	contratacionTenan	0013_remove_periodo_periodo_periodo_created_at_and_more	2024-02-20 17:57:55.563764+00
131	contratacionTenan	0014_alter_periodo_mes_alter_periodo_unique_together	2024-02-20 17:59:04.371308+00
132	contratacionTenan	0015_alter_planilla_unique_together	2024-02-20 19:26:23.904287+00
133	contratacion	0003_rename_prestamopersona_ordendescuento	2024-02-21 18:07:15.039597+00
134	contratacionTenan	0016_alter_movaplicaincremento_id_periodo_planificado	2024-02-22 13:21:14.797924+00
135	contratacionTenan	0017_accionpersonal_estado	2024-02-22 16:01:15.118165+00
136	contratacion	0004_planillaestado_planillatipo_and_more	2024-02-26 14:33:55.699929+00
137	contratacionTenan	0018_alter_detalleplanilla_tipo_aportacion_and_more	2024-02-26 14:33:55.962433+00
138	contratacionTenan	0019_alter_planilla_unique_together_and_more	2024-02-26 18:02:53.745429+00
139	contratacionTenan	0020_alter_accionpersonal_id_afectado	2024-02-27 15:17:04.591419+00
140	contratacionTenan	0021_accionpersonal_dir_extra_accionpersonal_edad_max_and_more	2024-02-27 16:38:16.677255+00
141	contratacionTenan	0022_alter_accionpersonal_edad_max_and_more	2024-02-27 16:38:16.746255+00
142	contratacionTenan	0023_accionpersonal_vacante	2024-02-27 17:09:29.38596+00
143	contratacionTenan	0024_remove_recordcrediticio_id_planilla_and_more	2024-02-27 17:44:19.791555+00
144	contratacionTenan	0025_remove_recordcrediticio_id_orden_descuento	2024-02-27 19:27:25.940977+00
145	contratacion	0005_delete_ordendescuento	2024-02-27 19:27:25.94487+00
146	contratacionTenan	0026_ordendescuento_recordcrediticio_id_orden_descuento	2024-02-27 19:41:40.692827+00
147	contratacionTenan	0027_remove_ordendescuento_id_datos_personales_and_more	2024-02-27 20:01:48.156147+00
148	contratacion	0006_tipoincrementoretencion_descripcion	2024-02-27 20:34:59.404829+00
\.


--
-- Data for Name: centralTenan_area; Type: TABLE DATA; Schema: premium; Owner: postgres
--

COPY premium."centralTenan_area" (id, nombre, codigo, id_director_id) FROM stdin;
\.


--
-- Data for Name: centralTenan_centrodecosto; Type: TABLE DATA; Schema: premium; Owner: postgres
--

COPY premium."centralTenan_centrodecosto" (id, nombre, codigo) FROM stdin;
\.


--
-- Data for Name: centralTenan_ubicacion; Type: TABLE DATA; Schema: premium; Owner: postgres
--

COPY premium."centralTenan_ubicacion" (id, nombre, codigo, direccion, id_tipo_de_ubicacion_id) FROM stdin;
\.


--
-- Data for Name: contratacionTenan_accionpersonal; Type: TABLE DATA; Schema: premium; Owner: postgres
--

COPY premium."contratacionTenan_accionpersonal" (id, observaciones, departamento_nuevo_id, cargo_nuevo_id, salario_nuevo, auth_encargado, auth_director_area, auth_gerente_general, auth_gerente_rhu, fecha_inicio, fecha_fin, fecha_autorizacion, fecha_ejecuccion, created_at, updated_at, id_centro_de_costo_id, id_tipo_accion_personal_id, id_ubicacion_id, id_cargo_id, id_afectado_id, id_director_area_id, id_encargado_id, id_gerente_general_id, id_gerente_rhu_id, indemnizacion, voluntario, estado, dir_extra, edad_max, edad_min, id_departamento_id, id_municipio_id, id_sexo_id, justificacion, tipo_contrato, vacante) FROM stdin;
\.


--
-- Data for Name: contratacionTenan_cargo; Type: TABLE DATA; Schema: premium; Owner: postgres
--

COPY premium."contratacionTenan_cargo" (id, nombre, codigo, estado, agrupador, created_at, updated_at, id_nivel_empleado_id) FROM stdin;
\.


--
-- Data for Name: contratacionTenan_detalleplanilla; Type: TABLE DATA; Schema: premium; Owner: postgres
--

COPY premium."contratacionTenan_detalleplanilla" (id, tipo_aportacion, monto, id_planilla_id, id_tipo_incremento_retencion_id) FROM stdin;
\.


--
-- Data for Name: contratacionTenan_empleado; Type: TABLE DATA; Schema: premium; Owner: postgres
--

COPY premium."contratacionTenan_empleado" (id, url_curriculum, codigo_empleado, fecha_finalizacion, cheque, fecha_inicio_labores, fecha_contratacion, salario, sobre_sueldo, estado, fecha_retiro, descripcion_plaza, observaciones, created_at, updated_at, id_area_id, id_cargo_id, id_centro_de_costo_id, id_datos_personales_id, id_tipo_periodo_id, id_ubicacion_id, indemnizacion) FROM stdin;
\.


--
-- Data for Name: contratacionTenan_movaplicadecremento; Type: TABLE DATA; Schema: premium; Owner: postgres
--

COPY premium."contratacionTenan_movaplicadecremento" (id, monto_fijo, estado, titulo, created_at, updated_at, id_empleado_id, id_movimiento_decremento_id, id_user_id, id_periodo_planificado_id) FROM stdin;
\.


--
-- Data for Name: contratacionTenan_movaplicaincremento; Type: TABLE DATA; Schema: premium; Owner: postgres
--

COPY premium."contratacionTenan_movaplicaincremento" (id, monto_fijo, estado, titulo, created_at, updated_at, id_empleado_id, id_movimiento_incremento_id, id_user_id, id_periodo_planificado_id) FROM stdin;
\.


--
-- Data for Name: contratacionTenan_ordendescuento; Type: TABLE DATA; Schema: premium; Owner: postgres
--

COPY premium."contratacionTenan_ordendescuento" (id, numero_cuotas, monto_cuota, codigo_ref, finalizado, pago_automatico, activo, fecha_inicio, fecha_fin, nota, id_institucion_financiera_id, id_empleado_id) FROM stdin;
\.


--
-- Data for Name: contratacionTenan_periodo; Type: TABLE DATA; Schema: premium; Owner: postgres
--

COPY premium."contratacionTenan_periodo" (id, anio, created_at, estado, mes_id, quincena, updated_at) FROM stdin;
\.


--
-- Data for Name: contratacionTenan_planilla; Type: TABLE DATA; Schema: premium; Owner: postgres
--

COPY premium."contratacionTenan_planilla" (id, sueldo, ingresos_exentos, otros_ingresos, total_devengado, descuentos, aportes_patronales, salario_liquido, created_at, updated_at, id_empleado_id, id_encabezado_id) FROM stdin;
\.


--
-- Data for Name: contratacionTenan_planillaencabezado; Type: TABLE DATA; Schema: premium; Owner: postgres
--

COPY premium."contratacionTenan_planillaencabezado" (id, id_estado_id, id_tipo_id, id_user_id, id_periodo_id) FROM stdin;
\.


--
-- Data for Name: contratacionTenan_prestamosregistropagos; Type: TABLE DATA; Schema: premium; Owner: postgres
--

COPY premium."contratacionTenan_prestamosregistropagos" (id, monto, created_at, updated_at, id_datos_personales_id, id_detalle_planilla_id) FROM stdin;
\.


--
-- Data for Name: contratacionTenan_recordcrediticio; Type: TABLE DATA; Schema: premium; Owner: postgres
--

COPY premium."contratacionTenan_recordcrediticio" (id, monto_cuota, id_detalle_planilla_id, id_orden_descuento_id) FROM stdin;
\.


--
-- Data for Name: django_content_type; Type: TABLE DATA; Schema: premium; Owner: postgres
--

COPY premium.django_content_type (id, app_label, model) FROM stdin;
1	central	client
2	central	departamento
3	central	direccion
4	central	domain
5	central	institucionfinanciera
6	central	municipio
7	central	pais
8	central	sexo
9	central	tipodeubicacion
10	central	tipoinstitucion
11	central	zona
12	central	user
13	admin	logentry
14	auth	permission
15	auth	group
16	contenttypes	contenttype
17	sessions	session
18	token_blacklist	blacklistedtoken
19	token_blacklist	outstandingtoken
20	contratacion	contrato
21	contratacion	estadocivil
22	contratacion	estudios
23	contratacion	nivelempleado
24	contratacion	nivelestudio
25	contratacion	ocupacion
26	contratacion	profesion
27	contratacion	profesiondui
28	contratacion	project
29	contratacion	registropagos
30	contratacion	tipoaccionpersonal
31	contratacion	tipocontrato
32	contratacion	tipodealergia
33	contratacion	tipodediscapacidad
34	contratacion	tipodedocumento
35	contratacion	tipodependiente
36	contratacion	tipodevacuna
37	contratacion	tipohora
38	contratacion	tipoincrementoretencion
39	contratacion	tipoperiodo
40	contratacion	tiposalario
41	contratacion	datospersonales
42	contratacion	estudiopersona
43	contratacion	paramcotizacion
44	contratacion	prestamopersona
45	contratacion	tareas
46	contratacion	dependiente
47	contratacion	movimientoincremento
48	contratacion	movimientodecremento
49	contratacion	incrementosretencionesrangos
50	contratacion	cuentabanco
51	contratacion	personaalergia
52	contratacion	personadiscapacidad
53	contratacion	personanombrespordocumento
54	contratacion	personavacuna
55	authtoken	token
56	authtoken	tokenproxy
57	contratacionTenan	periodo
58	contratacionTenan	cargo
59	contratacionTenan	empleado
60	contratacionTenan	accionpersonal
61	contratacionTenan	movaplicaincremento
62	contratacionTenan	movaplicadecremento
63	contratacionTenan	planilla
64	centralTenan	centrodecosto
65	centralTenan	area
66	centralTenan	ubicacion
67	contratacionTenan	detalleplanilla
68	contratacionTenan	prestamosregistropagos
69	central	mes
70	contratacion	ordendescuento
71	contratacion	planillaestado
72	contratacion	planillatipo
73	contratacionTenan	planillaencabezado
74	contratacionTenan	recordcrediticio
75	contratacionTenan	ordendescuento
\.


--
-- Data for Name: django_migrations; Type: TABLE DATA; Schema: premium; Owner: postgres
--

COPY premium.django_migrations (id, app, name, applied) FROM stdin;
1	contenttypes	0001_initial	2024-02-14 14:06:16.384859+00
2	contenttypes	0002_remove_content_type_name	2024-02-14 14:06:16.392669+00
3	auth	0001_initial	2024-02-14 14:06:16.400484+00
4	auth	0002_alter_permission_name_max_length	2024-02-14 14:06:16.40626+00
5	auth	0003_alter_user_email_max_length	2024-02-14 14:06:16.414745+00
6	auth	0004_alter_user_username_opts	2024-02-14 14:06:16.422792+00
7	auth	0005_alter_user_last_login_null	2024-02-14 14:06:16.430032+00
8	auth	0006_require_contenttypes_0002	2024-02-14 14:06:16.434553+00
9	auth	0007_alter_validators_add_error_messages	2024-02-14 14:06:16.442338+00
10	auth	0008_alter_user_username_max_length	2024-02-14 14:06:16.451465+00
11	auth	0009_alter_user_last_name_max_length	2024-02-14 14:06:16.458137+00
12	auth	0010_alter_group_name_max_length	2024-02-14 14:06:16.464117+00
13	auth	0011_update_proxy_permissions	2024-02-14 14:06:16.467056+00
14	auth	0012_alter_user_first_name_max_length	2024-02-14 14:06:16.475511+00
15	central	0001_initial	2024-02-14 14:06:16.492309+00
16	admin	0001_initial	2024-02-14 14:06:16.50238+00
17	admin	0002_logentry_remove_auto_add	2024-02-14 14:06:16.512024+00
18	admin	0003_logentry_add_action_flag_choices	2024-02-14 14:06:16.521873+00
19	authtoken	0001_initial	2024-02-14 14:06:16.530707+00
20	authtoken	0002_auto_20160226_1747	2024-02-14 14:06:16.554222+00
21	authtoken	0003_tokenproxy	2024-02-14 14:06:16.55806+00
22	contratacion	0001_initial	2024-02-14 14:06:16.70895+00
23	central	0002_initial	2024-02-14 14:06:16.936527+00
24	centralTenan	0001_initial	2024-02-14 14:06:17.057742+00
25	contratacionTenan	0001_initial	2024-02-14 14:06:17.551192+00
26	sessions	0001_initial	2024-02-14 14:06:17.562712+00
27	token_blacklist	0001_initial	2024-02-14 14:06:17.667456+00
28	token_blacklist	0002_outstandingtoken_jti_hex	2024-02-14 14:06:17.685491+00
29	token_blacklist	0003_auto_20171017_2007	2024-02-14 14:06:17.690364+00
30	token_blacklist	0004_auto_20171017_2013	2024-02-14 14:06:17.708725+00
31	token_blacklist	0005_remove_outstandingtoken_jti	2024-02-14 14:06:17.726973+00
32	token_blacklist	0006_auto_20171017_2113	2024-02-14 14:06:17.744631+00
33	token_blacklist	0007_auto_20171017_2214	2024-02-14 14:06:17.881691+00
34	token_blacklist	0008_migrate_to_bigautofield	2024-02-14 14:06:17.929173+00
35	token_blacklist	0010_fix_migrate_to_bigautofield	2024-02-14 14:06:17.978586+00
36	token_blacklist	0011_linearizes_history	2024-02-14 14:06:17.981087+00
37	token_blacklist	0012_alter_outstandingtoken_user	2024-02-14 14:06:18.028626+00
38	contratacionTenan	0002_rename_ccosto_nuevo_accionpersonal_id_centro_de_costo_and_more	2024-02-14 21:11:41.606653+00
39	contratacionTenan	0003_alter_accionpersonal_cargo_nuevo	2024-02-14 22:32:27.854304+00
40	contratacionTenan	0004_alter_accionpersonal_departamento_nuevo	2024-02-15 17:31:13.650827+00
41	contratacionTenan	0005_alter_empleado_codigo_empleado_and_more	2024-02-15 20:26:41.88606+00
42	contratacionTenan	0006_alter_empleado_fecha_contratacion_and_more	2024-02-15 21:20:21.82246+00
43	contratacion	0002_remove_datospersonales_direccion_fox_and_more	2024-02-16 15:29:36.161553+00
44	contratacionTenan	0007_detalleplanilla_prestamosregistropagos	2024-02-16 15:29:36.363618+00
45	contratacionTenan	0008_alter_accionpersonal_fecha_inicio	2024-02-16 17:17:36.875557+00
46	contratacionTenan	0009_accionpersonal_indemnizacion_empleado_indemnizacion_and_more	2024-02-16 17:36:59.487032+00
47	contratacionTenan	0010_alter_empleado_url_foto	2024-02-16 21:01:53.972386+00
48	contratacionTenan	0011_remove_empleado_url_foto	2024-02-16 21:07:36.202516+00
49	contratacionTenan	0012_accionpersonal_voluntario	2024-02-16 21:44:32.059494+00
50	central	0003_mes	2024-02-20 17:57:55.831196+00
51	contratacionTenan	0013_remove_periodo_periodo_periodo_created_at_and_more	2024-02-20 17:57:55.954517+00
52	contratacionTenan	0014_alter_periodo_mes_alter_periodo_unique_together	2024-02-20 17:59:04.698564+00
53	contratacionTenan	0015_alter_planilla_unique_together	2024-02-20 19:26:24.184924+00
54	contratacion	0003_rename_prestamopersona_ordendescuento	2024-02-21 18:07:15.349995+00
55	contratacionTenan	0016_alter_movaplicaincremento_id_periodo_planificado	2024-02-22 13:21:15.215822+00
56	contratacionTenan	0017_accionpersonal_estado	2024-02-22 16:01:15.562886+00
57	contratacion	0004_planillaestado_planillatipo_and_more	2024-02-26 14:33:55.061236+00
58	contratacionTenan	0018_alter_detalleplanilla_tipo_aportacion_and_more	2024-02-26 14:33:55.38003+00
59	contratacionTenan	0019_alter_planilla_unique_together_and_more	2024-02-26 18:02:53.213218+00
60	contratacionTenan	0020_alter_accionpersonal_id_afectado	2024-02-27 15:17:04.105617+00
61	contratacionTenan	0021_accionpersonal_dir_extra_accionpersonal_edad_max_and_more	2024-02-27 16:38:15.559256+00
62	contratacionTenan	0022_alter_accionpersonal_edad_max_and_more	2024-02-27 16:38:15.633288+00
63	contratacionTenan	0023_accionpersonal_vacante	2024-02-27 17:09:28.88696+00
64	contratacionTenan	0024_remove_recordcrediticio_id_planilla_and_more	2024-02-27 17:44:19.400943+00
65	contratacionTenan	0025_remove_recordcrediticio_id_orden_descuento	2024-02-27 19:27:25.714376+00
66	contratacion	0005_delete_ordendescuento	2024-02-27 19:27:25.719093+00
67	contratacionTenan	0026_ordendescuento_recordcrediticio_id_orden_descuento	2024-02-27 19:41:40.355153+00
68	contratacionTenan	0027_remove_ordendescuento_id_datos_personales_and_more	2024-02-27 20:01:47.889321+00
69	contratacion	0006_tipoincrementoretencion_descripcion	2024-02-27 20:34:59.17603+00
\.


--
-- Data for Name: auth_group; Type: TABLE DATA; Schema: public; Owner: postgres
--

COPY public.auth_group (id, name) FROM stdin;
1	Central
2	creacion_acciones
3	administracion_acciones
\.


--
-- Data for Name: auth_group_permissions; Type: TABLE DATA; Schema: public; Owner: postgres
--

COPY public.auth_group_permissions (id, group_id, permission_id) FROM stdin;
1	2	265
2	2	268
3	3	265
4	3	266
5	3	268
\.


--
-- Data for Name: auth_permission; Type: TABLE DATA; Schema: public; Owner: postgres
--

COPY public.auth_permission (id, name, content_type_id, codename) FROM stdin;
1	Can add banco	1	add_banco
2	Can change banco	1	change_banco
3	Can delete banco	1	delete_banco
4	Can view banco	1	view_banco
5	Can add client	2	add_client
6	Can change client	2	change_client
7	Can delete client	2	delete_client
8	Can view client	2	view_client
9	Can add departamento	3	add_departamento
10	Can change departamento	3	change_departamento
11	Can delete departamento	3	delete_departamento
12	Can view departamento	3	view_departamento
13	Can add direccion	4	add_direccion
14	Can change direccion	4	change_direccion
15	Can delete direccion	4	delete_direccion
16	Can view direccion	4	view_direccion
17	Can add domain	5	add_domain
18	Can change domain	5	change_domain
19	Can delete domain	5	delete_domain
20	Can view domain	5	view_domain
21	Can add municipio	6	add_municipio
22	Can change municipio	6	change_municipio
23	Can delete municipio	6	delete_municipio
24	Can view municipio	6	view_municipio
25	Can add pais	7	add_pais
26	Can change pais	7	change_pais
27	Can delete pais	7	delete_pais
28	Can view pais	7	view_pais
29	Can add sexo	8	add_sexo
30	Can change sexo	8	change_sexo
31	Can delete sexo	8	delete_sexo
32	Can view sexo	8	view_sexo
33	Can add tipo de ubicacion	9	add_tipodeubicacion
34	Can change tipo de ubicacion	9	change_tipodeubicacion
35	Can delete tipo de ubicacion	9	delete_tipodeubicacion
36	Can view tipo de ubicacion	9	view_tipodeubicacion
37	Can add zona	10	add_zona
38	Can change zona	10	change_zona
39	Can delete zona	10	delete_zona
40	Can view zona	10	view_zona
41	Can add user	11	add_user
42	Can change user	11	change_user
43	Can delete user	11	delete_user
44	Can view user	11	view_user
45	Can add log entry	12	add_logentry
46	Can change log entry	12	change_logentry
47	Can delete log entry	12	delete_logentry
48	Can view log entry	12	view_logentry
49	Can add permission	13	add_permission
50	Can change permission	13	change_permission
51	Can delete permission	13	delete_permission
52	Can view permission	13	view_permission
53	Can add group	14	add_group
54	Can change group	14	change_group
55	Can delete group	14	delete_group
56	Can view group	14	view_group
57	Can add content type	15	add_contenttype
58	Can change content type	15	change_contenttype
59	Can delete content type	15	delete_contenttype
60	Can view content type	15	view_contenttype
61	Can add session	16	add_session
62	Can change session	16	change_session
63	Can delete session	16	delete_session
64	Can view session	16	view_session
65	Can add blacklisted token	17	add_blacklistedtoken
66	Can change blacklisted token	17	change_blacklistedtoken
67	Can delete blacklisted token	17	delete_blacklistedtoken
68	Can view blacklisted token	17	view_blacklistedtoken
69	Can add outstanding token	18	add_outstandingtoken
70	Can change outstanding token	18	change_outstandingtoken
71	Can delete outstanding token	18	delete_outstandingtoken
72	Can view outstanding token	18	view_outstandingtoken
73	Can add contrato	19	add_contrato
74	Can change contrato	19	change_contrato
75	Can delete contrato	19	delete_contrato
76	Can view contrato	19	view_contrato
77	Can add estudios	20	add_estudios
78	Can change estudios	20	change_estudios
79	Can delete estudios	20	delete_estudios
80	Can view estudios	20	view_estudios
81	Can add nivel empleado	21	add_nivelempleado
82	Can change nivel empleado	21	change_nivelempleado
83	Can delete nivel empleado	21	delete_nivelempleado
84	Can view nivel empleado	21	view_nivelempleado
85	Can add nivel estudio	22	add_nivelestudio
86	Can change nivel estudio	22	change_nivelestudio
87	Can delete nivel estudio	22	delete_nivelestudio
88	Can view nivel estudio	22	view_nivelestudio
89	Can add ocupacion	23	add_ocupacion
90	Can change ocupacion	23	change_ocupacion
91	Can delete ocupacion	23	delete_ocupacion
92	Can view ocupacion	23	view_ocupacion
93	Can add project	24	add_project
94	Can change project	24	change_project
95	Can delete project	24	delete_project
96	Can view project	24	view_project
97	Can add tipo contrato	25	add_tipocontrato
98	Can change tipo contrato	25	change_tipocontrato
99	Can delete tipo contrato	25	delete_tipocontrato
100	Can view tipo contrato	25	view_tipocontrato
101	Can add tipo de alergia	26	add_tipodealergia
102	Can change tipo de alergia	26	change_tipodealergia
103	Can delete tipo de alergia	26	delete_tipodealergia
104	Can view tipo de alergia	26	view_tipodealergia
105	Can add tipo de discapacidad	27	add_tipodediscapacidad
106	Can change tipo de discapacidad	27	change_tipodediscapacidad
107	Can delete tipo de discapacidad	27	delete_tipodediscapacidad
108	Can view tipo de discapacidad	27	view_tipodediscapacidad
109	Can add tipo dependiente	28	add_tipodependiente
110	Can change tipo dependiente	28	change_tipodependiente
111	Can delete tipo dependiente	28	delete_tipodependiente
112	Can view tipo dependiente	28	view_tipodependiente
113	Can add tipo de vacuna	29	add_tipodevacuna
114	Can change tipo de vacuna	29	change_tipodevacuna
115	Can delete tipo de vacuna	29	delete_tipodevacuna
116	Can view tipo de vacuna	29	view_tipodevacuna
117	Can add tipo hora	30	add_tipohora
118	Can change tipo hora	30	change_tipohora
119	Can delete tipo hora	30	delete_tipohora
120	Can view tipo hora	30	view_tipohora
121	Can add tipo incremento retencion	31	add_tipoincrementoretencion
122	Can change tipo incremento retencion	31	change_tipoincrementoretencion
123	Can delete tipo incremento retencion	31	delete_tipoincrementoretencion
124	Can view tipo incremento retencion	31	view_tipoincrementoretencion
125	Can add tipo periodo	32	add_tipoperiodo
126	Can change tipo periodo	32	change_tipoperiodo
127	Can delete tipo periodo	32	delete_tipoperiodo
128	Can view tipo periodo	32	view_tipoperiodo
129	Can add tipo salario	33	add_tiposalario
130	Can change tipo salario	33	change_tiposalario
131	Can delete tipo salario	33	delete_tiposalario
132	Can view tipo salario	33	view_tiposalario
133	Can add datos personales	34	add_datospersonales
134	Can change datos personales	34	change_datospersonales
135	Can delete datos personales	34	delete_datospersonales
136	Can view datos personales	34	view_datospersonales
137	Can add cuenta banco	35	add_cuentabanco
138	Can change cuenta banco	35	change_cuentabanco
139	Can delete cuenta banco	35	delete_cuentabanco
140	Can view cuenta banco	35	view_cuentabanco
141	Can add estudio persona	36	add_estudiopersona
142	Can change estudio persona	36	change_estudiopersona
143	Can delete estudio persona	36	delete_estudiopersona
144	Can view estudio persona	36	view_estudiopersona
145	Can add param cotizacion	37	add_paramcotizacion
146	Can change param cotizacion	37	change_paramcotizacion
147	Can delete param cotizacion	37	delete_paramcotizacion
148	Can view param cotizacion	37	view_paramcotizacion
149	Can add tareas	38	add_tareas
150	Can change tareas	38	change_tareas
151	Can delete tareas	38	delete_tareas
152	Can view tareas	38	view_tareas
153	Can add dependiente	39	add_dependiente
154	Can change dependiente	39	change_dependiente
155	Can delete dependiente	39	delete_dependiente
156	Can view dependiente	39	view_dependiente
157	Can add persona vacuna	40	add_personavacuna
158	Can change persona vacuna	40	change_personavacuna
159	Can delete persona vacuna	40	delete_personavacuna
160	Can view persona vacuna	40	view_personavacuna
161	Can add Retenciones he incrementos	41	add_incrementosretencionesnormales
162	Can change Retenciones he incrementos	41	change_incrementosretencionesnormales
163	Can delete Retenciones he incrementos	41	delete_incrementosretencionesnormales
164	Can view Retenciones he incrementos	41	view_incrementosretencionesnormales
165	Can add Rango de retencin	42	add_incrementosretencionesrangos
166	Can change Rango de retencin	42	change_incrementosretencionesrangos
167	Can delete Rango de retencin	42	delete_incrementosretencionesrangos
168	Can view Rango de retencin	42	view_incrementosretencionesrangos
169	Can add Token	43	add_token
170	Can change Token	43	change_token
171	Can delete Token	43	delete_token
172	Can view Token	43	view_token
173	Can add token	44	add_tokenproxy
174	Can change token	44	change_tokenproxy
175	Can delete token	44	delete_tokenproxy
176	Can view token	44	view_tokenproxy
177	Can add periodo	45	add_periodo
178	Can change periodo	45	change_periodo
179	Can delete periodo	45	delete_periodo
180	Can view periodo	45	view_periodo
181	Can add cargo	46	add_cargo
182	Can change cargo	46	change_cargo
183	Can delete cargo	46	delete_cargo
184	Can view cargo	46	view_cargo
185	Can add empleado	47	add_empleado
186	Can change empleado	47	change_empleado
187	Can delete empleado	47	delete_empleado
188	Can view empleado	47	view_empleado
189	Can add planilla	48	add_planilla
190	Can change planilla	48	change_planilla
191	Can delete planilla	48	delete_planilla
192	Can view planilla	48	view_planilla
193	Can add bono individual	49	add_bonoindividual
194	Can change bono individual	49	change_bonoindividual
195	Can delete bono individual	49	delete_bonoindividual
196	Can view bono individual	49	view_bonoindividual
197	Can add area	50	add_area
198	Can change area	50	change_area
199	Can delete area	50	delete_area
200	Can view area	50	view_area
201	Can add centro de costo	51	add_centrodecosto
202	Can change centro de costo	51	change_centrodecosto
203	Can delete centro de costo	51	delete_centrodecosto
204	Can view centro de costo	51	view_centrodecosto
205	Can add ubicacion	52	add_ubicacion
206	Can change ubicacion	52	change_ubicacion
207	Can delete ubicacion	52	delete_ubicacion
208	Can view ubicacion	52	view_ubicacion
209	Can add persona alergia	53	add_personaalergia
210	Can change persona alergia	53	change_personaalergia
211	Can delete persona alergia	53	delete_personaalergia
212	Can view persona alergia	53	view_personaalergia
213	Can add persona discapacidad	54	add_personadiscapacidad
214	Can change persona discapacidad	54	change_personadiscapacidad
215	Can delete persona discapacidad	54	delete_personadiscapacidad
216	Can view persona discapacidad	54	view_personadiscapacidad
217	Can add tipo de documento	55	add_tipodedocumento
218	Can change tipo de documento	55	change_tipodedocumento
219	Can delete tipo de documento	55	delete_tipodedocumento
220	Can view tipo de documento	55	view_tipodedocumento
221	Can add persona nombres por documento	56	add_personanombrespordocumento
222	Can change persona nombres por documento	56	change_personanombrespordocumento
223	Can delete persona nombres por documento	56	delete_personanombrespordocumento
224	Can view persona nombres por documento	56	view_personanombrespordocumento
225	Can add Retenciones y decrementos sobre los salarios	57	add_movimientodecremento
226	Can change Retenciones y decrementos sobre los salarios	57	change_movimientodecremento
227	Can delete Retenciones y decrementos sobre los salarios	57	delete_movimientodecremento
228	Can view Retenciones y decrementos sobre los salarios	57	view_movimientodecremento
229	Can add Retenciones he incrementos	58	add_movimientoincremento
230	Can change Retenciones he incrementos	58	change_movimientoincremento
231	Can delete Retenciones he incrementos	58	delete_movimientoincremento
232	Can view Retenciones he incrementos	58	view_movimientoincremento
233	Can add registro pagos	59	add_registropagos
234	Can change registro pagos	59	change_registropagos
235	Can delete registro pagos	59	delete_registropagos
236	Can view registro pagos	59	view_registropagos
237	Can add prestamo persona	60	add_prestamopersona
238	Can change prestamo persona	60	change_prestamopersona
239	Can delete prestamo persona	60	delete_prestamopersona
240	Can view prestamo persona	60	view_prestamopersona
241	Can add Decrementos de salarios	61	add_movaplicadecremento
242	Can change Decrementos de salarios	61	change_movaplicadecremento
243	Can delete Decrementos de salarios	61	delete_movaplicadecremento
244	Can view Decrementos de salarios	61	view_movaplicadecremento
245	Can add Incrementos de salarios	62	add_movaplicaincremento
246	Can change Incrementos de salarios	62	change_movaplicaincremento
247	Can delete Incrementos de salarios	62	delete_movaplicaincremento
248	Can view Incrementos de salarios	62	view_movaplicaincremento
249	Can add estado civil	63	add_estadocivil
250	Can change estado civil	63	change_estadocivil
251	Can delete estado civil	63	delete_estadocivil
252	Can view estado civil	63	view_estadocivil
253	Can add profesion	64	add_profesion
254	Can change profesion	64	change_profesion
255	Can delete profesion	64	delete_profesion
256	Can view profesion	64	view_profesion
257	Can add profesion dui	65	add_profesiondui
258	Can change profesion dui	65	change_profesiondui
259	Can delete profesion dui	65	delete_profesiondui
260	Can view profesion dui	65	view_profesiondui
261	Can add tipo accion personal	66	add_tipoaccionpersonal
262	Can change tipo accion personal	66	change_tipoaccionpersonal
263	Can delete tipo accion personal	66	delete_tipoaccionpersonal
264	Can view tipo accion personal	66	view_tipoaccionpersonal
265	Can add accion personal	67	add_accionpersonal
266	Can change accion personal	67	change_accionpersonal
267	Can delete accion personal	67	delete_accionpersonal
268	Can view accion personal	67	view_accionpersonal
269	Can add institucion financiera	68	add_institucionfinanciera
270	Can change institucion financiera	68	change_institucionfinanciera
271	Can delete institucion financiera	68	delete_institucionfinanciera
272	Can view institucion financiera	68	view_institucionfinanciera
273	Can add tipo institucion	69	add_tipoinstitucion
274	Can change tipo institucion	69	change_tipoinstitucion
275	Can delete tipo institucion	69	delete_tipoinstitucion
276	Can view tipo institucion	69	view_tipoinstitucion
277	Can add ciudad	70	add_ciudad
278	Can change ciudad	70	change_ciudad
279	Can delete ciudad	70	delete_ciudad
280	Can view ciudad	70	view_ciudad
281	Can add detalle planilla	71	add_detalleplanilla
282	Can change detalle planilla	71	change_detalleplanilla
283	Can delete detalle planilla	71	delete_detalleplanilla
284	Can view detalle planilla	71	view_detalleplanilla
285	Can add prestamos registro pagos	72	add_prestamosregistropagos
286	Can change prestamos registro pagos	72	change_prestamosregistropagos
287	Can delete prestamos registro pagos	72	delete_prestamosregistropagos
288	Can view prestamos registro pagos	72	view_prestamosregistropagos
289	Can add mes	73	add_mes
290	Can change mes	73	change_mes
291	Can delete mes	73	delete_mes
292	Can view mes	73	view_mes
293	Can add orden descuento	60	add_ordendescuento
294	Can change orden descuento	60	change_ordendescuento
295	Can delete orden descuento	60	delete_ordendescuento
296	Can view orden descuento	60	view_ordendescuento
297	Can add planilla estado	74	add_planillaestado
298	Can change planilla estado	74	change_planillaestado
299	Can delete planilla estado	74	delete_planillaestado
300	Can view planilla estado	74	view_planillaestado
301	Can add planilla tipo	75	add_planillatipo
302	Can change planilla tipo	75	change_planillatipo
303	Can delete planilla tipo	75	delete_planillatipo
304	Can view planilla tipo	75	view_planillatipo
305	Can add planilla encabezado	76	add_planillaencabezado
306	Can change planilla encabezado	76	change_planillaencabezado
307	Can delete planilla encabezado	76	delete_planillaencabezado
308	Can view planilla encabezado	76	view_planillaencabezado
309	Can add record crediticio	77	add_recordcrediticio
310	Can change record crediticio	77	change_recordcrediticio
311	Can delete record crediticio	77	delete_recordcrediticio
312	Can view record crediticio	77	view_recordcrediticio
313	Can add orden descuento	78	add_ordendescuento
314	Can change orden descuento	78	change_ordendescuento
315	Can delete orden descuento	78	delete_ordendescuento
316	Can view orden descuento	78	view_ordendescuento
\.


--
-- Data for Name: authtoken_token; Type: TABLE DATA; Schema: public; Owner: postgres
--

COPY public.authtoken_token (key, created, user_id) FROM stdin;
\.


--
-- Data for Name: central_client; Type: TABLE DATA; Schema: public; Owner: postgres
--

COPY public.central_client (id, schema_name, name, paid_until, on_trial, created_on) FROM stdin;
1	bomba	almacenesbomba	2023-12-28	f	2024-02-14
2	premium	premium	2023-12-28	f	2024-02-14
3	gtpremium	premium guate	2023-12-28	f	2024-02-14
4	gtboom	bomba Guatemala	2023-12-28	f	2024-02-14
5	svinprocasa	svinprocasa El Salvador	2023-12-28	f	2024-02-14
6	svmegatelas	svmegatelas El Salvador	2023-12-28	f	2024-02-14
10	public	Schemas Inc.	2016-12-05	f	2024-02-26
\.


--
-- Data for Name: central_departamento; Type: TABLE DATA; Schema: public; Owner: postgres
--

COPY public.central_departamento (id, codigo, codigo_fel, nombre, created_at, updated_at, id_pais_id, id_zona_id) FROM stdin;
1	\N	01	Ahuachapn	2024-01-31 18:57:45.405305+00	2024-01-31 18:57:45.405305+00	1	1
2	\N	02	Santa Ana	2024-01-31 18:57:45.405305+00	2024-01-31 18:57:45.405305+00	1	1
3	\N	03	Sonsonate	2024-01-31 18:57:45.405305+00	2024-01-31 18:57:45.405305+00	1	1
4	\N	04	Chalatenango	2024-01-31 18:57:45.405305+00	2024-01-31 18:57:45.405305+00	1	2
5	\N	05	La Libertad	2024-01-31 18:57:45.405305+00	2024-01-31 18:57:45.405305+00	1	2
6	\N	06	San Salvador	2024-01-31 18:57:45.405305+00	2024-01-31 18:57:45.405305+00	1	2
7	\N	07	Cuscatln	2024-01-31 18:57:45.405305+00	2024-01-31 18:57:45.405305+00	1	2
8	\N	08	La Paz	2024-01-31 18:57:45.405305+00	2024-01-31 18:57:45.405305+00	1	2
9	\N	09	Cabaas	2024-01-31 18:57:45.405305+00	2024-01-31 18:57:45.405305+00	1	3
10	\N	10	San Vicente	2024-01-31 18:57:45.405305+00	2024-01-31 18:57:45.405305+00	1	3
11	\N	11	Usulutn	2024-01-31 18:57:45.405305+00	2024-01-31 18:57:45.405305+00	1	3
12	\N	12	San Miguel	2024-01-31 18:57:45.405305+00	2024-01-31 18:57:45.405305+00	1	3
13	\N	13	Morazn	2024-01-31 18:57:45.405305+00	2024-01-31 18:57:45.405305+00	1	3
14	\N	14	La Unin	2024-01-31 18:57:45.405305+00	2024-01-31 18:57:45.405305+00	1	3
15	\N	00	Otro Pas	2024-01-31 18:57:45.405305+00	2024-01-31 18:57:45.405305+00	1	3
\.


--
-- Data for Name: central_direccion; Type: TABLE DATA; Schema: public; Owner: postgres
--

COPY public.central_direccion (id, tipo, direccion, latitud, longitud, principal, created_at, updated_at, id_datos_personales_id, id_municipio_id) FROM stdin;
18	1	22222	2	2	t	2024-01-19 13:56:14.87+00	2024-01-19 15:49:15.38+00	2	2
38	2	Chalchuapa	13.947747241357684	-89.76636861178831	f	2024-01-22 20:59:29.256+00	2024-01-22 20:59:29.256+00	5	16
2	2	Urb. Ciudad Palmeras, Senda Ishuatn, K-10	13.707284750654605	-89.73362053983165	t	2024-02-05 21:32:17.04331+00	2024-02-05 21:32:32.698026+00	7	\N
43	1	Col SantePoyac Norte	14.200023946763928	-91.06996072417326	t	2024-01-23 16:37:41.666+00	2024-02-06 20:57:04.382237+00	1	\N
3	1	sadasd	1	1	t	2024-02-09 21:48:47.153891+00	2024-02-09 21:48:47.153915+00	1	1
\.


--
-- Data for Name: central_domain; Type: TABLE DATA; Schema: public; Owner: postgres
--

COPY public.central_domain (id, domain, is_primary, tenant_id) FROM stdin;
3	gt-premium.services	f	3
1	sv-bomba.services	f	1
2	sv-premium.services	f	2
9	almapa.services	t	10
5	sv-inprocasa.services	f	5
6	sv-megatelas.services	f	6
4	gt-boom.services	f	4
20	svinprocasa.grupomapa.services	f	5
21	svmegatelas.grupomapa.services	f	6
22	gtboom.grupomapa.services	f	4
23	gtpremium.grupomapa.services	f	3
24	bomba.grupomapa.services	f	1
25	premium.grupomapa.services	f	2
26	grupomapa.services	t	10
\.


--
-- Data for Name: central_institucionfinanciera; Type: TABLE DATA; Schema: public; Owner: postgres
--

COPY public.central_institucionfinanciera (id, nombre, direccion, codigo_institucion_financiera, telefono1, telefono2, telefono3, email1, email2, email3, comentarios, created_at, updated_at, id_tipo_institucion_id) FROM stdin;
1	Davivienda	San Salvador	\N	7777-7777	\N	\N	help@davivienda.com	\N	\N	\N	2024-02-09 18:18:42.616856+00	2024-02-09 18:18:42.616872+00	1
2	Fondo Social Para la Vivienda	Colonia Escalon	\N	7777-7777	\N	\N	fsv@fsv.sv	\N	\N	\N	2024-02-12 14:43:05.303149+00	2024-02-12 14:43:05.303193+00	2
4	Almacenes Bomba	Cton La Arenera	\N	8888-8888	\N	\N	bomba@bomba.com	\N	\N	\N	2024-02-12 14:43:05.303+00	2024-02-12 14:43:05.303+00	3
5	Tiendas Premium Center	Cton La Arenera	\N	8888-8889	\N	\N	premium@premium.com	\N	\N	\N	2024-02-12 14:43:05.303+00	2024-02-12 14:43:05.303+00	3
\.


--
-- Data for Name: central_mes; Type: TABLE DATA; Schema: public; Owner: postgres
--

COPY public.central_mes (id, nombre) FROM stdin;
1	Enero
2	Febrero
3	Marzo
4	Abril
5	Mayo
6	Junio
7	Julio
8	Agosto
9	Septiembre
10	Octubre
11	Noviembre
12	Diciembre
\.


--
-- Data for Name: central_municipio; Type: TABLE DATA; Schema: public; Owner: postgres
--

COPY public.central_municipio (id, codigo, codigo_fel, nombre, created_at, updated_at, id_departamento_id) FROM stdin;
1	\N	00-00	Otro Pas	2024-01-31 18:57:45.506811+00	2024-01-31 18:57:45.506811+00	15
2	\N	01-01	AHUACHAPN	2024-01-31 18:57:45.506811+00	2024-01-31 18:57:45.506811+00	1
3	\N	01-02	APANECA	2024-01-31 18:57:45.506811+00	2024-01-31 18:57:45.506811+00	1
4	\N	01-03	ATIQUIZAYA	2024-01-31 18:57:45.506811+00	2024-01-31 18:57:45.506811+00	1
5	\N	01-04	CONCEPCIN DE ATACO	2024-01-31 18:57:45.506811+00	2024-01-31 18:57:45.506811+00	1
6	\N	01-05	EL REFUGIO	2024-01-31 18:57:45.506811+00	2024-01-31 18:57:45.506811+00	1
7	\N	01-06	GUAYMANGO	2024-01-31 18:57:45.506811+00	2024-01-31 18:57:45.506811+00	1
8	\N	01-07	JUJUTLA	2024-01-31 18:57:45.506811+00	2024-01-31 18:57:45.506811+00	1
9	\N	01-08	SAN FRANCISCO MENNDEZ	2024-01-31 18:57:45.506811+00	2024-01-31 18:57:45.506811+00	1
10	\N	01-09	SAN LORENZO	2024-01-31 18:57:45.506811+00	2024-01-31 18:57:45.506811+00	1
11	\N	01-10	SAN PEDRO PUXTLA	2024-01-31 18:57:45.506811+00	2024-01-31 18:57:45.506811+00	1
12	\N	01-11	TACUBA	2024-01-31 18:57:45.506811+00	2024-01-31 18:57:45.506811+00	1
13	\N	01-12	TURN	2024-01-31 18:57:45.506811+00	2024-01-31 18:57:45.506811+00	1
14	\N	02-01	CANDELARIA DE LA FRONTERA	2024-01-31 18:57:45.506811+00	2024-01-31 18:57:45.506811+00	2
15	\N	02-02	COATEPEQUE	2024-01-31 18:57:45.506811+00	2024-01-31 18:57:45.506811+00	2
16	\N	02-03	CHALCHUAPA	2024-01-31 18:57:45.506811+00	2024-01-31 18:57:45.506811+00	2
17	\N	02-04	EL CONGO	2024-01-31 18:57:45.506811+00	2024-01-31 18:57:45.506811+00	2
18	\N	02-05	EL PORVENIR	2024-01-31 18:57:45.506811+00	2024-01-31 18:57:45.506811+00	2
19	\N	02-06	MASAHUAT	2024-01-31 18:57:45.506811+00	2024-01-31 18:57:45.506811+00	2
20	\N	02-07	METAPN	2024-01-31 18:57:45.506811+00	2024-01-31 18:57:45.506811+00	2
21	\N	02-08	SAN ANTONIO PAJONAL	2024-01-31 18:57:45.506811+00	2024-01-31 18:57:45.506811+00	2
22	\N	02-09	SAN SEBASTIN SALITRILLO	2024-01-31 18:57:45.506811+00	2024-01-31 18:57:45.506811+00	2
23	\N	02-10	SANTA ANA	2024-01-31 18:57:45.506811+00	2024-01-31 18:57:45.506811+00	2
24	\N	02-11	STA ROSA GUACHI	2024-01-31 18:57:45.506811+00	2024-01-31 18:57:45.506811+00	2
25	\N	02-12	STGO D LA FRONT	2024-01-31 18:57:45.506811+00	2024-01-31 18:57:45.506811+00	2
26	\N	02-13	TEXISTEPEQUE	2024-01-31 18:57:45.506811+00	2024-01-31 18:57:45.506811+00	2
27	\N	03-01	ACAJUTLA	2024-01-31 18:57:45.506811+00	2024-01-31 18:57:45.506811+00	3
28	\N	03-02	ARMENIA	2024-01-31 18:57:45.506811+00	2024-01-31 18:57:45.506811+00	3
29	\N	03-03	CALUCO	2024-01-31 18:57:45.506811+00	2024-01-31 18:57:45.506811+00	3
30	\N	03-04	CUISNAHUAT	2024-01-31 18:57:45.506811+00	2024-01-31 18:57:45.506811+00	3
31	\N	03-05	STA I ISHUATAN	2024-01-31 18:57:45.506811+00	2024-01-31 18:57:45.506811+00	3
32	\N	03-06	IZALCO	2024-01-31 18:57:45.506811+00	2024-01-31 18:57:45.506811+00	3
33	\N	03-07	JUAYA	2024-01-31 18:57:45.506811+00	2024-01-31 18:57:45.506811+00	3
34	\N	03-08	NAHUIZALCO	2024-01-31 18:57:45.506811+00	2024-01-31 18:57:45.506811+00	3
35	\N	03-09	NAHULINGO	2024-01-31 18:57:45.506811+00	2024-01-31 18:57:45.506811+00	3
36	\N	03-10	SALCOATITN	2024-01-31 18:57:45.506811+00	2024-01-31 18:57:45.506811+00	3
37	\N	03-11	SAN ANTONIO DEL MONTE	2024-01-31 18:57:45.506811+00	2024-01-31 18:57:45.506811+00	3
38	\N	03-12	SAN JULIN	2024-01-31 18:57:45.506811+00	2024-01-31 18:57:45.506811+00	3
39	\N	03-13	STA C MASAHUAT	2024-01-31 18:57:45.506811+00	2024-01-31 18:57:45.506811+00	3
40	\N	03-14	SANTO DOMINGO GUZMN	2024-01-31 18:57:45.506811+00	2024-01-31 18:57:45.506811+00	3
41	\N	03-15	SONSONATE	2024-01-31 18:57:45.506811+00	2024-01-31 18:57:45.506811+00	3
42	\N	03-16	SONZACATE	2024-01-31 18:57:45.506811+00	2024-01-31 18:57:45.506811+00	3
43	\N	04-01	AGUA CALIENTE	2024-01-31 18:57:45.506811+00	2024-01-31 18:57:45.506811+00	4
44	\N	04-02	ARCATAO	2024-01-31 18:57:45.506811+00	2024-01-31 18:57:45.506811+00	4
45	\N	04-03	AZACUALPA	2024-01-31 18:57:45.506811+00	2024-01-31 18:57:45.506811+00	4
46	\N	04-04	CITAL	2024-01-31 18:57:45.506811+00	2024-01-31 18:57:45.506811+00	4
47	\N	04-05	COMALAPA	2024-01-31 18:57:45.506811+00	2024-01-31 18:57:45.506811+00	4
48	\N	04-06	CONCEPCIN QUEZALTEPEQUE	2024-01-31 18:57:45.506811+00	2024-01-31 18:57:45.506811+00	4
49	\N	04-07	CHALATENANGO	2024-01-31 18:57:45.506811+00	2024-01-31 18:57:45.506811+00	4
50	\N	04-08	DULCE NOMBRE DE MARA	2024-01-31 18:57:45.506811+00	2024-01-31 18:57:45.506811+00	4
51	\N	04-09	EL CARRIZAL	2024-01-31 18:57:45.506811+00	2024-01-31 18:57:45.506811+00	4
52	\N	04-10	EL PARASO	2024-01-31 18:57:45.506811+00	2024-01-31 18:57:45.506811+00	4
53	\N	04-11	LA LAGUNA	2024-01-31 18:57:45.506811+00	2024-01-31 18:57:45.506811+00	4
54	\N	04-12	LA PALMA	2024-01-31 18:57:45.506811+00	2024-01-31 18:57:45.506811+00	4
55	\N	04-13	LA REINA	2024-01-31 18:57:45.506811+00	2024-01-31 18:57:45.506811+00	4
56	\N	04-14	LAS VUELTAS	2024-01-31 18:57:45.506811+00	2024-01-31 18:57:45.506811+00	4
57	\N	04-15	NOMBRE DE JESUS	2024-01-31 18:57:45.506811+00	2024-01-31 18:57:45.506811+00	4
58	\N	04-16	NUEVA CONCEPCIN	2024-01-31 18:57:45.506811+00	2024-01-31 18:57:45.506811+00	4
59	\N	04-17	NUEVA TRINIDAD	2024-01-31 18:57:45.506811+00	2024-01-31 18:57:45.506811+00	4
60	\N	04-18	OJOS DE AGUA	2024-01-31 18:57:45.506811+00	2024-01-31 18:57:45.506811+00	4
61	\N	04-19	POTONICO	2024-01-31 18:57:45.506811+00	2024-01-31 18:57:45.506811+00	4
62	\N	04-20	SAN ANTONIO LA CRUZ	2024-01-31 18:57:45.506811+00	2024-01-31 18:57:45.506811+00	4
63	\N	04-21	SAN ANTONIO RANCHOS	2024-01-31 18:57:45.506811+00	2024-01-31 18:57:45.506811+00	4
64	\N	04-22	SAN FERNANDO	2024-01-31 18:57:45.506811+00	2024-01-31 18:57:45.506811+00	4
65	\N	04-23	SAN FRANCISCO LEMPA	2024-01-31 18:57:45.506811+00	2024-01-31 18:57:45.506811+00	4
66	\N	04-24	SAN FRANCISCO MORAZN	2024-01-31 18:57:45.506811+00	2024-01-31 18:57:45.506811+00	4
67	\N	04-25	SAN IGNACIO	2024-01-31 18:57:45.506811+00	2024-01-31 18:57:45.506811+00	4
68	\N	04-26	SAN ISIDRO LABRADOR	2024-01-31 18:57:45.506811+00	2024-01-31 18:57:45.506811+00	4
69	\N	04-27	SAN JOSE CANCASQUE	2024-01-31 18:57:45.506811+00	2024-01-31 18:57:45.506811+00	4
70	\N	04-28	SAN JOSE FLORES	2024-01-31 18:57:45.506811+00	2024-01-31 18:57:45.506811+00	4
71	\N	04-29	SAN LUIS DEL CARMEN	2024-01-31 18:57:45.506811+00	2024-01-31 18:57:45.506811+00	4
72	\N	04-30	SAN MIGUEL MERCEDES	2024-01-31 18:57:45.506811+00	2024-01-31 18:57:45.506811+00	4
73	\N	04-31	SAN RAFAEL	2024-01-31 18:57:45.506811+00	2024-01-31 18:57:45.506811+00	4
74	\N	04-32	SANTA RITA	2024-01-31 18:57:45.506811+00	2024-01-31 18:57:45.506811+00	4
75	\N	04-33	TEJUTLA	2024-01-31 18:57:45.506811+00	2024-01-31 18:57:45.506811+00	4
76	\N	05-01	ANTIGUO CUSCATLN	2024-01-31 18:57:45.506811+00	2024-01-31 18:57:45.506811+00	5
77	\N	05-02	CIUDAD ARCE	2024-01-31 18:57:45.506811+00	2024-01-31 18:57:45.506811+00	5
78	\N	05-03	COLN	2024-01-31 18:57:45.506811+00	2024-01-31 18:57:45.506811+00	5
79	\N	05-04	COMASAGUA	2024-01-31 18:57:45.506811+00	2024-01-31 18:57:45.506811+00	5
80	\N	05-05	CHILTIUPAN	2024-01-31 18:57:45.506811+00	2024-01-31 18:57:45.506811+00	5
81	\N	05-06	HUIZCAR	2024-01-31 18:57:45.506811+00	2024-01-31 18:57:45.506811+00	5
82	\N	05-07	JAYAQUE	2024-01-31 18:57:45.506811+00	2024-01-31 18:57:45.506811+00	5
83	\N	05-08	JICALAPA	2024-01-31 18:57:45.506811+00	2024-01-31 18:57:45.506811+00	5
84	\N	05-09	LA LIBERTAD	2024-01-31 18:57:45.506811+00	2024-01-31 18:57:45.506811+00	5
85	\N	05-10	NUEVO CUSCATLN	2024-01-31 18:57:45.506811+00	2024-01-31 18:57:45.506811+00	5
86	\N	05-11	SANTA TECLA	2024-01-31 18:57:45.506811+00	2024-01-31 18:57:45.506811+00	5
87	\N	05-12	QUEZALTEPEQUE	2024-01-31 18:57:45.506811+00	2024-01-31 18:57:45.506811+00	5
88	\N	05-13	SACACOYO	2024-01-31 18:57:45.506811+00	2024-01-31 18:57:45.506811+00	5
89	\N	05-14	SAN JUAN VILLANUEVA	2024-01-31 18:57:45.506811+00	2024-01-31 18:57:45.506811+00	5
90	\N	05-15	SAN JUAN OPICO	2024-01-31 18:57:45.506811+00	2024-01-31 18:57:45.506811+00	5
91	\N	05-16	SAN MATAS	2024-01-31 18:57:45.506811+00	2024-01-31 18:57:45.506811+00	5
92	\N	05-17	SAN PABLO TACACHICO	2024-01-31 18:57:45.506811+00	2024-01-31 18:57:45.506811+00	5
93	\N	05-18	TAMANIQUE	2024-01-31 18:57:45.506811+00	2024-01-31 18:57:45.506811+00	5
94	\N	05-19	TALNIQUE	2024-01-31 18:57:45.506811+00	2024-01-31 18:57:45.506811+00	5
95	\N	05-20	TEOTEPEQUE	2024-01-31 18:57:45.506811+00	2024-01-31 18:57:45.506811+00	5
96	\N	05-21	TEPECOYO	2024-01-31 18:57:45.506811+00	2024-01-31 18:57:45.506811+00	5
97	\N	05-22	ZARAGOZA	2024-01-31 18:57:45.506811+00	2024-01-31 18:57:45.506811+00	5
98	\N	06-01	AGUILARES	2024-01-31 18:57:45.506811+00	2024-01-31 18:57:45.506811+00	6
99	\N	06-02	APOPA	2024-01-31 18:57:45.506811+00	2024-01-31 18:57:45.506811+00	6
100	\N	06-03	AYUTUXTEPEQUE	2024-01-31 18:57:45.506811+00	2024-01-31 18:57:45.506811+00	6
101	\N	06-04	CUSCATANCINGO	2024-01-31 18:57:45.506811+00	2024-01-31 18:57:45.506811+00	6
102	\N	06-05	EL PAISNAL	2024-01-31 18:57:45.506811+00	2024-01-31 18:57:45.506811+00	6
103	\N	06-06	GUAZAPA	2024-01-31 18:57:45.506811+00	2024-01-31 18:57:45.506811+00	6
104	\N	06-07	ILOPANGO	2024-01-31 18:57:45.506811+00	2024-01-31 18:57:45.506811+00	6
105	\N	06-08	MEJICANOS	2024-01-31 18:57:45.506811+00	2024-01-31 18:57:45.506811+00	6
106	\N	06-09	NEJAPA	2024-01-31 18:57:45.506811+00	2024-01-31 18:57:45.506811+00	6
107	\N	06-10	PANCHIMALCO	2024-01-31 18:57:45.506811+00	2024-01-31 18:57:45.506811+00	6
108	\N	06-11	ROSARIO DE MORA	2024-01-31 18:57:45.506811+00	2024-01-31 18:57:45.506811+00	6
109	\N	06-12	SAN MARCOS	2024-01-31 18:57:45.506811+00	2024-01-31 18:57:45.506811+00	6
110	\N	06-13	SAN MARTN	2024-01-31 18:57:45.506811+00	2024-01-31 18:57:45.506811+00	6
111	\N	06-14	SAN SALVADOR	2024-01-31 18:57:45.506811+00	2024-01-31 18:57:45.506811+00	6
112	\N	06-15	SANTIAGO TEXACUANGOS	2024-01-31 18:57:45.506811+00	2024-01-31 18:57:45.506811+00	6
113	\N	06-16	SANTO TOMS	2024-01-31 18:57:45.506811+00	2024-01-31 18:57:45.506811+00	6
114	\N	06-17	SOYAPANGO	2024-01-31 18:57:45.506811+00	2024-01-31 18:57:45.506811+00	6
115	\N	06-18	TONACATEPEQUE	2024-01-31 18:57:45.506811+00	2024-01-31 18:57:45.506811+00	6
116	\N	06-19	CIUDAD DELGADO	2024-01-31 18:57:45.506811+00	2024-01-31 18:57:45.506811+00	6
117	\N	07-01	CANDELARIA	2024-01-31 18:57:45.506811+00	2024-01-31 18:57:45.506811+00	7
118	\N	07-02	COJUTEPEQUE	2024-01-31 18:57:45.506811+00	2024-01-31 18:57:45.506811+00	7
119	\N	07-03	EL CARMEN	2024-01-31 18:57:45.506811+00	2024-01-31 18:57:45.506811+00	7
120	\N	07-04	EL ROSARIO	2024-01-31 18:57:45.506811+00	2024-01-31 18:57:45.506811+00	7
121	\N	07-05	MONTE SAN JUAN	2024-01-31 18:57:45.506811+00	2024-01-31 18:57:45.506811+00	7
122	\N	07-06	ORATORIO DE CONCEPCIN	2024-01-31 18:57:45.506811+00	2024-01-31 18:57:45.506811+00	7
123	\N	07-07	SAN BARTOLOME PERULAPIA	2024-01-31 18:57:45.506811+00	2024-01-31 18:57:45.506811+00	7
124	\N	07-08	SAN CRISTBAL	2024-01-31 18:57:45.506811+00	2024-01-31 18:57:45.506811+00	7
125	\N	07-09	SAN JERNIMO GUAYABAL	2024-01-31 18:57:45.506811+00	2024-01-31 18:57:45.506811+00	7
126	\N	07-10	SAN PEDRO PERULAPN	2024-01-31 18:57:45.506811+00	2024-01-31 18:57:45.506811+00	7
127	\N	07-11	SAN RAFAEL CEDROS	2024-01-31 18:57:45.506811+00	2024-01-31 18:57:45.506811+00	7
128	\N	07-12	SAN RAMN	2024-01-31 18:57:45.506811+00	2024-01-31 18:57:45.506811+00	7
129	\N	07-13	SANTA CRUZ ANALQUITO	2024-01-31 18:57:45.506811+00	2024-01-31 18:57:45.506811+00	7
130	\N	07-14	SANTA CRUZ MICHAPA	2024-01-31 18:57:45.506811+00	2024-01-31 18:57:45.506811+00	7
131	\N	07-15	SUCHITOTO	2024-01-31 18:57:45.506811+00	2024-01-31 18:57:45.506811+00	7
132	\N	07-16	TENANCINGO	2024-01-31 18:57:45.506811+00	2024-01-31 18:57:45.506811+00	7
133	\N	08-01	CUYULTITN	2024-01-31 18:57:45.506811+00	2024-01-31 18:57:45.506811+00	8
134	\N	08-02	EL ROSARIO	2024-01-31 18:57:45.506811+00	2024-01-31 18:57:45.506811+00	8
135	\N	08-03	JERUSALN	2024-01-31 18:57:45.506811+00	2024-01-31 18:57:45.506811+00	8
136	\N	08-04	MERCED LA CEIBA	2024-01-31 18:57:45.506811+00	2024-01-31 18:57:45.506811+00	8
137	\N	08-05	OLOCUILTA	2024-01-31 18:57:45.506811+00	2024-01-31 18:57:45.506811+00	8
138	\N	08-06	PARASO DE OSORIO	2024-01-31 18:57:45.506811+00	2024-01-31 18:57:45.506811+00	8
139	\N	08-07	SAN ANTONIO MASAHUAT	2024-01-31 18:57:45.506811+00	2024-01-31 18:57:45.506811+00	8
140	\N	08-08	SAN EMIGDIO	2024-01-31 18:57:45.506811+00	2024-01-31 18:57:45.506811+00	8
141	\N	08-09	SAN FRANCISCO CHINAMECA	2024-01-31 18:57:45.506811+00	2024-01-31 18:57:45.506811+00	8
142	\N	08-10	SAN JUAN NONUALCO	2024-01-31 18:57:45.506811+00	2024-01-31 18:57:45.506811+00	8
143	\N	08-11	SAN JUAN TALPA	2024-01-31 18:57:45.506811+00	2024-01-31 18:57:45.506811+00	8
144	\N	08-12	SAN JUAN TEPEZONTES	2024-01-31 18:57:45.506811+00	2024-01-31 18:57:45.506811+00	8
145	\N	08-13	SAN LUIS TALPA	2024-01-31 18:57:45.506811+00	2024-01-31 18:57:45.506811+00	8
146	\N	08-14	SAN MIGUEL TEPEZONTES	2024-01-31 18:57:45.506811+00	2024-01-31 18:57:45.506811+00	8
147	\N	08-15	SAN PEDRO MASAHUAT	2024-01-31 18:57:45.506811+00	2024-01-31 18:57:45.506811+00	8
148	\N	08-16	SAN PEDRO NONUALCO	2024-01-31 18:57:45.506811+00	2024-01-31 18:57:45.506811+00	8
149	\N	08-17	SAN RAFAEL OBRAJUELO	2024-01-31 18:57:45.506811+00	2024-01-31 18:57:45.506811+00	8
150	\N	08-18	SANTA MARA OSTUMA	2024-01-31 18:57:45.506811+00	2024-01-31 18:57:45.506811+00	8
151	\N	08-19	SANTIAGO NONUALCO	2024-01-31 18:57:45.506811+00	2024-01-31 18:57:45.506811+00	8
152	\N	08-20	TAPALHUACA	2024-01-31 18:57:45.506811+00	2024-01-31 18:57:45.506811+00	8
153	\N	08-21	ZACATECOLUCA	2024-01-31 18:57:45.506811+00	2024-01-31 18:57:45.506811+00	8
154	\N	08-22	SAN LUIS LA HERRADURA	2024-01-31 18:57:45.506811+00	2024-01-31 18:57:45.506811+00	8
155	\N	09-01	CINQUERA	2024-01-31 18:57:45.506811+00	2024-01-31 18:57:45.506811+00	9
156	\N	09-02	GUACOTECTI	2024-01-31 18:57:45.506811+00	2024-01-31 18:57:45.506811+00	9
157	\N	09-03	ILOBASCO	2024-01-31 18:57:45.506811+00	2024-01-31 18:57:45.506811+00	9
158	\N	09-04	JUTIAPA	2024-01-31 18:57:45.506811+00	2024-01-31 18:57:45.506811+00	9
159	\N	09-05	SAN ISIDRO	2024-01-31 18:57:45.506811+00	2024-01-31 18:57:45.506811+00	9
160	\N	09-06	SENSUNTEPEQUE	2024-01-31 18:57:45.506811+00	2024-01-31 18:57:45.506811+00	9
161	\N	09-07	TEJUTEPEQUE	2024-01-31 18:57:45.506811+00	2024-01-31 18:57:45.506811+00	9
162	\N	09-08	VICTORIA	2024-01-31 18:57:45.506811+00	2024-01-31 18:57:45.506811+00	9
163	\N	09-09	DOLORES	2024-01-31 18:57:45.506811+00	2024-01-31 18:57:45.506811+00	9
164	\N	10-01	APASTEPEQUE	2024-01-31 18:57:45.506811+00	2024-01-31 18:57:45.506811+00	10
165	\N	10-02	GUADALUPE	2024-01-31 18:57:45.506811+00	2024-01-31 18:57:45.506811+00	10
166	\N	10-03	SAN CAYETANO ISTEUQQUE	2024-01-31 18:57:45.506811+00	2024-01-31 18:57:45.506811+00	10
167	\N	10-04	SANTA CLARA	2024-01-31 18:57:45.506811+00	2024-01-31 18:57:45.506811+00	10
168	\N	10-05	SANTO DOMINGO	2024-01-31 18:57:45.506811+00	2024-01-31 18:57:45.506811+00	10
169	\N	10-06	SAN ESTEBAN CATARINA	2024-01-31 18:57:45.506811+00	2024-01-31 18:57:45.506811+00	10
170	\N	10-07	SAN ILDEFONSO	2024-01-31 18:57:45.506811+00	2024-01-31 18:57:45.506811+00	10
171	\N	10-08	SAN LORENZO	2024-01-31 18:57:45.506811+00	2024-01-31 18:57:45.506811+00	10
172	\N	10-09	SAN SEBASTIN	2024-01-31 18:57:45.506811+00	2024-01-31 18:57:45.506811+00	10
173	\N	10-10	SAN VICENTE	2024-01-31 18:57:45.506811+00	2024-01-31 18:57:45.506811+00	10
174	\N	10-11	TECOLUCA	2024-01-31 18:57:45.506811+00	2024-01-31 18:57:45.506811+00	10
175	\N	10-12	TEPETITN	2024-01-31 18:57:45.506811+00	2024-01-31 18:57:45.506811+00	10
176	\N	10-13	VERAPAZ	2024-01-31 18:57:45.506811+00	2024-01-31 18:57:45.506811+00	10
177	\N	11-01	ALEGRA	2024-01-31 18:57:45.506811+00	2024-01-31 18:57:45.506811+00	11
178	\N	11-02	BERLN	2024-01-31 18:57:45.506811+00	2024-01-31 18:57:45.506811+00	11
179	\N	11-03	CALIFORNIA	2024-01-31 18:57:45.506811+00	2024-01-31 18:57:45.506811+00	11
180	\N	11-04	CONCEPCIN BATRES	2024-01-31 18:57:45.506811+00	2024-01-31 18:57:45.506811+00	11
181	\N	11-05	EL TRIUNFO	2024-01-31 18:57:45.506811+00	2024-01-31 18:57:45.506811+00	11
182	\N	11-06	EREGUAYQUN	2024-01-31 18:57:45.506811+00	2024-01-31 18:57:45.506811+00	11
183	\N	11-07	ESTANZUELAS	2024-01-31 18:57:45.506811+00	2024-01-31 18:57:45.506811+00	11
184	\N	11-08	JIQUILISCO	2024-01-31 18:57:45.506811+00	2024-01-31 18:57:45.506811+00	11
185	\N	11-09	JUCUAPA	2024-01-31 18:57:45.506811+00	2024-01-31 18:57:45.506811+00	11
186	\N	11-10	JUCUARN	2024-01-31 18:57:45.506811+00	2024-01-31 18:57:45.506811+00	11
187	\N	11-11	MERCEDES UMAA	2024-01-31 18:57:45.506811+00	2024-01-31 18:57:45.506811+00	11
188	\N	11-12	NUEVA GRANADA	2024-01-31 18:57:45.506811+00	2024-01-31 18:57:45.506811+00	11
189	\N	11-13	OZATLN	2024-01-31 18:57:45.506811+00	2024-01-31 18:57:45.506811+00	11
190	\N	11-14	PUERTO EL TRIUNFO	2024-01-31 18:57:45.506811+00	2024-01-31 18:57:45.506811+00	11
191	\N	11-15	SAN AGUSTN	2024-01-31 18:57:45.506811+00	2024-01-31 18:57:45.506811+00	11
192	\N	11-16	SAN BUENAVENTURA	2024-01-31 18:57:45.506811+00	2024-01-31 18:57:45.506811+00	11
193	\N	11-17	SAN DIONISIO	2024-01-31 18:57:45.506811+00	2024-01-31 18:57:45.506811+00	11
194	\N	11-18	SANTA ELENA	2024-01-31 18:57:45.506811+00	2024-01-31 18:57:45.506811+00	11
195	\N	11-19	SAN FRANCISCO JAVIER	2024-01-31 18:57:45.506811+00	2024-01-31 18:57:45.506811+00	11
196	\N	11-20	SANTA MARA	2024-01-31 18:57:45.506811+00	2024-01-31 18:57:45.506811+00	11
197	\N	11-21	SANTIAGO DE MARA	2024-01-31 18:57:45.506811+00	2024-01-31 18:57:45.506811+00	11
198	\N	11-22	TECAPN	2024-01-31 18:57:45.506811+00	2024-01-31 18:57:45.506811+00	11
199	\N	11-23	USULUTN	2024-01-31 18:57:45.506811+00	2024-01-31 18:57:45.506811+00	11
201	\N	12-01	CAROLINA	2024-01-31 18:57:45.506811+00	2024-01-31 18:57:45.506811+00	12
202	\N	12-02	CIUDAD BARRIOS	2024-01-31 18:57:45.506811+00	2024-01-31 18:57:45.506811+00	12
203	\N	12-03	COMACARN	2024-01-31 18:57:45.506811+00	2024-01-31 18:57:45.506811+00	12
204	\N	12-04	CHAPELTIQUE	2024-01-31 18:57:45.506811+00	2024-01-31 18:57:45.506811+00	12
205	\N	12-05	CHINAMECA	2024-01-31 18:57:45.506811+00	2024-01-31 18:57:45.506811+00	12
206	\N	12-06	CHIRILAGUA	2024-01-31 18:57:45.506811+00	2024-01-31 18:57:45.506811+00	12
207	\N	12-07	EL TRANSITO	2024-01-31 18:57:45.506811+00	2024-01-31 18:57:45.506811+00	12
208	\N	12-08	LOLOTIQUE	2024-01-31 18:57:45.506811+00	2024-01-31 18:57:45.506811+00	12
209	\N	12-09	MONCAGUA	2024-01-31 18:57:45.506811+00	2024-01-31 18:57:45.506811+00	12
210	\N	12-10	NUEVA GUADALUPE	2024-01-31 18:57:45.506811+00	2024-01-31 18:57:45.506811+00	12
211	\N	12-11	NUEVO EDN DE SAN JUAN	2024-01-31 18:57:45.506811+00	2024-01-31 18:57:45.506811+00	12
212	\N	12-12	QUELEPA	2024-01-31 18:57:45.506811+00	2024-01-31 18:57:45.506811+00	12
213	\N	12-13	SAN ANTONIO DEL MOSCO	2024-01-31 18:57:45.506811+00	2024-01-31 18:57:45.506811+00	12
214	\N	12-14	SAN GERARDO	2024-01-31 18:57:45.506811+00	2024-01-31 18:57:45.506811+00	12
215	\N	12-15	SAN JORGE	2024-01-31 18:57:45.506811+00	2024-01-31 18:57:45.506811+00	12
216	\N	12-16	SAN LUIS DE LA REINA	2024-01-31 18:57:45.506811+00	2024-01-31 18:57:45.506811+00	12
217	\N	12-17	SAN MIGUEL	2024-01-31 18:57:45.506811+00	2024-01-31 18:57:45.506811+00	12
218	\N	12-18	SAN RAFAEL ORIENTE	2024-01-31 18:57:45.506811+00	2024-01-31 18:57:45.506811+00	12
219	\N	12-19	SEZORI	2024-01-31 18:57:45.506811+00	2024-01-31 18:57:45.506811+00	12
220	\N	12-20	ULUAZAPA	2024-01-31 18:57:45.506811+00	2024-01-31 18:57:45.506811+00	12
221	\N	13-01	ARAMBALA	2024-01-31 18:57:45.506811+00	2024-01-31 18:57:45.506811+00	13
222	\N	13-02	CACAOPERA	2024-01-31 18:57:45.506811+00	2024-01-31 18:57:45.506811+00	13
223	\N	13-03	CORINTO	2024-01-31 18:57:45.506811+00	2024-01-31 18:57:45.506811+00	13
224	\N	13-04	CHILANGA	2024-01-31 18:57:45.506811+00	2024-01-31 18:57:45.506811+00	13
225	\N	13-05	DELICIAS DE CONCEPCIN	2024-01-31 18:57:45.506811+00	2024-01-31 18:57:45.506811+00	13
226	\N	13-06	EL DIVISADERO	2024-01-31 18:57:45.506811+00	2024-01-31 18:57:45.506811+00	13
227	\N	13-07	EL ROSARIO	2024-01-31 18:57:45.506811+00	2024-01-31 18:57:45.506811+00	13
228	\N	13-08	GUALOCOCTI	2024-01-31 18:57:45.506811+00	2024-01-31 18:57:45.506811+00	13
229	\N	13-09	GUATAJIAGUA	2024-01-31 18:57:45.506811+00	2024-01-31 18:57:45.506811+00	13
230	\N	13-10	JOATECA	2024-01-31 18:57:45.506811+00	2024-01-31 18:57:45.506811+00	13
231	\N	13-11	JOCOAITIQUE	2024-01-31 18:57:45.506811+00	2024-01-31 18:57:45.506811+00	13
232	\N	13-12	JOCORO	2024-01-31 18:57:45.506811+00	2024-01-31 18:57:45.506811+00	13
233	\N	13-13	LOLOTIQUILLO	2024-01-31 18:57:45.506811+00	2024-01-31 18:57:45.506811+00	13
234	\N	13-14	MEANGUERA	2024-01-31 18:57:45.506811+00	2024-01-31 18:57:45.506811+00	13
235	\N	13-15	OSICALA	2024-01-31 18:57:45.506811+00	2024-01-31 18:57:45.506811+00	13
236	\N	13-16	PERQUN	2024-01-31 18:57:45.506811+00	2024-01-31 18:57:45.506811+00	13
237	\N	13-17	SAN CARLOS	2024-01-31 18:57:45.506811+00	2024-01-31 18:57:45.506811+00	13
238	\N	13-18	|SAN FERNANDO	2024-01-31 18:57:45.506811+00	2024-01-31 18:57:45.506811+00	13
239	\N	13-19	SAN FRANCISCO GOTERA	2024-01-31 18:57:45.506811+00	2024-01-31 18:57:45.506811+00	13
240	\N	13-20	SAN ISIDRO	2024-01-31 18:57:45.506811+00	2024-01-31 18:57:45.506811+00	13
241	\N	13-21	SAN SIMN	2024-01-31 18:57:45.506811+00	2024-01-31 18:57:45.506811+00	13
242	\N	13-22	SENSEMBRA	2024-01-31 18:57:45.506811+00	2024-01-31 18:57:45.506811+00	13
243	\N	13-23	SOCIEDAD	2024-01-31 18:57:45.506811+00	2024-01-31 18:57:45.506811+00	13
244	\N	13-24	TOROLA	2024-01-31 18:57:45.506811+00	2024-01-31 18:57:45.506811+00	13
245	\N	13-25	YAMABAL	2024-01-31 18:57:45.506811+00	2024-01-31 18:57:45.506811+00	13
246	\N	13-26	YOLOAIQUN	2024-01-31 18:57:45.506811+00	2024-01-31 18:57:45.506811+00	13
247	\N	14-01	ANAMORS	2024-01-31 18:57:45.506811+00	2024-01-31 18:57:45.506811+00	14
248	\N	14-02	BOLVAR	2024-01-31 18:57:45.506811+00	2024-01-31 18:57:45.506811+00	14
249	\N	14-03	CONCEPCIN DE ORIENTE	2024-01-31 18:57:45.506811+00	2024-01-31 18:57:45.506811+00	14
250	\N	14-04	CONCHAGUA	2024-01-31 18:57:45.506811+00	2024-01-31 18:57:45.506811+00	14
251	\N	14-05	EL CARMEN	2024-01-31 18:57:45.506811+00	2024-01-31 18:57:45.506811+00	14
252	\N	14-06	EL SAUCE	2024-01-31 18:57:45.506811+00	2024-01-31 18:57:45.506811+00	14
253	\N	14-07	INTIPUC	2024-01-31 18:57:45.506811+00	2024-01-31 18:57:45.506811+00	14
254	\N	14-08	LA UNIN	2024-01-31 18:57:45.506811+00	2024-01-31 18:57:45.506811+00	14
255	\N	14-09	LISLIQUE	2024-01-31 18:57:45.506811+00	2024-01-31 18:57:45.506811+00	14
256	\N	14-10	MEANGA DEL GOLFO	2024-01-31 18:57:45.506811+00	2024-01-31 18:57:45.506811+00	14
257	\N	14-11	NUEVA ESPARTA	2024-01-31 18:57:45.506811+00	2024-01-31 18:57:45.506811+00	14
258	\N	14-12	PASAQUINA	2024-01-31 18:57:45.506811+00	2024-01-31 18:57:45.506811+00	14
259	\N	14-13	POLORS	2024-01-31 18:57:45.506811+00	2024-01-31 18:57:45.506811+00	14
260	\N	14-14	SAN ALEJO	2024-01-31 18:57:45.506811+00	2024-01-31 18:57:45.506811+00	14
261	\N	14-15	SAN JOSE	2024-01-31 18:57:45.506811+00	2024-01-31 18:57:45.506811+00	14
262	\N	14-16	SANTA ROSA LIMA	2024-01-31 18:57:45.506811+00	2024-01-31 18:57:45.506811+00	14
263	\N	14-17	YAYANTIQUE	2024-01-31 18:57:45.506811+00	2024-01-31 18:57:45.506811+00	14
264	\N	14-18	YUCUAIQUN	2024-01-31 18:57:45.506811+00	2024-01-31 18:57:45.506811+00	14
\.


--
-- Data for Name: central_pais; Type: TABLE DATA; Schema: public; Owner: postgres
--

COPY public.central_pais (id, nombre, codigo, nacionalidad, url_bandera) FROM stdin;
1	El Salvador	9300	Salvadoreo/a	\N
6	Guatemala	GT02		
\.


--
-- Data for Name: central_sexo; Type: TABLE DATA; Schema: public; Owner: postgres
--

COPY public.central_sexo (id, nombre, codigo) FROM stdin;
1	Masculino	0133
2	Femenimo	1231
\.


--
-- Data for Name: central_tipodeubicacion; Type: TABLE DATA; Schema: public; Owner: postgres
--

COPY public.central_tipodeubicacion (id, nombre, codigo) FROM stdin;
1	Oficinas	
2	Bodegas	\N
3	Recepcin	\N
4	Tienda	\N
\.


--
-- Data for Name: central_tipoinstitucion; Type: TABLE DATA; Schema: public; Owner: postgres
--

COPY public.central_tipoinstitucion (id, nombre, porcentaje_maximo_descontar_planilla) FROM stdin;
1	Banco	20.0000
2	Fondo Social para la vivienda	30.0000
3	Credito empresa	100.0000
\.


--
-- Data for Name: central_user; Type: TABLE DATA; Schema: public; Owner: postgres
--

COPY public.central_user (id, password, last_login, is_superuser, username, first_name, last_name, email, is_staff, is_active, date_joined, id_datos_personales_id) FROM stdin;
3	pbkdf2_sha256$720000$CzD0ePohExJnlTDoenLIeA$Es65i+SqwYdqoBcCqwg2C4vMetLHtrbiAsKZ9xFVd94=	2024-02-23 16:57:47+00	t	alex	alex	vasquez	aehv545@gmail.com	t	t	2024-02-23 16:57:49.950261+00	7
1	pbkdf2_sha256$720000$2OEsSqaus0d6t3EuZSUwfe$GPdD60W+Drq4w69ofa8zfNMfKRCYK07oEn9zngRptks=	2024-02-22 14:03:22+00	t	admin	Admin	Mapa	admin@gmail.com	t	t	2024-01-18 14:16:55.491+00	3
2	pbkdf2_sha256$720000$CzD0ePohExJnlTDoenLIeA$Es65i+SqwYdqoBcCqwg2C4vMetLHtrbiAsKZ9xFVd94=	2024-02-22 13:44:15+00	t	rosalio	Rosalio	Monterrosa	rosaliomonterrosa@almacenesbomba.com	t	t	2024-01-31 19:08:39.679923+00	1
\.


--
-- Data for Name: central_user_groups; Type: TABLE DATA; Schema: public; Owner: postgres
--

COPY public.central_user_groups (id, user_id, group_id) FROM stdin;
3	3	3
6	1	3
7	2	3
\.


--
-- Data for Name: central_user_user_permissions; Type: TABLE DATA; Schema: public; Owner: postgres
--

COPY public.central_user_user_permissions (id, user_id, permission_id) FROM stdin;
2	3	45
\.


--
-- Data for Name: central_zona; Type: TABLE DATA; Schema: public; Owner: postgres
--

COPY public.central_zona (id, codigo, nombre, created_at, updated_at) FROM stdin;
1	001	Occidental	2024-01-22 02:59:53.892+00	2024-01-22 02:59:53.892+00
2	002	Central	2024-01-22 03:00:03.309+00	2024-01-22 03:00:03.309+00
3	003	Oriental	2024-01-22 03:00:13.612+00	2024-01-22 03:00:13.612+00
6	004	Paracentral	2024-02-05 15:33:07.523182+00	2024-02-05 15:33:07.523204+00
\.


--
-- Data for Name: contratacion_contrato; Type: TABLE DATA; Schema: public; Owner: postgres
--

COPY public.contratacion_contrato (id, codigo, nombre, nombre_2, apellido, apellido_2, codigo_alterno, codigo_barra, identificacion_1, identificacion_2, identificacion_3, identificacion_4, identificacion_5, monto, impuestos, descuentos_incluidos, monto_me, impuestos_me, descuentos_incluidos_me, fecha, created_at, updated_at) FROM stdin;
\.


--
-- Data for Name: contratacion_cuentabanco; Type: TABLE DATA; Schema: public; Owner: postgres
--

COPY public.contratacion_cuentabanco (id, numero, nombre, estado, created_at, updated_at, id_datos_personales_id, id_institucion_financiera, id_institucion_financiera_id) FROM stdin;
8	1234567890123	Principal	t	2024-02-12 13:25:34.524108+00	2024-02-12 13:25:34.524129+00	1	\N	1
9	1234567890122	Principal	t	2024-02-12 14:00:57.91202+00	2024-02-12 14:00:57.912048+00	1	\N	1
\.


--
-- Data for Name: contratacion_datospersonales; Type: TABLE DATA; Schema: public; Owner: postgres
--

COPY public.contratacion_datospersonales (id, nombre_1, nombre_2, nombre_3, apellido_1, apellido_2, apellido_3, dui, nit, correo1, correo2, correo3, celular, celular2, n_hijos, apellido_casada, fecha_nacimiento, nup, isss, ipsfa, pasaporte, otro_documento, observaciones, url_foto, estatura, tipo_sangre, id_pais_nacimiento_id, id_sexo_id, id_ocupacion_id, fecha_inicio_labores, id_estado_civil_id, dpi, id_profesion_dui_id, id_profesion_id, cod_empresa, codigo_empleado) FROM stdin;
2	Pablo	Alfredo	\N	Monterrosa	\N	\N	\N	\N	\N	\N	\N	\N	\N	\N	\N	\N	\N	\N	\N	\N	\N	\N	\N	\N	\N	\N	1	\N	\N	\N	\N	\N	\N	\N	\N
12	Juan	Alonso	\N	Perz	Rodrguez	\N	02345553-2	0123-920202-022-1	123@gmail.com	\N	\N	7000-0000	\N	1	\N	2024-02-01	1234532122	1234567	\N	\N	\N	\N		\N	\N	\N	1	21	2020-01-02	3	\N	1	\N	\N	\N
3	Alex	Alfonso	\N	Munto	Uceda	\N	04895886-5	2568-222222-222-2	alex.uceda@hotmail.com	\N	\N	7365-9812	\N	0	\N	2024-01-18	2322	2323	\N	\N	\N	\N	\N	\N	AB	\N	1	1	\N	\N	\N	1	\N	\N	\N
5	Miguel	Antonio	\N	Guardado	\N	\N	05050505-2	1155-555555-555-5	rosalio.monterrosa@grupomapa.com	\N	\N		\N	0	\N	\N	9999	9999	\N	\N	\N	\N	\N	\N	\N	\N	1	2	\N	\N	\N	2	\N	\N	\N
7	Alex	Edgardo	\N	Hernndez	Vsquez	\N	05703165-4	0315-300498-103-2	aehv545@gmail.com	\N	\N	7858-1279	\N	0	\N	1998-04-30	123456787654	123456789	\N	\N	\N	\N		\N	\N	\N	1	\N	2021-04-12	\N	\N	\N	\N	\N	\N
14	Ramiro	\N	\N	Ramirez	\N	\N	09812334-1	0922-392922-933-0	ramiro@gmail.com	\N	\N	7000-0000	\N	0	\N	1990-02-02	029222928726	128387721	\N	\N	\N	\N		\N	\N	\N	1	22	2004-04-01	2	\N	1	\N	\N	\N
15	Pedro	\N	\N	Gonzalez	\N	\N	09763733-3	0938-377221-482-2	pedro@gmail.com	\N	\N	8090-9090	\N	0	\N	1975-08-09	123454335322	234439229	\N	\N	\N	\N		\N	AB+	\N	1	17	2021-04-20	4	\N	1	\N	\N	\N
13	Anah	\N	\N	Ramrez	\N	\N	00000000-2	123-123422-466-6	ahani@gmail.com	\N	\N	7689-3323	\N	0	\N	2024-02-01	\N	\N	\N	\N	\N	\N	datos_personales/fotos_perfil/ella.png	\N	\N	1	1	14	2024-02-01	2	\N	1	\N	\N	\N
16	Madisson	\N	\N	Joestar	\N	\N	00000000-0	0000-000000-000-0	madisson@almacenesbomba.com	\N	\N	\N	\N	\N	\N	\N	00000000	000000	00000000	\N	\N	\N	datos_personales/fotos_perfil/ella.png	\N	\N	\N	2	16	2024-02-16	2	\N	2	\N	\N	\N
1	Rosalio	Alfredo	\N	Monterrosa	Valle	\N	06047506-1	0511-240500-101-3	rosalioalfre2@gmail.com	\N	\N	7039-2201	\N	0	\N	2000-05-24	890	67890	2222222	\N	\N	Es un muy buen empleado querido por todos XD	datos_personales/fotos_perfil/gg.jpg	\N	O-	\N	1	1	\N	2	\N	1	\N	\N	\N
\.


--
-- Data for Name: contratacion_dependiente; Type: TABLE DATA; Schema: public; Owner: postgres
--

COPY public.contratacion_dependiente (id, nombre, fecha_nacimiento, dui, nit, otro_documento, telefono, direccion, correo, contacto_emergencia, id_datos_personales_id, id_tipo_dependiente_id) FROM stdin;
\.


--
-- Data for Name: contratacion_estadocivil; Type: TABLE DATA; Schema: public; Owner: postgres
--

COPY public.contratacion_estadocivil (id, nombre, created_at, updated_at) FROM stdin;
2	Soltero	2024-02-06 18:04:01.846736+00	2024-02-06 18:04:01.846839+00
3	Casado	2024-02-06 18:04:07.539535+00	2024-02-06 18:04:07.539554+00
4	Divorciado	2024-02-06 18:04:14.936713+00	2024-02-06 18:04:14.936739+00
5	Viudo	2024-02-06 18:04:19.528781+00	2024-02-06 18:04:19.528817+00
\.


--
-- Data for Name: contratacion_estudiopersona; Type: TABLE DATA; Schema: public; Owner: postgres
--

COPY public.contratacion_estudiopersona (id, estado, fechainicio, fechafin, institucion, titulo, referencia, observaciones, duracion, created_at, updated_at, id_datos_personales_id, estudio_id, pagado_empresa) FROM stdin;
39	1	2004-01-05	2015-12-04	Centro Escolar Cantn Santa Luca	Educacion basica				2024-02-06 20:47:02.45078+00	2024-02-07 14:26:49.371579+00	1	51	f
40	2	2018-01-08	\N	Univeridad De El Salvador	Ingeniero de sistemas informaticos				2024-02-06 20:50:41.078275+00	2024-02-07 22:19:43.046+00	1	55	t
\.


--
-- Data for Name: contratacion_estudios; Type: TABLE DATA; Schema: public; Owner: postgres
--

COPY public.contratacion_estudios (id, nombre, codigo, created_at, updated_at, id_nivel_estudio_id) FROM stdin;
41	Kinder	\N	2024-01-22 14:08:30.162+00	2024-01-22 14:20:06.396+00	2
42	Parvularia	\N	2024-01-22 14:10:06.061+00	2024-01-22 14:20:10.454+00	2
43	Primer grado	\N	2024-01-22 14:11:37.188+00	2024-01-22 14:11:37.188+00	1
44	Segundo grado	\N	2024-01-22 14:11:54.531+00	2024-01-22 14:11:54.531+00	1
45	Tercer grado	\N	2024-01-22 14:12:08.489+00	2024-01-22 14:12:08.49+00	1
46	Cuarto grado	\N	2024-01-22 14:12:25.064+00	2024-01-22 14:12:25.064+00	1
47	Quinto grado	\N	2024-01-22 14:12:37.995+00	2024-01-22 14:12:37.995+00	1
48	Sexto grado	\N	2024-01-22 14:12:46.936+00	2024-01-22 14:12:46.936+00	1
49	Septimo grado	\N	2024-01-22 14:12:57.856+00	2024-01-22 14:12:57.856+00	1
50	Octavo grado	\N	2024-01-22 14:13:25.465+00	2024-01-22 14:13:25.465+00	1
51	Noveno grado	\N	2024-01-22 14:13:47.656+00	2024-01-22 14:13:47.656+00	1
52	Bachillerato general	\N	2024-01-22 14:15:17.299+00	2024-01-22 14:15:17.299+00	3
53	Bachillerato tecnico	\N	2024-01-22 14:15:29.716+00	2024-01-22 14:15:29.716+00	3
54	Estudios tecnicos	\N	2024-01-22 14:15:46.321+00	2024-01-22 14:15:46.321+00	4
55	Ingenieria	\N	2024-01-22 14:16:29.874+00	2024-01-22 14:23:23.467+00	4
56	Licenciatura	\N	2024-01-22 14:16:18.087+00	2024-01-22 14:16:35.113+00	4
57	Doctorado	\N	2024-01-22 14:17:43.813+00	2024-01-22 14:17:43.813+00	4
58	Maestria	\N	2024-01-22 14:17:59.567+00	2024-01-22 14:17:59.567+00	4
59	Cursos de un mes	\N	2024-01-22 19:30:51.705+00	2024-01-22 19:30:51.705+00	4
\.


--
-- Data for Name: contratacion_incrementosretencionesrangos; Type: TABLE DATA; Schema: public; Owner: postgres
--

COPY public.contratacion_incrementosretencionesrangos (id, tramo, salario_nominal_a, sobre_exceso_de, salario_nominal_b, porcentaje, cuota_fija, estado, created_at, updated_at, aplica_isss, aplica_afp, aplica_renta, id_tipo_periodo_id, id_tipo_incremento_retencion_id, porcentaje_patrono) FROM stdin;
3	TRE	895.25	895.24	2038.10	0.2000	60.00	t	2024-01-21 17:01:16.819+00	2024-02-01 22:06:33.996651+00	f	f	f	2	2	\N
4	CUA	2038.11	2038.10	1000000.00	0.3000	288.57	t	2024-01-21 17:01:16.819+00	2024-02-01 22:06:44.987042+00	f	f	f	2	2	\N
14	UNO	0.01	236.00	236.00	0.0000	0.00	t	2024-01-21 17:01:16.819+00	2024-02-01 13:44:59.624479+00	f	f	f	1	2	\N
15	DOS	236.01	236.00	447.62	0.1000	8.83	t	2024-01-21 17:01:16.819+00	2024-02-01 13:45:03.779169+00	f	f	f	1	2	\N
16	TRE	447.63	447.62	1019.05	0.2000	30.00	t	2024-01-21 17:01:16.819+00	2024-02-01 13:45:07.286429+00	f	f	f	1	2	\N
17	CUA	1019.06	1019.05	1000000.00	0.3000	144.28	t	2024-01-21 17:01:16.819+00	2024-02-01 13:45:11.764376+00	f	f	f	1	2	\N
1	UNO	0.01	472.00	472.00	0.0000	0.00	t	2024-01-21 17:01:16.819+00	2024-02-05 13:22:04.234438+00	f	f	f	2	2	\N
2	DOS	472.01	472.00	895.24	0.1000	17.67	t	2024-01-21 17:01:16.819+00	2024-02-05 13:22:16.995394+00	f	f	f	2	2	\N
31	UNO	0.01	0.00	3999.99	0.0000	0.00	t	2024-01-21 17:01:16.819+00	2024-02-05 13:22:16.995394+00	f	f	f	2	12	5.0000
34	UNO	0.01	0.00	9999999.99	4.8300	0.00	t	2024-01-21 17:01:16.819+00	2024-02-05 13:22:16.995394+00	f	f	f	2	11	1.2600
36	DOS	4000.00	0.00	9999999.99	5.0000	0.00	t	2024-01-21 17:01:16.819+00	2024-02-05 13:22:16.995394+00	f	f	f	2	12	2.2300
\.


--
-- Data for Name: contratacion_movimientodecremento; Type: TABLE DATA; Schema: public; Owner: postgres
--

COPY public.contratacion_movimientodecremento (id, monto_fijo, techo_laboral, porcentaje_empleado, porcentaje_patrono, estado, descripcion, titulo, created_at, updated_at, id_tipo_retencion_id, id_user_id, aplica_siempre, aplica_todos) FROM stdin;
1	0.00	1000.00	3.0000	7.5000	t	ISSS	ISSS NO TOCAR	2024-02-01 20:16:09.316+00	2024-02-01 20:16:09.316+00	4	2	t	t
2	0.00	5904.77	7.2500	7.7500	t	AFP	AFP NO TOCAR	2024-02-01 20:16:09.316+00	2024-02-01 20:16:09.316+00	5	2	t	t
3	10.00	1000000.00	0.0000	0.0000	t	UNIFORMES TIENDA	UNIFORMES	2024-02-01 20:16:09.316+00	2024-02-01 20:16:09.316+00	5	2	t	t
4	0.00	20000.00	0.0000	1.0000	t	INSAFORP	INSAFORP NO TOCAR	2024-02-01 20:16:09.316+00	2024-02-01 20:16:09.316+00	6	2	t	t
\.


--
-- Data for Name: contratacion_movimientoincremento; Type: TABLE DATA; Schema: public; Owner: postgres
--

COPY public.contratacion_movimientoincremento (id, monto_fijo, porcentaje_empleado, estado, aplica_isss, aplica_afp, aplica_renta, aplica_insaforp, descripcion, titulo, created_at, updated_at, id_tipo_incremento_id, id_user_id, aplica_siempre, aplica_todos) FROM stdin;
5	25.00	1.0000	t	f	f	f	f	Los incrementos	25+1%	2024-02-01 20:16:09.316+00	2024-02-05 14:06:54.324618+00	16	1	f	f
7	3.00	4.0000	t	t	t	f	f	ss	3+4%	2024-02-01 20:16:09.316+00	2024-02-01 20:16:09.316+00	15	1	f	f
9	20.00	3.0000	t	t	t	f	f	ss	20+3% afp iss	2024-02-01 20:16:09.316+00	2024-02-01 20:16:09.316+00	15	1	f	f
6	1.00	0.0000	t	t	t	t	t	todas las deducciones	1+0% ren afp insa isss	2024-02-01 20:16:09.316+00	2024-02-05 13:54:53.469482+00	15	1	f	f
8	10.00	0.0000	t	t	f	f	f	ss	10+0% isss	2024-02-01 20:16:09.316+00	2024-02-01 20:16:09.316+00	15	1	f	f
12	0.00	0.0000	t	f	f	f	f	Bonificacion legal Guatemala	Bono legal GT	2024-02-01 20:16:09.316+00	2024-02-01 20:16:09.316+00	10	1	f	f
13	10.00	\N	t	t	t	t	t	sdfghjkl.-	ghjkl	2024-02-22 13:38:55.902381+00	2024-02-22 13:38:55.902429+00	4	\N	t	t
\.


--
-- Data for Name: contratacion_nivelempleado; Type: TABLE DATA; Schema: public; Owner: postgres
--

COPY public.contratacion_nivelempleado (id, nombre, description) FROM stdin;
2	Nivel 2	\N
3	Nivel 3	\N
4	NIvel 4	\N
5	Nivel 5	Nivel 5 de empleados
1	Nivel 1	\N
\.


--
-- Data for Name: contratacion_nivelestudio; Type: TABLE DATA; Schema: public; Owner: postgres
--

COPY public.contratacion_nivelestudio (id, nombre, codigo, created_at, updated_at) FROM stdin;
1	Educacin Bsica	\N	2024-01-19 22:00:54.601+00	2024-02-05 14:14:33.698952+00
2	Educacin Media	\N	2024-01-22 14:04:18.065+00	2024-02-05 14:14:39.267513+00
3	Educacin Parvularia	\N	2024-01-22 14:04:05.696+00	2024-02-05 14:14:44.448831+00
4	Educacin Superior	\N	2024-01-22 14:04:35.78+00	2024-02-05 14:14:49.594927+00
5	Educacin Inicial	\N	2024-01-29 16:12:56.57+00	2024-02-05 14:14:55.508709+00
6	Estudios Posgrados	\N	2024-01-29 16:14:19.102+00	2024-02-05 14:15:01.645275+00
\.


--
-- Data for Name: contratacion_ocupacion; Type: TABLE DATA; Schema: public; Owner: postgres
--

COPY public.contratacion_ocupacion (id, nombre, codigo, created_at, updated_at) FROM stdin;
2	Mdico	\N	2024-01-31 18:59:11.094379+00	2024-01-31 18:59:11.094379+00
3	Cirujano	\N	2024-01-31 18:59:11.094379+00	2024-01-31 18:59:11.094379+00
4	Paleontlogo	\N	2024-01-31 18:59:11.094379+00	2024-01-31 18:59:11.094379+00
5	Ingeniero	\N	2024-01-31 18:59:11.094379+00	2024-01-31 18:59:11.094379+00
6	Historiador	\N	2024-01-31 18:59:11.094379+00	2024-01-31 18:59:11.094379+00
7	Gegrafo	\N	2024-01-31 18:59:11.094379+00	2024-01-31 18:59:11.094379+00
8	Bilogo	\N	2024-01-31 18:59:11.094379+00	2024-01-31 18:59:11.094379+00
9	Fillogo	\N	2024-01-31 18:59:11.094379+00	2024-01-31 18:59:11.094379+00
10	Psiclogo	\N	2024-01-31 18:59:11.094379+00	2024-01-31 18:59:11.094379+00
11	Matemtico	\N	2024-01-31 18:59:11.094379+00	2024-01-31 18:59:11.094379+00
12	Arquitecto	\N	2024-01-31 18:59:11.094379+00	2024-01-31 18:59:11.094379+00
13	Computista	\N	2024-01-31 18:59:11.094379+00	2024-01-31 18:59:11.094379+00
14	Profesor	\N	2024-01-31 18:59:11.094379+00	2024-01-31 18:59:11.094379+00
15	Periodista	\N	2024-01-31 18:59:11.094379+00	2024-01-31 18:59:11.094379+00
16	Botnico	\N	2024-01-31 18:59:11.094379+00	2024-01-31 18:59:11.094379+00
17	Fsico	\N	2024-01-31 18:59:11.094379+00	2024-01-31 18:59:11.094379+00
18	Socilogo	\N	2024-01-31 18:59:11.094379+00	2024-01-31 18:59:11.094379+00
19	Farmaclogo	\N	2024-01-31 18:59:11.094379+00	2024-01-31 18:59:11.094379+00
20	Qumico	\N	2024-01-31 18:59:11.094379+00	2024-01-31 18:59:11.094379+00
21	Politlogo	\N	2024-01-31 18:59:11.094379+00	2024-01-31 18:59:11.094379+00
22	Enfermero	\N	2024-01-31 18:59:11.094379+00	2024-01-31 18:59:11.094379+00
23	Electricista	\N	2024-01-31 18:59:11.094379+00	2024-01-31 18:59:11.094379+00
24	Biblioteclogo	\N	2024-01-31 18:59:11.094379+00	2024-01-31 18:59:11.094379+00
25	Paramdico	\N	2024-01-31 18:59:11.094379+00	2024-01-31 18:59:11.094379+00
26	Tcnico de sonido	\N	2024-01-31 18:59:11.094379+00	2024-01-31 18:59:11.094379+00
27	Archivlogo	\N	2024-01-31 18:59:11.094379+00	2024-01-31 18:59:11.094379+00
28	Msico	\N	2024-01-31 18:59:11.094379+00	2024-01-31 18:59:11.094379+00
29	Filsofo	\N	2024-01-31 18:59:11.094379+00	2024-01-31 18:59:11.094379+00
30	Secretaria	\N	2024-01-31 18:59:11.094379+00	2024-01-31 18:59:11.094379+00
31	Traductor	\N	2024-01-31 18:59:11.094379+00	2024-01-31 18:59:11.094379+00
32	Antroplogo	\N	2024-01-31 18:59:11.094379+00	2024-01-31 18:59:11.094379+00
33	Tcnico en turismo	\N	2024-01-31 18:59:11.094379+00	2024-01-31 18:59:11.094379+00
34	Economista	\N	2024-01-31 18:59:11.094379+00	2024-01-31 18:59:11.094379+00
35	Administrador	\N	2024-01-31 18:59:11.094379+00	2024-01-31 18:59:11.094379+00
36	Lingista	\N	2024-01-31 18:59:11.094379+00	2024-01-31 18:59:11.094379+00
37	Radilogo	\N	2024-01-31 18:59:11.094379+00	2024-01-31 18:59:11.094379+00
38	Contador	\N	2024-01-31 18:59:11.094379+00	2024-01-31 18:59:11.094379+00
39	Psicoanalista	\N	2024-01-31 18:59:11.094379+00	2024-01-31 18:59:11.094379+00
40	Eclogo	\N	2024-01-31 18:59:11.094379+00	2024-01-31 18:59:11.094379+00
1	Abogado	\N	2024-01-31 18:59:11.094379+00	2024-02-05 14:14:21.138287+00
\.


--
-- Data for Name: contratacion_paramcotizacion; Type: TABLE DATA; Schema: public; Owner: postgres
--

COPY public.contratacion_paramcotizacion (id, cotizacion_trabajador, cotizacion_empleador, institucion, estado, tope, created_at, updated_at) FROM stdin;
\.


--
-- Data for Name: contratacion_personaalergia; Type: TABLE DATA; Schema: public; Owner: postgres
--

COPY public.contratacion_personaalergia (id, id_datos_personales_id, id_tipo_de_alergia_id) FROM stdin;
1	1	3
2	1	2
\.


--
-- Data for Name: contratacion_personadiscapacidad; Type: TABLE DATA; Schema: public; Owner: postgres
--

COPY public.contratacion_personadiscapacidad (id, id_datos_personales_id, id_tipo_de_discapacidad_id) FROM stdin;
7	1	2
8	7	3
\.


--
-- Data for Name: contratacion_personanombrespordocumento; Type: TABLE DATA; Schema: public; Owner: postgres
--

COPY public.contratacion_personanombrespordocumento (id, primer_nombre, segundo_nombre, tercer_nombre, primer_apellido, segundo_apellido, tercer_apellido, apellido_de_casada, id_datos_personales_id, id_tipo_de_documento_id, fecha_de_expedicion, lugar_de_expedicion, numero) FROM stdin;
1	Rosalio	Alfredo		Monterrosa	Valle			1	1	2018-05-24	Santa Tecla, La Libertad	06047506-1
2	Alex	Edgardo	\N	Hernndez	Vsquez	\N	\N	7	1	2019-07-20	Sonsonate	05703165-4
3	Rosalillo	\N	\N	Monyerrosa	\N	\N	\N	1	3	\N	\N	456789
\.


--
-- Data for Name: contratacion_personavacuna; Type: TABLE DATA; Schema: public; Owner: postgres
--

COPY public.contratacion_personavacuna (id, fecha_de_vacunacion, id_datos_personales_id, id_tipo_de_vacuna_id) FROM stdin;
1	2024-02-02	1	1
2	2024-02-02	1	2
4	2021-08-08	7	2
5	\N	1	3
\.


--
-- Data for Name: contratacion_planillaestado; Type: TABLE DATA; Schema: public; Owner: postgres
--

COPY public.contratacion_planillaestado (id, nombre) FROM stdin;
1	En proceso
2	Etapa II
3	Etapa III
4	Etapa IV
\.


--
-- Data for Name: contratacion_planillatipo; Type: TABLE DATA; Schema: public; Owner: postgres
--

COPY public.contratacion_planillatipo (id, nombre) FROM stdin;
1	Nominal
2	Compensatoria
3	Aguinaldo
\.


--
-- Data for Name: contratacion_prestamosregistropagos; Type: TABLE DATA; Schema: public; Owner: postgres
--

COPY public.contratacion_prestamosregistropagos (id, monto, created_at, updated_at, id_datos_personales_id) FROM stdin;
\.


--
-- Data for Name: contratacion_profesion; Type: TABLE DATA; Schema: public; Owner: postgres
--

COPY public.contratacion_profesion (id, nombre, created_at, updated_at) FROM stdin;
\.


--
-- Data for Name: contratacion_profesiondui; Type: TABLE DATA; Schema: public; Owner: postgres
--

COPY public.contratacion_profesiondui (id, nombre, codigo) FROM stdin;
2	Ingeniero de datos	
1	Licenciado en adminitracion de empresa	
\.


--
-- Data for Name: contratacion_project; Type: TABLE DATA; Schema: public; Owner: postgres
--

COPY public.contratacion_project (id, name, "montoAproximado", implicados, tipo) FROM stdin;
\.


--
-- Data for Name: contratacion_registropagos; Type: TABLE DATA; Schema: public; Owner: postgres
--

COPY public.contratacion_registropagos (id, monto_abonado, monto_cuota, created_at, updated_at, id_cliente) FROM stdin;
\.


--
-- Data for Name: contratacion_tareas; Type: TABLE DATA; Schema: public; Owner: postgres
--

COPY public.contratacion_tareas (id, title, description, estado, project_id) FROM stdin;
\.


--
-- Data for Name: contratacion_tipoaccionpersonal; Type: TABLE DATA; Schema: public; Owner: postgres
--

COPY public.contratacion_tipoaccionpersonal (id, nombre) FROM stdin;
1	Traslado
2	Nombramiento nuevo puesto
3	Ascenso
4	Aumento de sueldo
5	Despido
6	Abandono
7	Periodo de prueba
8	Vacacin
9	Renuncia
11	Requerimiento de Personal
10	Contrato Fijo
\.


--
-- Data for Name: contratacion_tipocontrato; Type: TABLE DATA; Schema: public; Owner: postgres
--

COPY public.contratacion_tipocontrato (id, nombre, codigo, estado, descripcion, created_at, updated_at) FROM stdin;
1	Contrato temporal	CT01	\N	\N	2024-01-18 23:12:27.566+00	2024-01-18 23:12:27.566+00
2	Contrato a tiempo completo	CT02	1	Contrato de prueba	2024-01-22 15:12:24.886+00	2024-01-22 15:12:24.886+00
3	Contrato fijo	0001	1	Contrato del tipo fijo	2024-01-19 15:42:44.813+00	2024-01-19 15:42:44.813+00
6	prueba	1212	2	tipo de prueba	2024-02-09 21:32:02.899445+00	2024-02-09 21:32:02.899478+00
7	asdasas	1111	2	asdasd	2024-02-09 21:32:31.34376+00	2024-02-09 21:32:31.343787+00
\.


--
-- Data for Name: contratacion_tipodealergia; Type: TABLE DATA; Schema: public; Owner: postgres
--

COPY public.contratacion_tipodealergia (id, nombre) FROM stdin;
1	Leche
2	Huevo
3	Man
4	Trigo
5	Soya
6	Mariscos
7	Polen
8	Moho
9	Polvo
10	Gatos
11	Perros
12	Latex
13	Perfumes
14	Cosmticos
15	Jugo de narajana
\.


--
-- Data for Name: contratacion_tipodediscapacidad; Type: TABLE DATA; Schema: public; Owner: postgres
--

COPY public.contratacion_tipodediscapacidad (id, nombre) FROM stdin;
1	Discapacidad fsica
2	Discapacidad sensorial
3	Discapacidad intelectual
4	Discapacidad psicosocial
\.


--
-- Data for Name: contratacion_tipodedocumento; Type: TABLE DATA; Schema: public; Owner: postgres
--

COPY public.contratacion_tipodedocumento (id, nombre, nombre_legal) FROM stdin;
2	Nmero de Identificacin Tributaria	\N
1	Documento nico de identidad	\N
3	Instituto Salvadoreo del Seguro Social	\N
\.


--
-- Data for Name: contratacion_tipodependiente; Type: TABLE DATA; Schema: public; Owner: postgres
--

COPY public.contratacion_tipodependiente (id, nombre, codigo, created_at, updated_at) FROM stdin;
1	Hermano	H001	2024-01-18 22:57:34.565+00	2024-01-18 22:57:34.565+00
2	Padre	P001	2024-01-22 15:26:06.7+00	2024-01-22 15:26:06.7+00
3	Madre	M001	2024-01-22 15:26:13.557+00	2024-01-22 15:26:13.557+00
4	Hijo	H002	2024-01-22 15:26:35.068+00	2024-01-22 15:26:35.068+00
5	Hermana	H003	2024-01-22 15:26:45.609+00	2024-01-22 15:26:45.609+00
6	Hija	H004	2024-01-22 15:26:57.083+00	2024-01-22 15:26:57.083+00
7	Abuelo	A001	2024-01-22 15:27:10.652+00	2024-01-22 15:27:10.652+00
8	Abuela	A002	2024-01-22 15:27:18.829+00	2024-01-22 15:27:18.829+00
9	Primo	P002	2024-01-22 15:27:35.582+00	2024-01-22 15:27:35.582+00
10	Prima	P003	2024-01-22 15:27:45.148+00	2024-01-22 15:27:45.148+00
11	Tio	T001	2024-01-22 15:27:59.385+00	2024-01-22 15:27:59.385+00
12	Tia	T002	2024-01-22 15:28:09.02+00	2024-01-22 15:28:09.02+00
13	Sobrino	S001	2024-01-22 15:28:34.166+00	2024-01-22 15:28:34.166+00
14	Sobrina	S002	2024-01-22 15:28:43.281+00	2024-01-22 15:28:43.281+00
15	Hijo adoptivo	H005	2024-01-22 15:29:46.284+00	2024-01-22 15:29:46.284+00
16	Hija adoptiva	H006	2024-01-22 15:29:56.686+00	2024-01-22 15:29:56.686+00
17	Conyugue	C002	2024-02-01 20:52:12.196+00	2024-02-01 20:52:12.196+00
18	Unin no matrimonial	Uoo	2024-02-01 20:52:52.83+00	2024-02-01 20:52:52.83+00
19	Suegra	S00	2024-02-01 20:52:52.83+00	2024-02-01 20:52:52.83+00
20	Suegro	S01	2024-02-01 20:52:52.83+00	2024-02-01 20:52:52.83+00
\.


--
-- Data for Name: contratacion_tipodevacuna; Type: TABLE DATA; Schema: public; Owner: postgres
--

COPY public.contratacion_tipodevacuna (id, nombre) FROM stdin;
1	Primera dosis para covid 19
2	Segunda dosis covid 19
3	Tercera dosis covid 19
4	Cuarta dosis covid 19
5	Fiebre amarilla
6	Ttanos-difteria-tosferina (TDT)
7	Triple vrica (sarampin, rubola y parotiditis)
8	Hepatitis B
9	Hepatitis A
10	Gripe
11	Neumococo
\.


--
-- Data for Name: contratacion_tipohora; Type: TABLE DATA; Schema: public; Owner: postgres
--

COPY public.contratacion_tipohora (id, nombre, codigo, descripcion, created_at, updated_at) FROM stdin;
1	Horas normales	0001	\N	2024-01-18 23:12:42.138+00	2024-01-18 23:12:42.138+00
2	Horas extra diurnas	0002	horas realizadas como extra en el transcurso del dia	2024-01-19 15:43:43.767+00	2024-01-19 15:43:43.767+00
3	Horas extras nocturnas	0003	Son las horas extras durante la noche	2024-01-22 15:21:00.682+00	2024-01-22 15:21:13.735+00
5	Horas Dominicales	2021	\N	2024-02-05 15:03:18.173925+00	2024-02-05 15:03:18.173948+00
\.


--
-- Data for Name: contratacion_tipoincrementoretencion; Type: TABLE DATA; Schema: public; Owner: postgres
--

COPY public.contratacion_tipoincrementoretencion (id, nombre, suma_o_resta, tipo, data_extra, descripcion) FROM stdin;
12	Renta Guatemala	f	1	{"nota": "NO EDITAR EL ID"}	1
11	IGSS	f	1	{"nota": "NO EDITAR EL ID"}	1
14	Orden de descuento	f	5	{"nota": "NO EDITAR EL ID"}	1
2	Renta	f	1	\N	Impuesto sobre la renta(SV)
3	Aguinaldo	t	1	{"rangos": [{"desde": 1, "hasta": 2, "anios_servicio": "1 ao o menos de 3 aos", "dias_aguinaldo": 15}, {"desde": 3, "hasta": 9, "anios_servicio": "Ms de 3 aos y menos de 10 aos", "dias_aguinaldo": 19}, {"desde": 10, "hasta": 100, "anios_servicio": "Ms de 10 aos", "dias_aguinaldo": 21}]}	Aguinaldo(SV)
4	ISSS	f	1	\N	Impuesto ISSS(SV)
5	AFP	f	1	\N	Impuesto de fondo de pensiones(SV)
6	INSAFORP	f	1	{"rangos": [{"desde": 1, "hasta": 2, "anios_servicio": "1 ao o menos de 3 aos", "dias_aguinaldo": 15}, {"desde": 3, "hasta": 9, "anios_servicio": "Ms de 3 aos y menos de 10 aos", "dias_aguinaldo": 19}, {"desde": 10, "hasta": 100, "anios_servicio": "Ms de 10 aos", "dias_aguinaldo": 21}]}	Impuesto INSAFORP(SV)
10	Bonificacion legal	t	6	{"nota": "NO EDITAR EL ID"}	
15	Comisin de seguridad	t	2	\N	Comisin de vigilantes(SV)
16	Comisin por ventas	t	2	\N	Comisin por ventas
25	Bono global SV	t	3	\N	Bono general todos(SV)
26	Descuento global SV	t	3	\N	Descuento para todos(SV)
27	Bono especial	t	4	\N	Bono individual aplicable a una sola persona
28	Descuento especial	t	4	\N	Descuento individual aplicable a una sola persona
24	Salario	t	2	\N	Salario(SV-GT)
\.


--
-- Data for Name: contratacion_tipoperiodo; Type: TABLE DATA; Schema: public; Owner: postgres
--

COPY public.contratacion_tipoperiodo (id, nombre) FROM stdin;
1	Quincenal
2	Mensual
3	Semanal
\.


--
-- Data for Name: contratacion_tiposalario; Type: TABLE DATA; Schema: public; Owner: postgres
--

COPY public.contratacion_tiposalario (id, nombre, codigo, descripcion, created_at, updated_at) FROM stdin;
\.


--
-- Data for Name: django_admin_log; Type: TABLE DATA; Schema: public; Owner: postgres
--

COPY public.django_admin_log (id, action_time, object_id, object_repr, action_flag, change_message, content_type_id, user_id) FROM stdin;
1	2024-02-07 22:05:59.012637+00	8	Nilson Ardn	1	[{"added": {}}]	34	1
2	2024-02-07 22:51:26.601568+00	8	Nilson Ardn	3		34	1
3	2024-02-07 22:58:53.189513+00	9	Nilson Ardn	1	[{"added": {}}]	34	1
4	2024-02-07 22:59:32.729231+00	9	Nilson Ardn	3		34	1
5	2024-02-08 13:48:55.996476+00	10	Nilson Ardn	1	[{"added": {}}]	34	1
6	2024-02-08 14:02:01.503778+00	10	Nilson Ardn	3		34	1
7	2024-02-08 14:36:36.090858+00	7	Alex Hernndez	2	[{"changed": {"fields": ["Url foto"]}}]	34	1
8	2024-02-08 14:36:57.122635+00	7	Alex Hernndez	2	[{"changed": {"fields": ["Url foto"]}}]	34	1
9	2024-02-08 14:37:13.222624+00	7	Alex Hernndez	2	[{"changed": {"fields": ["Url foto"]}}]	34	1
10	2024-02-08 14:37:25.465636+00	7	Alex Hernndez	2	[{"changed": {"fields": ["Url foto"]}}]	34	1
11	2024-02-08 15:25:12.779122+00	7	Alex Hernndez	2	[{"changed": {"fields": ["Url foto"]}}]	34	1
12	2024-02-08 15:25:25.553259+00	7	Alex Hernndez	2	[{"changed": {"fields": ["Url foto"]}}]	34	1
13	2024-02-08 15:25:34.304017+00	7	Alex Hernndez	2	[{"changed": {"fields": ["Url foto"]}}]	34	1
14	2024-02-08 15:26:33.112578+00	11	Nilson Ardn	1	[{"added": {}}]	34	1
15	2024-02-08 15:26:43.260845+00	11	Nilson Ardn	3		34	1
16	2024-02-09 16:35:07.00946+00	13	Anah Ramrez	1	[{"added": {}}]	34	1
17	2024-02-09 16:37:05.433197+00	13	Anah Ramrez	2	[{"changed": {"fields": ["Dui", "Nit", "Correo1", "Celular", "N hijos", "Fecha nacimiento", "Url foto", "Fecha inicio labores", "Ocupacion de la persona, estudiante, carpintero, electricista..", "Pa\\u00eds de nacimiento de la persona", "Estado civil de la persona", "Profesi\\u00f3n seg\\u00fan DUI"]}}]	34	1
18	2024-02-16 20:42:13.56427+00	13	Anah Ramrez	2	[{"changed": {"fields": ["Url foto"]}}]	34	1
19	2024-02-16 20:42:38.919557+00	13	Anah Ramrez	2	[]	34	1
20	2024-02-16 20:45:56.821221+00	13	Anah Ramrez	2	[{"changed": {"fields": ["Url foto"]}}]	34	1
21	2024-02-16 21:02:33.50627+00	13	Anah Ramrez	2	[{"changed": {"fields": ["Url foto"]}}]	34	1
22	2024-02-16 21:02:42.107235+00	13	Anah Ramrez	2	[{"changed": {"fields": ["Url foto"]}}]	34	1
23	2024-02-16 21:27:22.372384+00	1	Rosalio Monterrosa	2	[{"changed": {"fields": ["Url foto"]}}]	34	1
24	2024-02-22 13:49:05.525663+00	1	Central	1	[{"added": {}}]	14	2
25	2024-02-22 15:46:33.97349+00	1	Central	2	[]	14	1
26	2024-02-22 15:58:22.255932+00	2	rosalio	2	[{"changed": {"fields": ["Groups", "First name", "Last name"]}}]	11	1
27	2024-02-23 16:55:48.993162+00	2	creacion_acciones	1	[{"added": {}}]	14	1
28	2024-02-23 16:56:16.252024+00	3	administracion_acciones	1	[{"added": {}}]	14	1
29	2024-02-23 16:57:49.971507+00	3	alex	1	[{"added": {}}]	11	1
30	2024-02-23 16:58:33.92264+00	3	alex	2	[]	11	1
31	2024-02-23 16:58:59.93944+00	3	alex	2	[{"changed": {"fields": ["Groups"]}}]	11	1
32	2024-02-23 17:05:59.405527+00	3	alex	2	[{"changed": {"fields": ["Password"]}}]	11	1
33	2024-02-23 17:30:30.144382+00	3	alex	2	[{"changed": {"fields": ["Groups", "User permissions"]}}]	11	1
34	2024-02-26 19:36:09.494409+00	3	alex	2	[{"changed": {"fields": ["Groups", "User permissions"]}}]	11	1
35	2024-02-27 16:55:36.473287+00	1	admin	2	[{"changed": {"fields": ["Groups", "First name", "Last name"]}}]	11	1
36	2024-02-27 19:57:41.024654+00	1	admin	2	[{"changed": {"fields": ["Groups"]}}]	11	1
37	2024-02-27 19:58:37.55353+00	2	rosalio	2	[{"changed": {"fields": ["Groups"]}}]	11	1
\.


--
-- Data for Name: django_content_type; Type: TABLE DATA; Schema: public; Owner: postgres
--

COPY public.django_content_type (id, app_label, model) FROM stdin;
1	central	banco
2	central	client
3	central	departamento
4	central	direccion
5	central	domain
6	central	municipio
7	central	pais
8	central	sexo
9	central	tipodeubicacion
10	central	zona
11	central	user
12	admin	logentry
13	auth	permission
14	auth	group
15	contenttypes	contenttype
16	sessions	session
17	token_blacklist	blacklistedtoken
18	token_blacklist	outstandingtoken
19	contratacion	contrato
20	contratacion	estudios
21	contratacion	nivelempleado
22	contratacion	nivelestudio
23	contratacion	ocupacion
24	contratacion	project
25	contratacion	tipocontrato
26	contratacion	tipodealergia
27	contratacion	tipodediscapacidad
28	contratacion	tipodependiente
29	contratacion	tipodevacuna
30	contratacion	tipohora
31	contratacion	tipoincrementoretencion
32	contratacion	tipoperiodo
33	contratacion	tiposalario
34	contratacion	datospersonales
35	contratacion	cuentabanco
36	contratacion	estudiopersona
37	contratacion	paramcotizacion
38	contratacion	tareas
39	contratacion	dependiente
40	contratacion	personavacuna
41	contratacion	incrementosretencionesnormales
42	contratacion	incrementosretencionesrangos
43	authtoken	token
44	authtoken	tokenproxy
45	contratacionTenan	periodo
46	contratacionTenan	cargo
47	contratacionTenan	empleado
48	contratacionTenan	planilla
49	contratacionTenan	bonoindividual
50	centralTenan	area
51	centralTenan	centrodecosto
52	centralTenan	ubicacion
53	contratacion	personaalergia
54	contratacion	personadiscapacidad
55	contratacion	tipodedocumento
56	contratacion	personanombrespordocumento
57	contratacion	movimientodecremento
58	contratacion	movimientoincremento
59	contratacion	registropagos
61	contratacionTenan	movaplicadecremento
62	contratacionTenan	movaplicaincremento
63	contratacion	estadocivil
64	contratacion	profesion
65	contratacion	profesiondui
66	contratacion	tipoaccionpersonal
67	contratacionTenan	accionpersonal
68	central	institucionfinanciera
69	central	tipoinstitucion
70	central	ciudad
71	contratacionTenan	detalleplanilla
72	contratacionTenan	prestamosregistropagos
73	central	mes
60	contratacion	ordendescuento
74	contratacion	planillaestado
75	contratacion	planillatipo
76	contratacionTenan	planillaencabezado
77	contratacionTenan	recordcrediticio
78	contratacionTenan	ordendescuento
\.


--
-- Data for Name: django_migrations; Type: TABLE DATA; Schema: public; Owner: postgres
--

COPY public.django_migrations (id, app, name, applied) FROM stdin;
1	contenttypes	0001_initial	2024-01-31 18:02:50.105418+00
2	contenttypes	0002_remove_content_type_name	2024-01-31 18:02:50.144152+00
3	auth	0001_initial	2024-01-31 18:02:50.326849+00
4	auth	0002_alter_permission_name_max_length	2024-01-31 18:02:50.34718+00
5	auth	0003_alter_user_email_max_length	2024-01-31 18:02:50.364533+00
6	auth	0004_alter_user_username_opts	2024-01-31 18:02:50.386021+00
7	auth	0005_alter_user_last_login_null	2024-01-31 18:02:50.404424+00
8	auth	0006_require_contenttypes_0002	2024-01-31 18:02:50.416328+00
9	auth	0007_alter_validators_add_error_messages	2024-01-31 18:02:50.43585+00
10	auth	0008_alter_user_username_max_length	2024-01-31 18:02:50.453691+00
11	auth	0009_alter_user_last_name_max_length	2024-01-31 18:02:50.473451+00
12	auth	0010_alter_group_name_max_length	2024-01-31 18:02:50.508851+00
13	auth	0011_update_proxy_permissions	2024-01-31 18:02:50.528385+00
14	auth	0012_alter_user_first_name_max_length	2024-01-31 18:02:50.548641+00
15	central	0001_initial	2024-01-31 18:02:50.966425+00
16	admin	0001_initial	2024-01-31 18:02:51.059191+00
17	admin	0002_logentry_remove_auto_add	2024-01-31 18:02:51.077832+00
18	admin	0003_logentry_add_action_flag_choices	2024-01-31 18:02:51.100249+00
19	authtoken	0001_initial	2024-01-31 18:02:51.409195+00
20	authtoken	0002_auto_20160226_1747	2024-01-31 18:02:51.436186+00
21	authtoken	0003_tokenproxy	2024-01-31 18:02:51.45221+00
22	contratacion	0001_initial	2024-01-31 18:02:52.596437+00
23	central	0002_initial	2024-01-31 18:02:53.008214+00
24	centralTenan	0001_initial	2024-01-31 18:02:53.062325+00
25	contratacionTenan	0001_initial	2024-01-31 18:02:53.177004+00
26	sessions	0001_initial	2024-01-31 18:02:53.2368+00
27	token_blacklist	0001_initial	2024-01-31 18:02:53.385848+00
28	token_blacklist	0002_outstandingtoken_jti_hex	2024-01-31 18:02:53.429993+00
29	token_blacklist	0003_auto_20171017_2007	2024-01-31 18:02:53.483343+00
30	token_blacklist	0004_auto_20171017_2013	2024-01-31 18:02:53.541079+00
31	token_blacklist	0005_remove_outstandingtoken_jti	2024-01-31 18:02:53.586009+00
32	token_blacklist	0006_auto_20171017_2113	2024-01-31 18:02:53.622553+00
33	token_blacklist	0007_auto_20171017_2214	2024-01-31 18:02:53.759032+00
34	token_blacklist	0008_migrate_to_bigautofield	2024-01-31 18:02:53.954227+00
35	token_blacklist	0010_fix_migrate_to_bigautofield	2024-01-31 18:02:54.004528+00
36	token_blacklist	0011_linearizes_history	2024-01-31 18:02:54.019143+00
37	token_blacklist	0012_alter_outstandingtoken_user	2024-01-31 18:02:54.06268+00
38	contratacion	0002_alter_incrementosretencionesnormales_aplica_afp_and_more	2024-01-31 20:10:00.666521+00
39	centralTenan	0002_alter_ubicacion_id_direccion_and_more	2024-01-31 21:04:52.775601+00
40	contratacion	0003_incrementosretencionesnormales_titulo	2024-01-31 21:04:52.793166+00
41	contratacionTenan	0002_alter_empleado_id_datos_personales	2024-01-31 21:04:52.830633+00
42	contratacion	0004_remove_incrementosretencionesrangos_id_tipo_rango_retencion_and_more	2024-01-31 22:26:34.508109+00
43	contratacion	0005_alter_incrementosretencionesrangos_id_tipo_incremento_retencion	2024-01-31 22:26:34.589151+00
44	contratacion	0006_alter_incrementosretencionesrangos_id_tipo_incremento_retencion	2024-01-31 22:30:35.494642+00
45	contratacion	0007_rename_itfa_datospersonales_ipsa_and_more	2024-02-01 16:41:34.251444+00
46	contratacion	0008_alter_tipoincrementoretencion_suma_o_resta_and_more	2024-02-01 17:46:46.833208+00
47	contratacionTenan	0003_bonoindividual_bono_especial	2024-02-01 17:46:46.86223+00
48	contratacion	0009_rename_ipsa_datospersonales_ipsfa	2024-02-01 22:19:47.755589+00
49	contratacion	0010_personaalergia_personadiscapacidad	2024-02-02 14:42:10.562151+00
50	contratacion	0011_tipodedocumento	2024-02-02 15:14:57.506455+00
51	contratacion	0012_personanombrespordocumento	2024-02-02 15:32:16.024822+00
52	contratacion	0010_movimientodecremento_movimientoincremento	2024-02-02 17:25:13.645445+00
53	contratacion	0013_merge_20240202_1724	2024-02-02 17:25:13.647288+00
54	contratacion	0013_movimientodecremento_movimientoincremento	2024-02-02 17:41:40.604224+00
55	contratacion	0014_merge_20240202_1740	2024-02-02 17:41:40.606648+00
56	contratacion	0015_prestamopersona_registropagos	2024-02-02 18:13:04.529925+00
57	contratacionTenan	0004_remove_bonoindividual_id_planilla_delete_planilla	2024-02-02 18:13:04.705606+00
58	contratacion	0016_alter_personanombrespordocumento_unique_together_and_more	2024-02-02 18:15:30.557463+00
59	contratacion	0017_movimientodecremento_aplica_siempre_and_more	2024-02-02 20:09:45.848171+00
60	contratacionTenan	0005_planilla	2024-02-02 20:09:45.935748+00
61	contratacion	0018_remove_prestamopersona_fecha_fin_and_more	2024-02-02 22:11:52.796428+00
62	contratacionTenan	0006_movaplicadecremento_movaplicaincremento	2024-02-02 22:11:52.922789+00
63	contratacion	0019_alter_prestamopersona_pago_automatico	2024-02-02 22:25:46.402516+00
64	contratacion	0020_alter_prestamopersona_finalizado	2024-02-02 22:31:55.305537+00
65	contratacion	0021_alter_personaalergia_unique_together_and_more	2024-02-03 13:56:04.216866+00
66	contratacion	0022_tipoincrementoretencion_dias_extra	2024-02-05 13:18:33.753288+00
67	contratacion	0023_remove_tipoincrementoretencion_dias_extra_and_more	2024-02-05 13:18:33.78387+00
68	contratacion	0024_datospersonales_fecha_inicio_labores	2024-02-05 13:47:04.986704+00
69	contratacionTenan	0007_delete_bonoindividual	2024-02-05 14:02:54.082656+00
70	contratacion	0025_alter_tipoincrementoretencion_tipo_and_more	2024-02-05 14:02:54.133925+00
71	contratacionTenan	0008_planilla_aportaciones_empleado_and_more	2024-02-05 18:49:14.373084+00
72	contratacionTenan	0009_alter_planilla_aportaciones_empleado_and_more	2024-02-05 18:49:56.098934+00
73	contratacion	0026_remove_tipocontrato_ncl_codigo_and_more	2024-02-05 19:26:05.65908+00
74	contratacionTenan	0010_alter_movaplicaincremento_id_movimiento_incremento	2024-02-05 19:26:05.739661+00
75	contratacion	0027_alter_cuentabanco_nombre_alter_cuentabanco_numero_and_more	2024-02-05 19:31:27.382141+00
76	contratacionTenan	0011_rename_incrementos_exentos_planilla_ingresos_exentos_and_more	2024-02-05 20:13:25.294206+00
77	contratacionTenan	0012_alter_planilla_afp_and_more	2024-02-05 20:17:54.095855+00
78	contratacion	0028_alter_cuentabanco_unique_together	2024-02-05 20:57:16.644086+00
79	contratacion	0029_estadocivil_datospersonales_id_estado_civil	2024-02-06 17:59:37.0634+00
80	contratacionTenan	0013_empleado_sobre_sueldo	2024-02-06 19:52:52.35323+00
81	contratacionTenan	0014_alter_empleado_sobre_sueldo	2024-02-06 19:57:00.144286+00
82	contratacion	0030_estudiopersona_pagado_empresa	2024-02-06 20:06:48.23022+00
83	contratacion	0031_profesion_profesiondui_datospersonales_dpi_and_more	2024-02-06 20:40:02.718441+00
84	contratacionTenan	0015_empleado_cheque_alter_empleado_codigo_empleado	2024-02-06 20:40:02.836092+00
85	contratacion	0032_datospersonales_id_profesion	2024-02-06 21:49:22.004969+00
86	contratacion	0033_datospersonales_direccion_fox	2024-02-06 22:16:28.168599+00
87	contratacion	0034_tipoaccionpersonal	2024-02-07 21:10:23.801827+00
88	contratacionTenan	0016_accionpersonal	2024-02-07 21:10:23.998914+00
89	contratacion	0035_alter_datospersonales_url_foto	2024-02-07 21:37:18.467993+00
90	contratacion	0036_alter_datospersonales_url_foto	2024-02-07 22:56:51.237734+00
91	contratacion	0037_alter_datospersonales_url_foto	2024-02-08 13:35:41.436236+00
92	contratacionTenan	0017_accionpersonal_id_afectado	2024-02-08 15:50:13.707337+00
93	contratacionTenan	0018_alter_accionpersonal_id_afectado	2024-02-08 15:53:18.291001+00
94	contratacionTenan	0019_alter_accionpersonal_id_afectado	2024-02-08 15:54:50.868275+00
95	centralTenan	0003_area_id_director	2024-02-08 21:05:45.652049+00
96	centralTenan	0004_alter_area_id_director	2024-02-08 21:06:31.207291+00
97	centralTenan	0005_alter_area_id_director	2024-02-08 21:07:08.922196+00
98	contratacionTenan	0020_alter_accionpersonal_fecha_autorizacion_and_more	2024-02-08 22:52:35.3716+00
99	contratacionTenan	0021_remove_empleado_fecha_inicio	2024-02-08 22:58:53.696705+00
100	contratacionTenan	0022_accionpersonal_cargo_nuevo_and_more	2024-02-09 15:49:04.176122+00
101	central	0003_institucionfinanciera_tipoinstitucion	2024-02-09 17:27:11.592888+00
102	contratacion	0038_alter_cuentabanco_unique_together_and_more	2024-02-09 17:57:52.740155+00
103	central	0004_delete_banco_and_more	2024-02-09 17:57:52.846144+00
104	contratacion	0039_alter_cuentabanco_unique_together	2024-02-09 17:59:38.198631+00
105	central	0005_ciudad	2024-02-09 22:33:23.899541+00
106	central	0006_alter_ciudad_codigo	2024-02-12 13:30:22.150618+00
107	central	0007_delete_ciudad	2024-02-12 13:30:22.174216+00
108	contratacion	0040_remove_prestamopersona_pagado	2024-02-12 14:54:25.332221+00
109	contratacion	0041_alter_prestamopersona_finalizado_and_more	2024-02-12 16:30:19.510867+00
110	contratacion	0042_alter_prestamopersona_finalizado_and_more	2024-02-12 16:32:24.51187+00
111	central	0008_tipoinstitucion_porcentaje_maximo_descontar_planilla	2024-02-13 14:26:21.3798+00
112	contratacion	0043_remove_prestamopersona_monto_adeudado_and_more	2024-02-13 14:26:21.469595+00
113	contratacion	0044_prestamopersona_nota_alter_prestamopersona_fecha_fin	2024-02-13 17:30:31.664608+00
114	contratacionTenan	0023_accionpersonal_ubicacion_nuevo_and_more	2024-02-13 21:23:44.691283+00
115	contratacionTenan	0024_accionpersonal_ccosto_nuevo	2024-02-13 21:48:38.985435+00
116	centralTenan	0005_remove_ubicacion_id_direccion_ubicacion_direccion	2024-02-13 22:04:44.265607+00
117	contratacionTenan	0025_remove_planilla_afp_remove_planilla_aguinaldo_and_more	2024-02-13 22:23:23.105864+00
118	contratacionTenan	0002_rename_ccosto_nuevo_accionpersonal_id_centro_de_costo_and_more	2024-02-14 21:11:39.921678+00
119	contratacionTenan	0003_alter_accionpersonal_cargo_nuevo	2024-02-14 22:32:26.285579+00
120	contratacionTenan	0004_alter_accionpersonal_departamento_nuevo	2024-02-15 17:31:12.028272+00
121	contratacionTenan	0005_alter_empleado_codigo_empleado_and_more	2024-02-15 20:26:40.139615+00
122	contratacionTenan	0006_alter_empleado_fecha_contratacion_and_more	2024-02-15 21:20:19.847257+00
125	contratacion	0002_remove_datospersonales_direccion_fox_and_more	2024-02-16 13:50:29.000444+00
130	contratacionTenan	0007_detalleplanilla	2024-02-16 14:33:41.523359+00
131	contratacionTenan	0007_detalleplanilla_prestamosregistropagos	2024-02-16 15:29:33.965938+00
132	contratacionTenan	0008_alter_accionpersonal_fecha_inicio	2024-02-16 17:17:35.390105+00
133	contratacionTenan	0009_accionpersonal_indemnizacion_empleado_indemnizacion_and_more	2024-02-16 17:36:57.791533+00
134	contratacionTenan	0010_alter_empleado_url_foto	2024-02-16 21:01:52.370242+00
135	contratacionTenan	0011_remove_empleado_url_foto	2024-02-16 21:07:34.637524+00
136	contratacionTenan	0012_accionpersonal_voluntario	2024-02-16 21:44:30.400276+00
137	contratacionTenan	0013_alter_periodo_unique_together_periodo_mes_and_more	2024-02-20 17:20:27.648776+00
138	central	0003_mes	2024-02-20 17:52:28.638297+00
139	contratacionTenan	0013_alter_periodo_unique_together_periodo_created_at_and_more	2024-02-20 17:52:28.739469+00
140	contratacionTenan	0013_remove_periodo_periodo_periodo_created_at_and_more	2024-02-20 17:55:05.502964+00
141	contratacionTenan	0014_alter_periodo_mes_alter_periodo_unique_together	2024-02-20 17:59:03.535789+00
142	contratacionTenan	0015_alter_detalleplanilla_unique_together_and_more	2024-02-20 19:24:51.911398+00
143	contratacionTenan	0015_alter_planilla_unique_together	2024-02-20 19:26:23.134022+00
144	contratacion	0003_rename_prestamopersona_ordendescuento	2024-02-21 18:07:14.180068+00
145	contratacionTenan	0016_alter_movaplicaincremento_id_periodo_planificado	2024-02-22 13:21:13.693613+00
146	contratacionTenan	0017_accionpersonal_estado	2024-02-22 16:01:13.98814+00
147	contratacion	0004_planillaestado_planillatipo_and_more	2024-02-26 14:33:53.642156+00
148	contratacionTenan	0018_alter_detalleplanilla_tipo_aportacion_and_more	2024-02-26 14:33:53.861842+00
149	contratacionTenan	0019_alter_planilla_unique_together_and_more	2024-02-26 18:02:52.09507+00
150	contratacionTenan	0020_alter_accionpersonal_id_afectado	2024-02-27 15:17:02.834417+00
151	contratacionTenan	0021_accionpersonal_dir_extra_accionpersonal_edad_max_and_more	2024-02-27 16:38:13.172065+00
152	contratacionTenan	0022_alter_accionpersonal_edad_max_and_more	2024-02-27 16:38:13.256995+00
153	contratacionTenan	0023_accionpersonal_vacante	2024-02-27 17:09:27.525634+00
154	contratacionTenan	0024_remove_recordcrediticio_id_planilla_and_more	2024-02-27 17:44:18.587327+00
155	contratacionTenan	0025_remove_recordcrediticio_id_orden_descuento	2024-02-27 19:27:25.097186+00
156	contratacion	0005_delete_ordendescuento	2024-02-27 19:27:25.106149+00
157	contratacionTenan	0026_ordendescuento_recordcrediticio_id_orden_descuento	2024-02-27 19:41:39.587305+00
158	contratacionTenan	0027_remove_ordendescuento_id_datos_personales_and_more	2024-02-27 20:01:47.193114+00
159	contratacion	0006_tipoincrementoretencion_descripcion	2024-02-27 20:34:58.55878+00
\.


--
-- Data for Name: django_session; Type: TABLE DATA; Schema: public; Owner: postgres
--

COPY public.django_session (session_key, session_data, expire_date) FROM stdin;
jyj5t5ns3it23033lylxo0ktnv5pt9nd	.eJxVjMEOwiAQBf-FsyFQYKEevfcbyLKAVA0kpT0Z_9026UGvb2bem3nc1uK3nhY_R3Zlkl1-t4D0TPUA8YH13ji1ui5z4IfCT9r51GJ63U7376BgL3udQY1KYJYjZBoy6jA4cBGVBXJEY0YKMFijhNUShFHJQIKwq1GjFYZ9vufNN9g:1rVX3q:ScCQKSw3qcZ_EtQkC4NY3WWz_rCHjb2DxLShaQckhyQ	2024-02-15 13:24:58.367513+00
9y1hz4tbn9hhv8kg3ue7a811a4l8uavy	.eJxVjMEOwiAQBf-FsyFQYKEevfcbyLKAVA0kpT0Z_9026UGvb2bem3nc1uK3nhY_R3Zlkl1-t4D0TPUA8YH13ji1ui5z4IfCT9r51GJ63U7376BgL3udQY1KYJYjZBoy6jA4cBGVBXJEY0YKMFijhNUShFHJQIKwq1GjFYZ9vufNN9g:1rYYkN:J1Dw3VLbdprm34IiWoTvIWY8-xwhBAK0GV6H6GuP2aI	2024-02-23 21:49:23.506096+00
b852b0wmpozz0sx660mjalh0a6okef11	.eJxVjMEOwiAQBf-FsyFQYKEevfcbyLKAVA0kpT0Z_9026UGvb2bem3nc1uK3nhY_R3Zlkl1-t4D0TPUA8YH13ji1ui5z4IfCT9r51GJ63U7376BgL3udQY1KYJYjZBoy6jA4cBGVBXJEY0YKMFijhNUShFHJQIKwq1GjFYZ9vufNN9g:1rb0V0:UDLRT0sBPjGtykiTE5pPttiSxPnNTJSDLF05I-V0PtQ	2024-03-01 15:51:38.444991+00
0ah3yvdl8tz0ujn8nyiw8jp5whudxnrg	.eJxVjMEOwiAQBf-FsyFQYKEevfcbyLKAVA0kpT0Z_9026UGvb2bem3nc1uK3nhY_R3Zlkl1-t4D0TPUA8YH13ji1ui5z4IfCT9r51GJ63U7376BgL3udQY1KYJYjZBoy6jA4cBGVBXJEY0YKMFijhNUShFHJQIKwq1GjFYZ9vufNN9g:1rd9Sc:-uCATOLk4ITSGImgCbj3-iBFGGoGAMJBrgLgocItzsE	2024-03-07 13:50:02.705315+00
d5zge84hodmobvvo857jlo43py13uwfk	.eJxVjMEOwiAQBf-FsyFQYKEevfcbyLKAVA0kpT0Z_9026UGvb2bem3nc1uK3nhY_R3Zlkl1-t4D0TPUA8YH13ji1ui5z4IfCT9r51GJ63U7376BgL3udQY1KYJYjZBoy6jA4cBGVBXJEY0YKMFijhNUShFHJQIKwq1GjFYZ9vufNN9g:1rd9fW:vyE9BBqaIWeh2ZXj1YqcS-zoIltWKKeyjwZfIIdoPcY	2024-03-07 14:03:22.086417+00
\.


--
-- Data for Name: token_blacklist_blacklistedtoken; Type: TABLE DATA; Schema: public; Owner: postgres
--

COPY public.token_blacklist_blacklistedtoken (id, blacklisted_at, token_id) FROM stdin;
\.


--
-- Data for Name: token_blacklist_outstandingtoken; Type: TABLE DATA; Schema: public; Owner: postgres
--

COPY public.token_blacklist_outstandingtoken (id, token, created_at, expires_at, user_id, jti) FROM stdin;
1	eyJhbGciOiJIUzI1NiIsInR5cCI6IkpXVCJ9.eyJ0b2tlbl90eXBlIjoicmVmcmVzaCIsImV4cCI6MTcwNjgxNDA1NywiaWF0IjoxNzA2NzI3NjU3LCJqdGkiOiI5MjIwN2QzNDQ0MzE0MzE4YjJiZjU0MDc2MGUxOGRhNyIsInVzZXJfaWQiOjF9.zl8S0Q4hjiGDAJnQ6i6kOKVJ2tzVgP_FM2LNnisDmk4	2024-01-31 19:00:57.630101+00	2024-02-01 19:00:57+00	1	92207d3444314318b2bf540760e18da7
2	eyJhbGciOiJIUzI1NiIsInR5cCI6IkpXVCJ9.eyJ0b2tlbl90eXBlIjoicmVmcmVzaCIsImV4cCI6MTcwNjgxNDUzOSwiaWF0IjoxNzA2NzI4MTM5LCJqdGkiOiI2YTQyMWNlNzIwOTc0NTMxYTUzOTZjYWM1NmI5NzUzOCIsInVzZXJfaWQiOjF9.sjwRNgAiJV7LPvW6jbYqBJledQbsO3it5QHCwqiDGqQ	2024-01-31 19:08:59.556474+00	2024-02-01 19:08:59+00	1	6a421ce720974531a5396cac56b97538
3	eyJhbGciOiJIUzI1NiIsInR5cCI6IkpXVCJ9.eyJ0b2tlbl90eXBlIjoicmVmcmVzaCIsImV4cCI6MTcwNjgxNTA1NCwiaWF0IjoxNzA2NzI4NjU0LCJqdGkiOiJlYTZlMTEwYmVlNGY0NjYwODYzNmI1ZDRkNDQ1YzQwOSIsInVzZXJfaWQiOjJ9.39AIAptKLMWLBYJHpf5H0kZ3YiO-0JX6D5pKz-Br90o	2024-01-31 19:17:34.756178+00	2024-02-01 19:17:34+00	2	ea6e110bee4f46608636b5d4d445c409
4	eyJhbGciOiJIUzI1NiIsInR5cCI6IkpXVCJ9.eyJ0b2tlbl90eXBlIjoicmVmcmVzaCIsImV4cCI6MTcwNjgxNTA2MiwiaWF0IjoxNzA2NzI4NjYyLCJqdGkiOiJlYmE4ZjE2Y2JlYjU0MTM3ODczMmYwNGUwZGQ3YzNiMCIsInVzZXJfaWQiOjJ9.sHvyGMUUwz0K3MeCLoWn9JnMujUQ1Q0ac_pFV3UWzRs	2024-01-31 19:17:42.539819+00	2024-02-01 19:17:42+00	2	eba8f16cbeb541378732f04e0dd7c3b0
5	eyJhbGciOiJIUzI1NiIsInR5cCI6IkpXVCJ9.eyJ0b2tlbl90eXBlIjoicmVmcmVzaCIsImV4cCI6MTcwNjgxNTY1OSwiaWF0IjoxNzA2NzI5MjU5LCJqdGkiOiIxZWQyMjQxYjRlMDM0YWRhYTlhNzk1ZjQ5MWQwODUzZSIsInVzZXJfaWQiOjF9.QVRXsASd_QJTMYnjwtSSFh6Td_gANVi46WDEwtD4ZgE	2024-01-31 19:27:39.804443+00	2024-02-01 19:27:39+00	1	1ed2241b4e034adaa9a795f491d0853e
6	eyJhbGciOiJIUzI1NiIsInR5cCI6IkpXVCJ9.eyJ0b2tlbl90eXBlIjoicmVmcmVzaCIsImV4cCI6MTcwNjgyNDE0OCwiaWF0IjoxNzA2NzM3NzQ4LCJqdGkiOiI0MWUzN2FmMWY5ZDU0NmYzOGMyNmNiNmU1NDczYWNhMyIsInVzZXJfaWQiOjF9.Hmy73jILiHINfrcywnYigW8kGoJMM_ONGR8m3zWeavE	2024-01-31 21:49:08.659074+00	2024-02-01 21:49:08+00	1	41e37af1f9d546f38c26cb6e5473aca3
7	eyJhbGciOiJIUzI1NiIsInR5cCI6IkpXVCJ9.eyJ0b2tlbl90eXBlIjoicmVmcmVzaCIsImV4cCI6MTcwNjg4MDMxNSwiaWF0IjoxNzA2NzkzOTE1LCJqdGkiOiJkNThlOWQwMjQ0YmM0NDg3YTRmMWE0ODZiZDhhYjBiYyIsInVzZXJfaWQiOjF9.ozddNlooHOqRCuttjev_jrUTRacIQAqPMm8kr16J1ho	2024-02-01 13:25:15.816286+00	2024-02-02 13:25:15+00	1	d58e9d0244bc4487a4f1a486bd8ab0bc
8	eyJhbGciOiJIUzI1NiIsInR5cCI6IkpXVCJ9.eyJ0b2tlbl90eXBlIjoicmVmcmVzaCIsImV4cCI6MTcwNjg5Mzg1NywiaWF0IjoxNzA2ODA3NDU3LCJqdGkiOiJmZTNmM2I4NTc2YjE0OGIwOGZkM2YwNWI0ODNmMjcwZSIsInVzZXJfaWQiOjF9.mPAVDHrCBHcihannQZW-ZGEFjMTuVGWeQgmzhyl_B5Q	2024-02-01 17:10:57.797692+00	2024-02-02 17:10:57+00	1	fe3f3b8576b148b08fd3f05b483f270e
9	eyJhbGciOiJIUzI1NiIsInR5cCI6IkpXVCJ9.eyJ0b2tlbl90eXBlIjoicmVmcmVzaCIsImV4cCI6MTcwNjg5NTI4MSwiaWF0IjoxNzA2ODA4ODgxLCJqdGkiOiI0ZmM3MjEwODRkMWE0ZDEzYWJlYjVjZjI2OTFlNjFmYiIsInVzZXJfaWQiOjJ9.NQuFSbR4kZCMa3OJC8aGzYE1XCv57Md4I7jqPLl88TM	2024-02-01 17:34:41.284301+00	2024-02-02 17:34:41+00	2	4fc721084d1a4d13abeb5cf2691e61fb
10	eyJhbGciOiJIUzI1NiIsInR5cCI6IkpXVCJ9.eyJ0b2tlbl90eXBlIjoicmVmcmVzaCIsImV4cCI6MTcwNjg5NjA4NiwiaWF0IjoxNzA2ODA5Njg2LCJqdGkiOiJiODNlNTFiMjgzYzA0OWFlOTgxN2IxZTk4M2Y2Njg4YiIsInVzZXJfaWQiOjJ9.zDEAOha3818GDzDzw7fr2ms_HP5jEeI-L-el4BYBvBI	2024-02-01 17:48:06.335635+00	2024-02-02 17:48:06+00	2	b83e51b283c049ae9817b1e983f6688b
11	eyJhbGciOiJIUzI1NiIsInR5cCI6IkpXVCJ9.eyJ0b2tlbl90eXBlIjoicmVmcmVzaCIsImV4cCI6MTcwNjkwMTcxNiwiaWF0IjoxNzA2ODE1MzE2LCJqdGkiOiI2MDZkODUxYjhiMjE0ZWEwYjlmZTEwYWIxMWFmNWM2MiIsInVzZXJfaWQiOjJ9._kLKaBbsCxKHJJiGmHL8QnWwjb-8n1KVaXMgM-CzLWk	2024-02-01 19:21:56.339941+00	2024-02-02 19:21:56+00	2	606d851b8b214ea0b9fe10ab11af5c62
12	eyJhbGciOiJIUzI1NiIsInR5cCI6IkpXVCJ9.eyJ0b2tlbl90eXBlIjoicmVmcmVzaCIsImV4cCI6MTcwNjkwMTkxOCwiaWF0IjoxNzA2ODE1NTE4LCJqdGkiOiI1NTI1OWYwYmE3MTU0MzMxOGZmYjM4NWRmMGE5YjQ3MCIsInVzZXJfaWQiOjF9.wu-yf71vN_2yI6O8JpGFGMQB3jaMmJhY9MZPTO0__y8	2024-02-01 19:25:18.025833+00	2024-02-02 19:25:18+00	1	55259f0ba71543318ffb385df0a9b470
13	eyJhbGciOiJIUzI1NiIsInR5cCI6IkpXVCJ9.eyJ0b2tlbl90eXBlIjoicmVmcmVzaCIsImV4cCI6MTcwNjkwMjA2OSwiaWF0IjoxNzA2ODE1NjY5LCJqdGkiOiI3M2E1ODAzODFjNWY0MjRjODUxMTVjZGQxYTNiZWY3NiIsInVzZXJfaWQiOjF9.HN6n4Jcq2EZNIYv8spefrnfpyXDsrlU7NouqhQSHXIM	2024-02-01 19:27:49.648685+00	2024-02-02 19:27:49+00	1	73a580381c5f424c85115cdd1a3bef76
14	eyJhbGciOiJIUzI1NiIsInR5cCI6IkpXVCJ9.eyJ0b2tlbl90eXBlIjoicmVmcmVzaCIsImV4cCI6MTcwNjkwNjc5NSwiaWF0IjoxNzA2ODIwMzk1LCJqdGkiOiJiZDMxZTI4YzhmMDM0N2E2YTY2NDI4MGVkODljZjZhOCIsInVzZXJfaWQiOjF9.9ER76ihlCnPZGUUJDLnWfGtY55PaBb-NMnVY7auVTlQ	2024-02-01 20:46:35.198055+00	2024-02-02 20:46:35+00	1	bd31e28c8f0347a6a664280ed89cf6a8
15	eyJhbGciOiJIUzI1NiIsInR5cCI6IkpXVCJ9.eyJ0b2tlbl90eXBlIjoicmVmcmVzaCIsImV4cCI6MTcwNjk2OTc2MCwiaWF0IjoxNzA2ODgzMzYwLCJqdGkiOiJjZjc0MGE5OTk0Njg0MTQ3ODY1MjU2NzY5YTk0ODMyYSIsInVzZXJfaWQiOjF9.SkuLciYJuqI_U208UhwiCOxlHZlB8twia4VVDURZUa4	2024-02-02 14:16:00.854007+00	2024-02-03 14:16:00+00	1	cf740a9994684147865256769a94832a
16	eyJhbGciOiJIUzI1NiIsInR5cCI6IkpXVCJ9.eyJ0b2tlbl90eXBlIjoicmVmcmVzaCIsImV4cCI6MTcwNjk3MDUwMywiaWF0IjoxNzA2ODg0MTAzLCJqdGkiOiI4ZDgwZDQxNTFhYTE0MTQxOWYxMWNkYjYwOTQ4Mjg4YyIsInVzZXJfaWQiOjJ9.vl0T5yKlrFQaVS4WxWpmSjNItLZAcJ-Wad_VLfAEW8w	2024-02-02 14:28:23.788044+00	2024-02-03 14:28:23+00	2	8d80d4151aa141419f11cdb60948288c
17	eyJhbGciOiJIUzI1NiIsInR5cCI6IkpXVCJ9.eyJ0b2tlbl90eXBlIjoicmVmcmVzaCIsImV4cCI6MTcwNjk4ODk5MCwiaWF0IjoxNzA2OTAyNTkwLCJqdGkiOiJjNTkyNjJhMDIwYzM0MDdjYWU1OTk0MmRlMDA1YTZiZCIsInVzZXJfaWQiOjJ9.Qrnr64WNlhMY1lp5J1URmzF1K-pw2qmetk1-kzlBkeI	2024-02-02 19:36:30.871793+00	2024-02-03 19:36:30+00	2	c59262a020c3407cae59942de005a6bd
18	eyJhbGciOiJIUzI1NiIsInR5cCI6IkpXVCJ9.eyJ0b2tlbl90eXBlIjoicmVmcmVzaCIsImV4cCI6MTcwNjk5NTcxNCwiaWF0IjoxNzA2OTA5MzE0LCJqdGkiOiIyM2I3YTJhMTM5MTU0MDVlODc5OGI4ZTMzODA1NjcyNCIsInVzZXJfaWQiOjJ9.GBRaRA2RKce7LYcxcp8vJLwXhbA9JiM0kstvdyPuy-M	2024-02-02 21:28:34.919465+00	2024-02-03 21:28:34+00	2	23b7a2a13915405e8798b8e338056724
19	eyJhbGciOiJIUzI1NiIsInR5cCI6IkpXVCJ9.eyJ0b2tlbl90eXBlIjoicmVmcmVzaCIsImV4cCI6MTcwNjk5NzYyNywiaWF0IjoxNzA2OTExMjI3LCJqdGkiOiIwZjYwZWI2YzA1Nzk0ZDhjODVjNmZhZDQ4YjdiNzg3OSIsInVzZXJfaWQiOjF9.p4Pf_xWLG7GC4WdpFvgEiqVtj6zKUFq6MdFJxi36Jmw	2024-02-02 22:00:27.794746+00	2024-02-03 22:00:27+00	1	0f60eb6c05794d8c85c6fad48b7b7879
20	eyJhbGciOiJIUzI1NiIsInR5cCI6IkpXVCJ9.eyJ0b2tlbl90eXBlIjoicmVmcmVzaCIsImV4cCI6MTcwNzA1NzQyMywiaWF0IjoxNzA2OTcxMDIzLCJqdGkiOiIxMDBhNTAwMTM5MGE0ODZiODViMDFiZGM0NjdmN2I4NyIsInVzZXJfaWQiOjF9.ay4dyjAgV-q_xF-4bxeGtsSkHt6iK04dLZ5EPBMt5nU	2024-02-03 14:37:03.154919+00	2024-02-04 14:37:03+00	1	100a5001390a486b85b01bdc467f7b87
21	eyJhbGciOiJIUzI1NiIsInR5cCI6IkpXVCJ9.eyJ0b2tlbl90eXBlIjoicmVmcmVzaCIsImV4cCI6MTcwNzIyNDQ2OSwiaWF0IjoxNzA3MTM4MDY5LCJqdGkiOiJkNGYwZDg4ZjhjZGE0OGUyOWFhM2EyM2VhOGY0MGIwNiIsInVzZXJfaWQiOjJ9.J0itsBeY5gQFk3-y8syX7k4sO0ZkubpYyp_ETEyi8Gc	2024-02-05 13:01:09.226669+00	2024-02-06 13:01:09+00	2	d4f0d88f8cda48e29aa3a23ea8f40b06
22	eyJhbGciOiJIUzI1NiIsInR5cCI6IkpXVCJ9.eyJ0b2tlbl90eXBlIjoicmVmcmVzaCIsImV4cCI6MTcwNzIyNTU5OSwiaWF0IjoxNzA3MTM5MTk5LCJqdGkiOiI3YTM0NTAxZTE1YmE0YWQyYTc1YWU4OGFkNzVkZDMyYSIsInVzZXJfaWQiOjF9.5S91XPsUtSv4c_ME2sNZB3v5pYLYbC1xJ6O7aU6hlzE	2024-02-05 13:19:59.380839+00	2024-02-06 13:19:59+00	1	7a34501e15ba4ad2a75ae88ad75dd32a
23	eyJhbGciOiJIUzI1NiIsInR5cCI6IkpXVCJ9.eyJ0b2tlbl90eXBlIjoicmVmcmVzaCIsImV4cCI6MTcwNzI0MDg1MiwiaWF0IjoxNzA3MTU0NDUyLCJqdGkiOiIyYWMyZjJkNDM4ZWY0YTdmYTU5MTIxMzhkNTJjZDMxMiIsInVzZXJfaWQiOjF9.Eq1_sqct9Q29AIvA-cdt-NyWZ47jjwDZqD1zSx1fo8w	2024-02-05 17:34:12.518151+00	2024-02-06 17:34:12+00	1	2ac2f2d438ef4a7fa5912138d52cd312
24	eyJhbGciOiJIUzI1NiIsInR5cCI6IkpXVCJ9.eyJ0b2tlbl90eXBlIjoicmVmcmVzaCIsImV4cCI6MTcwNzI1MTQwNywiaWF0IjoxNzA3MTY1MDA3LCJqdGkiOiIwZjVkNjAyNjVmMTM0NDc3OWI3ZDBlYzM5MmYwNTJhMiIsInVzZXJfaWQiOjF9.c0jIR3wDsa5wXgpw7TY83B-y1oONqe4Z04VXYE9F9gA	2024-02-05 20:30:07.096765+00	2024-02-06 20:30:07+00	1	0f5d60265f1344779b7d0ec392f052a2
25	eyJhbGciOiJIUzI1NiIsInR5cCI6IkpXVCJ9.eyJ0b2tlbl90eXBlIjoicmVmcmVzaCIsImV4cCI6MTcwNzI2MDQyNiwiaWF0IjoxNzA3MTc0MDI2LCJqdGkiOiJkMmM4YjBkYTdkMmU0ZGJjOGE3NTk1MDM3YmQ5MGFmYiIsInVzZXJfaWQiOjJ9.JauwVOYh6HGku2ZZNqC4WZpiEkO0IlapUPvMGXr2uOM	2024-02-05 23:00:26.480149+00	2024-02-06 23:00:26+00	2	d2c8b0da7d2e4dbc8a7595037bd90afb
26	eyJhbGciOiJIUzI1NiIsInR5cCI6IkpXVCJ9.eyJ0b2tlbl90eXBlIjoicmVmcmVzaCIsImV4cCI6MTcwNzMxMDk2MSwiaWF0IjoxNzA3MjI0NTYxLCJqdGkiOiJjZWI3ZDg0YTkxNGY0NTdmYTk1NjZlY2M2MGQ2ZGQ3YSIsInVzZXJfaWQiOjJ9.2fAe9rbMVunOz0zaQZsxf0tcwkmGDAPdPA_UZKDFWl4	2024-02-06 13:02:41.346748+00	2024-02-07 13:02:41+00	2	ceb7d84a914f457fa9566ecc60d6dd7a
27	eyJhbGciOiJIUzI1NiIsInR5cCI6IkpXVCJ9.eyJ0b2tlbl90eXBlIjoicmVmcmVzaCIsImV4cCI6MTcwNzMxNTc2MiwiaWF0IjoxNzA3MjI5MzYyLCJqdGkiOiIyZjU0MmUzZmI3MzE0ZGEyODRkMDc1YjY0YjBhYmQ3ZCIsInVzZXJfaWQiOjF9.LLAFk56V1MFFAvxrkfvZBx07cDz3jzwr2bgw5mA8hd4	2024-02-06 14:22:42.286546+00	2024-02-07 14:22:42+00	1	2f542e3fb7314da284d075b64b0abd7d
28	eyJhbGciOiJIUzI1NiIsInR5cCI6IkpXVCJ9.eyJ0b2tlbl90eXBlIjoicmVmcmVzaCIsImV4cCI6MTcwNzMyNTEzMSwiaWF0IjoxNzA3MjM4NzMxLCJqdGkiOiI5OWYyZThlYTUxZjY0MjQxYjhiOTNiMTY1NDVlYzgwZSIsInVzZXJfaWQiOjF9.GvuPk7qUMbuM9iXFIuBrJXGJHjwVYCMR0j1hY4n0LqE	2024-02-06 16:58:51.425028+00	2024-02-07 16:58:51+00	1	99f2e8ea51f64241b8b93b16545ec80e
29	eyJhbGciOiJIUzI1NiIsInR5cCI6IkpXVCJ9.eyJ0b2tlbl90eXBlIjoicmVmcmVzaCIsImV4cCI6MTcwNzU3MDIyNSwiaWF0IjoxNzA3MzExMDI1LCJqdGkiOiIyZjQyYjY1YTdhOTk0ZTkzYTk0NGJjNjYyYzVmZWY0MiIsInVzZXJfaWQiOjJ9.-3yZvRsXXfTi6sh4ATiUWhGb-AeJeXg7cKQbbOKOSRY	2024-02-07 13:03:45.439927+00	2024-02-10 13:03:45+00	2	2f42b65a7a994e93a944bc662c5fef42
30	eyJhbGciOiJIUzI1NiIsInR5cCI6IkpXVCJ9.eyJ0b2tlbl90eXBlIjoicmVmcmVzaCIsImV4cCI6MTcwNzM5NzU1NSwiaWF0IjoxNzA3MzExMTU1LCJqdGkiOiI4YjE3ZTI2NTM1NTM0NzY1OWMzMGVlOWI4NWJhYjFkMSIsInVzZXJfaWQiOjF9.HdBX2SVpeGrk-DDEHJzb8000WiTZ27vYb2w3-zQpo68	2024-02-07 13:05:55.72301+00	2024-02-08 13:05:55+00	1	8b17e265355347659c30ee9b85bab1d1
31	eyJhbGciOiJIUzI1NiIsInR5cCI6IkpXVCJ9.eyJ0b2tlbl90eXBlIjoicmVmcmVzaCIsImV4cCI6MTcwNzM5OTc5OCwiaWF0IjoxNzA3MzEzMzk4LCJqdGkiOiI2ODg5YzJjMjZhNGU0MzkyOGVlMDUwZGZkYmMxMTIxNCIsInVzZXJfaWQiOjF9.9A4ZyrNw_oKVsksBby-YhizWbPoN7iiyeHtp1eBzUj4	2024-02-07 13:43:18.785604+00	2024-02-08 13:43:18+00	1	6889c2c26a4e43928ee050dfdbc11214
32	eyJhbGciOiJIUzI1NiIsInR5cCI6IkpXVCJ9.eyJ0b2tlbl90eXBlIjoicmVmcmVzaCIsImV4cCI6MTcwNzY1NzU5OCwiaWF0IjoxNzA3Mzk4Mzk4LCJqdGkiOiJjMzI1ZWY2MjA0ODI0YzM0OGY1YjIzOTJhNGNiNjI5MSIsInVzZXJfaWQiOjF9.4vMrdOJ_O1jhtEhRBtcODZgZetAnBNbigU58OwqEheg	2024-02-08 13:19:58.137226+00	2024-02-11 13:19:58+00	1	c325ef6204824c348f5b2392a4cb6291
33	eyJhbGciOiJIUzI1NiIsInR5cCI6IkpXVCJ9.eyJ0b2tlbl90eXBlIjoicmVmcmVzaCIsImV4cCI6MTcwNzY2NjM1MSwiaWF0IjoxNzA3NDA3MTUxLCJqdGkiOiJmNzMzZWUxMzYzZGU0MWJhODkwNzNhNjlkZTQ5OWM1ZCIsInVzZXJfaWQiOjJ9.c3W7qfUpJ5bmXNdoaB28G7mj71C4TnLnb9cSgeVVcdk	2024-02-08 15:45:51.28572+00	2024-02-11 15:45:51+00	2	f733ee1363de41ba89073a69de499c5d
34	eyJhbGciOiJIUzI1NiIsInR5cCI6IkpXVCJ9.eyJ0b2tlbl90eXBlIjoicmVmcmVzaCIsImV4cCI6MTcwNzY2ODIwNSwiaWF0IjoxNzA3NDA5MDA1LCJqdGkiOiI0MzhmOGJlMTAzMGI0MjVlOGNlODk4MmQ2MjI5NzRmNSIsInVzZXJfaWQiOjJ9.SNEH5X0tzRslZCIzrTtOM9kebSYArLM6zA-K9xf0h1M	2024-02-08 16:16:45.746484+00	2024-02-11 16:16:45+00	2	438f8be1030b425e8ce8982d622974f5
35	eyJhbGciOiJIUzI1NiIsInR5cCI6IkpXVCJ9.eyJ0b2tlbl90eXBlIjoicmVmcmVzaCIsImV4cCI6MTcwNzY2ODM1NSwiaWF0IjoxNzA3NDA5MTU1LCJqdGkiOiI3ZmQ2ZDljYTk1MGI0OWFmODE1MDRhYmNiNmY3ZTkxOCIsInVzZXJfaWQiOjF9.GoRskJ6wblN09Ij4QU67kwNEZzcH8XjnbY9oaSTecWE	2024-02-08 16:19:15.969307+00	2024-02-11 16:19:15+00	1	7fd6d9ca950b49af81504abcb6f7e918
36	eyJhbGciOiJIUzI1NiIsInR5cCI6IkpXVCJ9.eyJ0b2tlbl90eXBlIjoicmVmcmVzaCIsImV4cCI6MTcwNzc0Mjc5NCwiaWF0IjoxNzA3NDgzNTk0LCJqdGkiOiJlYTBjMjA1ZWE0ODU0NTllOWJiZDBjM2QwNDdjNTc3MyIsInVzZXJfaWQiOjJ9.QlOwF7H3qTaugJFP74qcE-bbg31fNl59WHdgDPrupYY	2024-02-09 12:59:54.641343+00	2024-02-12 12:59:54+00	2	ea0c205ea485459e9bbd0c3d047c5773
37	eyJhbGciOiJIUzI1NiIsInR5cCI6IkpXVCJ9.eyJ0b2tlbl90eXBlIjoicmVmcmVzaCIsImV4cCI6MTcwNzc3Mjc1MSwiaWF0IjoxNzA3NTEzNTUxLCJqdGkiOiIwY2ExYzEzMjAzNTc0NTdlOWM3MjVmMWU2OWIwMTlmOSIsInVzZXJfaWQiOjF9.C08VwI0zUqrF0Esw8eas-iV5NdiiJyPf-VobU9aIaG0	2024-02-09 21:19:11.890831+00	2024-02-12 21:19:11+00	1	0ca1c1320357457e9c725f1e69b019f9
38	eyJhbGciOiJIUzI1NiIsInR5cCI6IkpXVCJ9.eyJ0b2tlbl90eXBlIjoicmVmcmVzaCIsImV4cCI6MTcwNzc3NDQ2NywiaWF0IjoxNzA3NTE1MjY3LCJqdGkiOiI2NThhMmNjYmZiZGE0MTUzOWQ0ODg2NjE5YTM3M2RiMSIsInVzZXJfaWQiOjF9.jbhzlX2miF0O8Wp2G-D3Kf9xvsdpnFxdTlPHi3ZqoUY	2024-02-09 21:47:47.030774+00	2024-02-12 21:47:47+00	1	658a2ccbfbda41539d4886619a373db1
39	eyJhbGciOiJIUzI1NiIsInR5cCI6IkpXVCJ9.eyJ0b2tlbl90eXBlIjoicmVmcmVzaCIsImV4cCI6MTcwODAwMjYwMCwiaWF0IjoxNzA3NzQzNDAwLCJqdGkiOiI1ZmNhZDI0MDY2NWU0Mjg4OWI2OWNmY2Y3MmI5MGZjYiIsInVzZXJfaWQiOjJ9.aKCjQ32uTwWatxEq2v8UvABKkOKNa_8TK61lR4LdpWI	2024-02-12 13:10:00.592712+00	2024-02-15 13:10:00+00	2	5fcad240665e42889b69cfcf72b90fcb
40	eyJhbGciOiJIUzI1NiIsInR5cCI6IkpXVCJ9.eyJ0b2tlbl90eXBlIjoicmVmcmVzaCIsImV4cCI6MTcwODAwNDExMSwiaWF0IjoxNzA3NzQ0OTExLCJqdGkiOiJiMjgxOWIzMjUyNGY0NDE5OGU5OGNjM2U1Njg4YWRkNCIsInVzZXJfaWQiOjF9.oHzdhJXZE0yfj_CEIguxKft4yGcT5c1Y7FFHZuSsPOc	2024-02-12 13:35:11.415237+00	2024-02-15 13:35:11+00	1	b2819b32524f44198e98cc3e5688add4
41	eyJhbGciOiJIUzI1NiIsInR5cCI6IkpXVCJ9.eyJ0b2tlbl90eXBlIjoicmVmcmVzaCIsImV4cCI6MTcwODE3OTA0OSwiaWF0IjoxNzA3OTE5ODQ5LCJqdGkiOiIwYzQ1MjI3MWJkNzI0ZmYxODdlNDIxNjk4YmJiMThiNyIsInVzZXJfaWQiOjJ9.X9jWm2OcFBnoNhiZTYR0IacKQ1a9sQ4kD4fbQsQAUf4	2024-02-14 14:10:49.52137+00	2024-02-17 14:10:49+00	2	0c452271bd724ff187e421698bbb18b7
42	eyJhbGciOiJIUzI1NiIsInR5cCI6IkpXVCJ9.eyJ0b2tlbl90eXBlIjoicmVmcmVzaCIsImV4cCI6MTcwODE3OTI4NCwiaWF0IjoxNzA3OTIwMDg0LCJqdGkiOiI5NzEzYjVjNGE5MGY0OTgyYTI3NzUwMTc1OGU4ZDEwMSIsInVzZXJfaWQiOjF9.0UI0VQYmFlpMuKLYiCLDqNOm5Ps_ZGUj_9FhLPhLK8k	2024-02-14 14:14:44.21178+00	2024-02-17 14:14:44+00	1	9713b5c4a90f4982a277501758e8d101
43	eyJhbGciOiJIUzI1NiIsInR5cCI6IkpXVCJ9.eyJ0b2tlbl90eXBlIjoicmVmcmVzaCIsImV4cCI6MTcwODE4MTEzOSwiaWF0IjoxNzA3OTIxOTM5LCJqdGkiOiIwOTU0MTk4ZjIwMzg0Nzc1OTgwYjA2YmY0MGE0Mjg0MCIsInVzZXJfaWQiOjJ9.25gPCalAhzZyGYjna03aTNwJgZTVBtb7yOoU0cakdBs	2024-02-14 14:45:39.30872+00	2024-02-17 14:45:39+00	2	0954198f20384775980b06bf40a42840
44	eyJhbGciOiJIUzI1NiIsInR5cCI6IkpXVCJ9.eyJ0b2tlbl90eXBlIjoicmVmcmVzaCIsImV4cCI6MTcwODE5MjkxNCwiaWF0IjoxNzA3OTMzNzE0LCJqdGkiOiJjNDYxM2JjNDU1YmE0MDg3YTg1MWE0ZjA2NzcyZjc1OSIsInVzZXJfaWQiOjJ9.lEHG1os4bKiy-P054N8BYzMP2XPP-M7iNzNXMasVjyk	2024-02-14 18:01:54.370494+00	2024-02-17 18:01:54+00	2	c4613bc455ba4087a851a4f06772f759
45	eyJhbGciOiJIUzI1NiIsInR5cCI6IkpXVCJ9.eyJ0b2tlbl90eXBlIjoicmVmcmVzaCIsImV4cCI6MTcwODE5Nzk4NSwiaWF0IjoxNzA3OTM4Nzg1LCJqdGkiOiI2YjAyMGI0YWMyNjM0ZDRmYWQ0ZDkxYjE0ODI2ZGM3ZCIsInVzZXJfaWQiOjJ9.o21gSgGmBvOJAuSWvOaF033xEsRj2zFBQXetvHLRq14	2024-02-14 19:26:25.469914+00	2024-02-17 19:26:25+00	2	6b020b4ac2634d4fad4d91b14826dc7d
46	eyJhbGciOiJIUzI1NiIsInR5cCI6IkpXVCJ9.eyJ0b2tlbl90eXBlIjoicmVmcmVzaCIsImV4cCI6MTcwODE5ODA0MSwiaWF0IjoxNzA3OTM4ODQxLCJqdGkiOiJjMTcyMTc5Yjc2YjE0NWZiODBmM2ZhNzgyNmRmZWEzYyIsInVzZXJfaWQiOjJ9._d2bq_fiW6dkUUieQwaIMGTfm4EWOfdsZ2JHEzsIfuc	2024-02-14 19:27:21.279968+00	2024-02-17 19:27:21+00	2	c172179b76b145fb80f3fa7826dfea3c
47	eyJhbGciOiJIUzI1NiIsInR5cCI6IkpXVCJ9.eyJ0b2tlbl90eXBlIjoicmVmcmVzaCIsImV4cCI6MTcwODE5OTAyNSwiaWF0IjoxNzA3OTM5ODI1LCJqdGkiOiI0NGJlYzZiZTJjMTU0OWNkOTI5OWFmYTAwN2QzYzU2ZCIsInVzZXJfaWQiOjJ9.Ym0Z186Mlh6c1ioTpKWnf5W-Giyb6xJJ-VuxrX67z58	2024-02-14 19:43:45.345118+00	2024-02-17 19:43:45+00	2	44bec6be2c1549cd9299afa007d3c56d
48	eyJhbGciOiJIUzI1NiIsInR5cCI6IkpXVCJ9.eyJ0b2tlbl90eXBlIjoicmVmcmVzaCIsImV4cCI6MTcwODIwMDgwNSwiaWF0IjoxNzA3OTQxNjA1LCJqdGkiOiI1NTI4MzRiOTc0NjM0NzhjYjFlNzcyY2M5YjFiYzk5YSIsInVzZXJfaWQiOjJ9.Gdg-_ejj7dajPhcDkcgGTZAkcWHP8DXV57g9XD3Hr_M	2024-02-14 20:13:25.464468+00	2024-02-17 20:13:25+00	2	552834b97463478cb1e772cc9b1bc99a
49	eyJhbGciOiJIUzI1NiIsInR5cCI6IkpXVCJ9.eyJ0b2tlbl90eXBlIjoicmVmcmVzaCIsImV4cCI6MTcwODIwMDg3OSwiaWF0IjoxNzA3OTQxNjc5LCJqdGkiOiJlNjg3NDQ0YTk1NjM0ODk3OGM4NDBhNDUzNDdmOTZkYSIsInVzZXJfaWQiOjJ9.M4v00-lEAVYf2voPFBywdQS-oOtPegGC5v-3D-F3ubA	2024-02-14 20:14:39.457222+00	2024-02-17 20:14:39+00	2	e687444a956348978c840a45347f96da
50	eyJhbGciOiJIUzI1NiIsInR5cCI6IkpXVCJ9.eyJ0b2tlbl90eXBlIjoicmVmcmVzaCIsImV4cCI6MTcwODIwMDk2MywiaWF0IjoxNzA3OTQxNzYzLCJqdGkiOiI2MTc1YmYzNTMxMjY0MTgxYThkZjk5MDJmMzgyODQwZCIsInVzZXJfaWQiOjJ9.x4nPyOlFwSKyWAeskvWbjt04zFaytj34QgHX4XkCD8w	2024-02-14 20:16:03.761769+00	2024-02-17 20:16:03+00	2	6175bf3531264181a8df9902f382840d
51	eyJhbGciOiJIUzI1NiIsInR5cCI6IkpXVCJ9.eyJ0b2tlbl90eXBlIjoicmVmcmVzaCIsImV4cCI6MTcwODI2MzM4MSwiaWF0IjoxNzA4MDA0MTgxLCJqdGkiOiJiMWU3YmZhYWRhNTc0ZjExYmIzMzU0MDYxNDljYmQ4MSIsInVzZXJfaWQiOjJ9.q7NAc5pEpJ5yrNmO5hFg2rpFccJulNVkigj_lZMokts	2024-02-15 13:36:21.767759+00	2024-02-18 13:36:21+00	2	b1e7bfaada574f11bb335406149cbd81
52	eyJhbGciOiJIUzI1NiIsInR5cCI6IkpXVCJ9.eyJ0b2tlbl90eXBlIjoicmVmcmVzaCIsImV4cCI6MTcwODI2MzM5MywiaWF0IjoxNzA4MDA0MTkzLCJqdGkiOiJlMjNiZWJiNGVhZWU0ZDYzYmVjYWNiYTQxYzUzMWQ5OSIsInVzZXJfaWQiOjJ9.fmY7xYfGgbTxSm8ppMGXU6DB07OuQAikcy9MnMQ21Zc	2024-02-15 13:36:33.159521+00	2024-02-18 13:36:33+00	2	e23bebb4eaee4d63becacba41c531d99
53	eyJhbGciOiJIUzI1NiIsInR5cCI6IkpXVCJ9.eyJ0b2tlbl90eXBlIjoicmVmcmVzaCIsImV4cCI6MTcwODM1NTQxNywiaWF0IjoxNzA4MDk2MjE3LCJqdGkiOiI0N2I2Y2ViN2NlYjk0ZmQ5OGNkYTk2ZGIyNjVmZWNmMSIsInVzZXJfaWQiOjF9.edhVVTGqwMX0kUD48oaQQHctwVfyd5vzOzRt_xTCdHk	2024-02-16 15:10:17.352199+00	2024-02-19 15:10:17+00	1	47b6ceb7ceb94fd98cda96db265fecf1
54	eyJhbGciOiJIUzI1NiIsInR5cCI6IkpXVCJ9.eyJ0b2tlbl90eXBlIjoicmVmcmVzaCIsImV4cCI6MTcwODM1NTYzNiwiaWF0IjoxNzA4MDk2NDM2LCJqdGkiOiJjNTAyOGE3NjYwMWM0ZDZlYjc5MmM1YWJiZWM3ZmVkZSIsInVzZXJfaWQiOjF9.kTX3iEvkwUb-mYruG5ki26zaZNh2HQKzk52QC9gGfTo	2024-02-16 15:13:56.219428+00	2024-02-19 15:13:56+00	1	c5028a76601c4d6eb792c5abbec7fede
55	eyJhbGciOiJIUzI1NiIsInR5cCI6IkpXVCJ9.eyJ0b2tlbl90eXBlIjoicmVmcmVzaCIsImV4cCI6MTcwODM1NjY4NSwiaWF0IjoxNzA4MDk3NDg1LCJqdGkiOiIyYzZkZTMwMDU2ZDg0NjBiYjQ5OWJlNmJjMDY0YWIzNSIsInVzZXJfaWQiOjJ9.wwroL0zuEbp9GgjJKVBjeAuCZKHpOP7jKM0muEbLEnU	2024-02-16 15:31:25.0003+00	2024-02-19 15:31:25+00	2	2c6de30056d8460bb499be6bc064ab35
56	eyJhbGciOiJIUzI1NiIsInR5cCI6IkpXVCJ9.eyJ0b2tlbl90eXBlIjoicmVmcmVzaCIsImV4cCI6MTcwODM1NjcwNiwiaWF0IjoxNzA4MDk3NTA2LCJqdGkiOiJhMzcyYTBiM2RmMzA0ODU3YWFmODQ3N2VkNmRjYmYyYSIsInVzZXJfaWQiOjJ9.SurQvWyNJvGEDWNveXaFBmOA-6eaiWCFh3JCW4MWY5c	2024-02-16 15:31:46.675913+00	2024-02-19 15:31:46+00	2	a372a0b3df304857aaf8477ed6dcbf2a
57	eyJhbGciOiJIUzI1NiIsInR5cCI6IkpXVCJ9.eyJ0b2tlbl90eXBlIjoicmVmcmVzaCIsImV4cCI6MTcwODYzNTgyNCwiaWF0IjoxNzA4Mzc2NjI0LCJqdGkiOiJmNjIyNGJlYzEwMDU0NDdmODZkMmIzMTY1YzkyMTZmOCIsInVzZXJfaWQiOjJ9.1UjO59mTI3bkLS8hBx7I3ki5VLBuS1HWUuFf0rSmB44	2024-02-19 21:03:44.47582+00	2024-02-22 21:03:44+00	2	f6224bec1005447f86d2b3165c9216f8
58	eyJhbGciOiJIUzI1NiIsInR5cCI6IkpXVCJ9.eyJ0b2tlbl90eXBlIjoicmVmcmVzaCIsImV4cCI6MTcwODY5MjQ0NiwiaWF0IjoxNzA4NDMzMjQ2LCJqdGkiOiJhYjY0ZGMzZGQzMTQ0ZTMxYmExZDliNGZhMjg0OWU4NiIsInVzZXJfaWQiOjJ9.0JE7RuQpz3oobgaA4QDkQi9IqF0IPStBsCibBDjJ0xg	2024-02-20 12:47:26.957384+00	2024-02-23 12:47:26+00	2	ab64dc3dd3144e31ba1d9b4fa2849e86
59	eyJhbGciOiJIUzI1NiIsInR5cCI6IkpXVCJ9.eyJ0b2tlbl90eXBlIjoicmVmcmVzaCIsImV4cCI6MTcwODY5NTcwOCwiaWF0IjoxNzA4NDM2NTA4LCJqdGkiOiI2YWQ1OTc0YmI5MDQ0NjE3ODgyYmEzOGRjNWI4NjFiNSIsInVzZXJfaWQiOjJ9.7IbkkVrd61Y8Cy5_rV8jHEvy5E9PSCpreGjzRX1xw4Q	2024-02-20 13:41:48.50629+00	2024-02-23 13:41:48+00	2	6ad5974bb9044617882ba38dc5b861b5
60	eyJhbGciOiJIUzI1NiIsInR5cCI6IkpXVCJ9.eyJ0b2tlbl90eXBlIjoicmVmcmVzaCIsImV4cCI6MTcwODY5NTcwOCwiaWF0IjoxNzA4NDM2NTA4LCJqdGkiOiI0N2FiMzQxNWU4YWE0MTQyODczM2JiMzg5MGQ0ODVhYSIsInVzZXJfaWQiOjJ9.SFNfBaxLJ57uYpjV1LuARx1TQGtoyqiAbNDKn2Wu3lA	2024-02-20 13:41:48.621027+00	2024-02-23 13:41:48+00	2	47ab3415e8aa41428733bb3890d485aa
61	eyJhbGciOiJIUzI1NiIsInR5cCI6IkpXVCJ9.eyJ0b2tlbl90eXBlIjoicmVmcmVzaCIsImV4cCI6MTcwODc3OTc2OSwiaWF0IjoxNzA4NTIwNTY5LCJqdGkiOiJjMTJlNDcwMzUxOTI0ZWMxODE2M2U4YTE2ODdkNjUwNyIsInVzZXJfaWQiOjJ9.p-BEILcwKMqxpeN_pc6NwPxJMvU7zjj7-us9sRG3Bi8	2024-02-21 13:02:49.281513+00	2024-02-24 13:02:49+00	2	c12e470351924ec18163e8a1687d6507
62	eyJhbGciOiJIUzI1NiIsInR5cCI6IkpXVCJ9.eyJ0b2tlbl90eXBlIjoicmVmcmVzaCIsImV4cCI6MTcwODgwNDIyNywiaWF0IjoxNzA4NTQ1MDI3LCJqdGkiOiJhZWNhYmViZTM5YzI0ODVhYTNiNTdjN2Y2MmQ5MmIxMyIsInVzZXJfaWQiOjF9.vCVD4ho5nb96aY0pD65PJeQp5_e12kvDg_lyfVKp9lU	2024-02-21 19:50:27.95363+00	2024-02-24 19:50:27+00	1	aecabebe39c2485aa3b57c7f62d92b13
63	eyJhbGciOiJIUzI1NiIsInR5cCI6IkpXVCJ9.eyJ0b2tlbl90eXBlIjoicmVmcmVzaCIsImV4cCI6MTcwODgxMjA0NSwiaWF0IjoxNzA4NTUyODQ1LCJqdGkiOiJiYjRiNDczNzEwMmY0NmU4OTBlZjMyYzZmZmEwOGQ5NSIsInVzZXJfaWQiOjJ9.eCvXShErFEYoYfDpq6T6DOEh6ApjOJ4-2JdAS0NFTuQ	2024-02-21 22:00:45.432653+00	2024-02-24 22:00:45+00	2	bb4b4737102f46e890ef32c6ffa08d95
64	eyJhbGciOiJIUzI1NiIsInR5cCI6IkpXVCJ9.eyJ0b2tlbl90eXBlIjoicmVmcmVzaCIsImV4cCI6MTcwODg3NjU1NCwiaWF0IjoxNzA4NjE3MzU0LCJqdGkiOiIzMjhlMWFhZmViOTE0ODE5YTBjNTY4ODZkYmM3Yjc4MCIsInVzZXJfaWQiOjJ9.CcBoG6FDZK5onb_5CbNpbZlyLMybgMeOn41D3hswqCU	2024-02-22 15:55:54.481445+00	2024-02-25 15:55:54+00	2	328e1aafeb914819a0c56886dbc7b780
65	eyJhbGciOiJIUzI1NiIsInR5cCI6IkpXVCJ9.eyJ0b2tlbl90eXBlIjoicmVmcmVzaCIsImV4cCI6MTcwODk1MTQyNSwiaWF0IjoxNzA4NjkyMjI1LCJqdGkiOiI4ZjI1NDU2MWQwYzY0MDk4OWI5YzFmMTBhMDcyN2ZkMCIsInVzZXJfaWQiOjJ9.mYjKUv37jJMJo7ziEYp2u7tAvfzHPYzHvrh_UDFgFJQ	2024-02-23 12:43:45.338242+00	2024-02-26 12:43:45+00	2	8f254561d0c640989b9c1f10a0727fd0
66	eyJhbGciOiJIUzI1NiIsInR5cCI6IkpXVCJ9.eyJ0b2tlbl90eXBlIjoicmVmcmVzaCIsImV4cCI6MTcwODk2NzE3MCwiaWF0IjoxNzA4NzA3OTcwLCJqdGkiOiI4Zjk4ZGE3Y2RkYWM0Zjg3OWE3OGRhNWM5OGI4MmM0OCIsInVzZXJfaWQiOjN9.Hc-RYonLzBbhqMpQSK1aouvEy01QQ54ie8wdttPSwrs	2024-02-23 17:06:10.853178+00	2024-02-26 17:06:10+00	3	8f98da7cddac4f879a78da5c98b82c48
67	eyJhbGciOiJIUzI1NiIsInR5cCI6IkpXVCJ9.eyJ0b2tlbl90eXBlIjoicmVmcmVzaCIsImV4cCI6MTcwODk2NzY4MywiaWF0IjoxNzA4NzA4NDgzLCJqdGkiOiI1NjAyMjM2YzcwMzg0NWQxYTU4NDVjZDgzM2YyNmVmOCIsInVzZXJfaWQiOjN9.BwvWMJYtjXsT-Zbe7QOzLPwxf1Hyv9W0XDZyT_RWfes	2024-02-23 17:14:43.631874+00	2024-02-26 17:14:43+00	3	5602236c703845d1a5845cd833f26ef8
68	eyJhbGciOiJIUzI1NiIsInR5cCI6IkpXVCJ9.eyJ0b2tlbl90eXBlIjoicmVmcmVzaCIsImV4cCI6MTcwODk2NzcwOSwiaWF0IjoxNzA4NzA4NTA5LCJqdGkiOiJhOTgzNTllM2M5ODg0MzAzODExMjVmYTllZDc5YTc0NCIsInVzZXJfaWQiOjN9.BivhTOKzMaEOv9caXEjNtYwXY-T30WBYuiIWpcrw5y0	2024-02-23 17:15:09.281875+00	2024-02-26 17:15:09+00	3	a98359e3c988430381125fa9ed79a744
69	eyJhbGciOiJIUzI1NiIsInR5cCI6IkpXVCJ9.eyJ0b2tlbl90eXBlIjoicmVmcmVzaCIsImV4cCI6MTcwODk2NzgxNCwiaWF0IjoxNzA4NzA4NjE0LCJqdGkiOiI0M2E3YjYxMTI1OTE0ZTE2OWVjYTIwOTViNDU4NDAyNiIsInVzZXJfaWQiOjN9.EI7VFHy4BUUCJFEV6WeXO00UW5AoeNE_ehI8NhG9iAo	2024-02-23 17:16:54.997976+00	2024-02-26 17:16:54+00	3	43a7b61125914e169eca2095b4584026
70	eyJhbGciOiJIUzI1NiIsInR5cCI6IkpXVCJ9.eyJ0b2tlbl90eXBlIjoicmVmcmVzaCIsImV4cCI6MTcwODk2ODA4NCwiaWF0IjoxNzA4NzA4ODg0LCJqdGkiOiI5OTZmMzg3OTNlOGE0MTBkYjYxM2E4MjdmM2JjODg4YyIsInVzZXJfaWQiOjN9.uWRcAUECpCN8vWM-smTjqP5uTWYz2g-FEgueV-vNPhc	2024-02-23 17:21:24.941546+00	2024-02-26 17:21:24+00	3	996f38793e8a410db613a827f3bc888c
71	eyJhbGciOiJIUzI1NiIsInR5cCI6IkpXVCJ9.eyJ0b2tlbl90eXBlIjoicmVmcmVzaCIsImV4cCI6MTcwODk2ODE4MywiaWF0IjoxNzA4NzA4OTgzLCJqdGkiOiIwZTZlYzY4YmU4NGQ0Zjg3OGFiNGI0NDdiZTRjNWJiMiIsInVzZXJfaWQiOjN9.KCYy5kLaoGF1Tu9xAAHuu6ih7J-Y9mS2NjeTK329Z8o	2024-02-23 17:23:03.050448+00	2024-02-26 17:23:03+00	3	0e6ec68be84d4f878ab4b447be4c5bb2
72	eyJhbGciOiJIUzI1NiIsInR5cCI6IkpXVCJ9.eyJ0b2tlbl90eXBlIjoicmVmcmVzaCIsImV4cCI6MTcwODk2ODIyNiwiaWF0IjoxNzA4NzA5MDI2LCJqdGkiOiI2OWFhZWZhZDhkZTE0ODg1OGZjZmE3ZjM4ZjZjNWQzOSIsInVzZXJfaWQiOjN9._Ao2OQVX0aLOfYR-CvsONbNIC_rz5eZJtoOZHfWUKtw	2024-02-23 17:23:46.779023+00	2024-02-26 17:23:46+00	3	69aaefad8de148858fcfa7f38f6c5d39
73	eyJhbGciOiJIUzI1NiIsInR5cCI6IkpXVCJ9.eyJ0b2tlbl90eXBlIjoicmVmcmVzaCIsImV4cCI6MTcwODk2ODI0MywiaWF0IjoxNzA4NzA5MDQzLCJqdGkiOiI5MGZhNmU5OTIyMDE0ODQzOGFhNzQ3MGI2NWI2MzI4OSIsInVzZXJfaWQiOjN9.gnjPU8mJgi21iuDJS2NpNnkzSxwRJO2MuPEqq806OvU	2024-02-23 17:24:03.181982+00	2024-02-26 17:24:03+00	3	90fa6e99220148438aa7470b65b63289
74	eyJhbGciOiJIUzI1NiIsInR5cCI6IkpXVCJ9.eyJ0b2tlbl90eXBlIjoicmVmcmVzaCIsImV4cCI6MTcwODk2ODYzNiwiaWF0IjoxNzA4NzA5NDM2LCJqdGkiOiJmNjA3ZjUyNjliM2Q0YjViYjgyZTZjZjk3YTNmMmU3MyIsInVzZXJfaWQiOjN9.DRhGAFHPE4CCGylcoey9sjWruyptvxtmKIyJGAwhNGE	2024-02-23 17:30:36.551005+00	2024-02-26 17:30:36+00	3	f607f5269b3d4b5bb82e6cf97a3f2e73
75	eyJhbGciOiJIUzI1NiIsInR5cCI6IkpXVCJ9.eyJ0b2tlbl90eXBlIjoicmVmcmVzaCIsImV4cCI6MTcwODk3NTg4MywiaWF0IjoxNzA4NzE2NjgzLCJqdGkiOiI2OTg0NTk0YjZhZDY0MGRlOTRlY2QwZmRkNjJkZjU4NCIsInVzZXJfaWQiOjF9.jyO7LumSwFsfGiTZyg9rfEFEk_V6aL9kqYcwB3Onh74	2024-02-23 19:31:23.396672+00	2024-02-26 19:31:23+00	1	6984594b6ad640de94ecd0fdd62df584
76	eyJhbGciOiJIUzI1NiIsInR5cCI6IkpXVCJ9.eyJ0b2tlbl90eXBlIjoicmVmcmVzaCIsImV4cCI6MTcwOTIxMjAyMCwiaWF0IjoxNzA4OTUyODIwLCJqdGkiOiI3MGVjYTBhNGI5MTI0OWNmYjgyMzZiZjE5ODAyZDNmNiIsInVzZXJfaWQiOjJ9.BNBDGjgz5oHxQfhnVZZAZiCw1w7XT9QX1JXwt5cylcw	2024-02-26 13:07:00.129145+00	2024-02-29 13:07:00+00	2	70eca0a4b91249cfb8236bf19802d3f6
77	eyJhbGciOiJIUzI1NiIsInR5cCI6IkpXVCJ9.eyJ0b2tlbl90eXBlIjoicmVmcmVzaCIsImV4cCI6MTcwOTIxMjYwNywiaWF0IjoxNzA4OTUzNDA3LCJqdGkiOiJhZGU3YTY2NzA4N2M0YTMyOTNmZmZkODhjYmE5ZThkNCIsInVzZXJfaWQiOjJ9.2u3DG3w9KkeKbtCiE5EyEEasK0voX83-EivEZtSGmj8	2024-02-26 13:16:47.290599+00	2024-02-29 13:16:47+00	2	ade7a667087c4a3293fffd88cba9e8d4
78	eyJhbGciOiJIUzI1NiIsInR5cCI6IkpXVCJ9.eyJ0b2tlbl90eXBlIjoicmVmcmVzaCIsImV4cCI6MTcwOTIxNzY4MiwiaWF0IjoxNzA4OTU4NDgyLCJqdGkiOiIwOGE3OGFmNWQ5NjY0NzVmOGRmMDBlOTIwOGY0NGNiMCIsInVzZXJfaWQiOjF9.rLtaJUISdiHydJEclHu8UKyLLdORD3VS-Qup-PhRA9A	2024-02-26 14:41:22.328414+00	2024-02-29 14:41:22+00	1	08a78af5d966475f8df00e9208f44cb0
79	eyJhbGciOiJIUzI1NiIsInR5cCI6IkpXVCJ9.eyJ0b2tlbl90eXBlIjoicmVmcmVzaCIsImV4cCI6MTcwOTIxODIzMCwiaWF0IjoxNzA4OTU5MDMwLCJqdGkiOiI0ZjQ4ZmUyNzQyYzE0ZDNiYTA5NjZjYTFhODZlMGQ5YyIsInVzZXJfaWQiOjJ9.jUo4Gm_Ag_djg9nrGyq71Y9hFblNKaSh-BCkrBOl9M4	2024-02-26 14:50:30.42723+00	2024-02-29 14:50:30+00	2	4f48fe2742c14d3ba0966ca1a86e0d9c
80	eyJhbGciOiJIUzI1NiIsInR5cCI6IkpXVCJ9.eyJ0b2tlbl90eXBlIjoicmVmcmVzaCIsImV4cCI6MTcwOTIyMDE2MSwiaWF0IjoxNzA4OTYwOTYxLCJqdGkiOiJhNTE1NmU2NTc2Nzg0NzEyYWMxNmViZTE0MzY4NDcwZiIsInVzZXJfaWQiOjF9.jQ4nUmaoeVfM0x7TbBG5wwNP8Kgx-6PvKgm0ARyK7NE	2024-02-26 15:22:41.551044+00	2024-02-29 15:22:41+00	1	a5156e6576784712ac16ebe14368470f
81	eyJhbGciOiJIUzI1NiIsInR5cCI6IkpXVCJ9.eyJ0b2tlbl90eXBlIjoicmVmcmVzaCIsImV4cCI6MTcwOTIyMzM0NSwiaWF0IjoxNzA4OTY0MTQ1LCJqdGkiOiIxMTA3OTUyMTRmNjA0NDRjODQ5YTU4NmJkM2NhYTdjNCIsInVzZXJfaWQiOjJ9.hLlMIAbccCNyByZKSyY6kte4uS7cKK81x1gfyUy33-g	2024-02-26 16:15:45.617909+00	2024-02-29 16:15:45+00	2	110795214f60444c849a586bd3caa7c4
82	eyJhbGciOiJIUzI1NiIsInR5cCI6IkpXVCJ9.eyJ0b2tlbl90eXBlIjoicmVmcmVzaCIsImV4cCI6MTcwOTIyMzU0NiwiaWF0IjoxNzA4OTY0MzQ2LCJqdGkiOiI2NWYxYWZhZTM4ZWU0MzAyYWJiNjU5Y2M4ODVlNDQ5NCIsInVzZXJfaWQiOjJ9.ACFByJxxC87ev5BkEkceux4U23nj4PgUVuWdKZ9XQi0	2024-02-26 16:19:06.211096+00	2024-02-29 16:19:06+00	2	65f1afae38ee4302abb659cc885e4494
83	eyJhbGciOiJIUzI1NiIsInR5cCI6IkpXVCJ9.eyJ0b2tlbl90eXBlIjoicmVmcmVzaCIsImV4cCI6MTcwOTIyODE2NiwiaWF0IjoxNzA4OTY4OTY2LCJqdGkiOiIxZmQ4OTAyYTRlNWU0MzEyOTFlMWZhNzdmMzE3NGJhYiIsInVzZXJfaWQiOjF9.P6V94ApSdzbqA--_o2LC6T1FAgHcWcEiQ-MwjT1d1oU	2024-02-26 17:36:06.940766+00	2024-02-29 17:36:06+00	1	1fd8902a4e5e431291e1fa77f3174bab
84	eyJhbGciOiJIUzI1NiIsInR5cCI6IkpXVCJ9.eyJ0b2tlbl90eXBlIjoicmVmcmVzaCIsImV4cCI6MTcwOTIzMjMwOSwiaWF0IjoxNzA4OTczMTA5LCJqdGkiOiJiODM0ZTY2NjZkOGY0MjMyYjNjNTRiZTQyNzlkYjVkYiIsInVzZXJfaWQiOjJ9.nZQ_Qkh8CfW3-SwJvNsMop-HferKapwh4ScQv7wn6Es	2024-02-26 18:45:09.427683+00	2024-02-29 18:45:09+00	2	b834e6666d8f4232b3c54be4279db5db
85	eyJhbGciOiJIUzI1NiIsInR5cCI6IkpXVCJ9.eyJ0b2tlbl90eXBlIjoicmVmcmVzaCIsImV4cCI6MTcwOTIzNTIxNCwiaWF0IjoxNzA4OTc2MDE0LCJqdGkiOiJkN2IxZjczOWJkODM0NGEyODMxMzMzYTEzMGY4NThjNSIsInVzZXJfaWQiOjN9.FGxcWFK1uN6mEK3DhaaxMuAR11gyl7TWeWgbSw-z6pY	2024-02-26 19:33:34.038269+00	2024-02-29 19:33:34+00	3	d7b1f739bd8344a2831333a130f858c5
86	eyJhbGciOiJIUzI1NiIsInR5cCI6IkpXVCJ9.eyJ0b2tlbl90eXBlIjoicmVmcmVzaCIsImV4cCI6MTcwOTIzNTM4OSwiaWF0IjoxNzA4OTc2MTg5LCJqdGkiOiJhNjJmZTM2NzkwMWU0NTQ1YTc4MGEwMzIwOWRhNmNhZSIsInVzZXJfaWQiOjN9.5OHmQoN5Zoc413gRZxbazJ4S5GkYXEZuhfLULHXpfH8	2024-02-26 19:36:29.37282+00	2024-02-29 19:36:29+00	3	a62fe367901e4545a780a03209da6cae
87	eyJhbGciOiJIUzI1NiIsInR5cCI6IkpXVCJ9.eyJ0b2tlbl90eXBlIjoicmVmcmVzaCIsImV4cCI6MTcwOTMwMTUyOCwiaWF0IjoxNzA5MDQyMzI4LCJqdGkiOiIwNjAzYzVkMWViMzU0ZjZjYWRhNWM5YWI4Y2E4NTUzYSIsInVzZXJfaWQiOjF9.n0uPrx5odj5eeic5pQB0KsouPlxaOL1jifqLtNEUrZs	2024-02-27 13:58:48.376768+00	2024-03-01 13:58:48+00	1	0603c5d1eb354f6cada5c9ab8ca8553a
88	eyJhbGciOiJIUzI1NiIsInR5cCI6IkpXVCJ9.eyJ0b2tlbl90eXBlIjoicmVmcmVzaCIsImV4cCI6MTcwOTMxMTI4NCwiaWF0IjoxNzA5MDUyMDg0LCJqdGkiOiI0YWNkMzVkMjgyMDA0NTFkYTFhNTcyMWEwZmMzZmJlNiIsInVzZXJfaWQiOjN9.y9CieRgXIc6KpgbpmFLEXgPZnADLOtms80wU20filSU	2024-02-27 16:41:24.802897+00	2024-03-01 16:41:24+00	3	4acd35d28200451da1a5721a0fc3fbe6
89	eyJhbGciOiJIUzI1NiIsInR5cCI6IkpXVCJ9.eyJ0b2tlbl90eXBlIjoicmVmcmVzaCIsImV4cCI6MTcwOTMxMjA2NCwiaWF0IjoxNzA5MDUyODY0LCJqdGkiOiJmYzk0MDM1ZjVlYjI0YzBiYTlhMDkxYmU1OWM5MDI2NCIsInVzZXJfaWQiOjF9.ygp2ua0_zOEd4DGu_bxHEnBjD43D8T2xT5TGaPIvd-8	2024-02-27 16:54:24.761191+00	2024-03-01 16:54:24+00	1	fc94035f5eb24c0ba9a091be59c90264
90	eyJhbGciOiJIUzI1NiIsInR5cCI6IkpXVCJ9.eyJ0b2tlbl90eXBlIjoicmVmcmVzaCIsImV4cCI6MTcwOTMxMjA3NSwiaWF0IjoxNzA5MDUyODc1LCJqdGkiOiI1ODkxNjVkMjAxZWQ0ZWVmOTlhNzhhZTQ3ZDBiYjhiNiIsInVzZXJfaWQiOjF9._QNs5PjQPDbVIkGVoHCuYmcqb_nY3JCZOJw0wm8wKrE	2024-02-27 16:54:35.048314+00	2024-03-01 16:54:35+00	1	589165d201ed4eef99a78ae47d0bb8b6
91	eyJhbGciOiJIUzI1NiIsInR5cCI6IkpXVCJ9.eyJ0b2tlbl90eXBlIjoicmVmcmVzaCIsImV4cCI6MTcwOTMxMjEwMCwiaWF0IjoxNzA5MDUyOTAwLCJqdGkiOiJjMjNlMjJlYmI3YjI0NjQ4OTg3OGRjZGIwYTQ1N2Y0MiIsInVzZXJfaWQiOjF9.hBAKfi5eEdfq1MAJ-CDyeawUVfTxGQQZUkEmqKWHIb8	2024-02-27 16:55:00.03681+00	2024-03-01 16:55:00+00	1	c23e22ebb7b246489878dcdb0a457f42
92	eyJhbGciOiJIUzI1NiIsInR5cCI6IkpXVCJ9.eyJ0b2tlbl90eXBlIjoicmVmcmVzaCIsImV4cCI6MTcwOTMxMjE1MiwiaWF0IjoxNzA5MDUyOTUyLCJqdGkiOiIzYTNmODc5ZTYzNWQ0OTJjODhkNzM2NDJjNjQzMTIzMyIsInVzZXJfaWQiOjF9._WBJSVxHTU3-Xk3XEFXQxyAesyku2H4lVI3Bmy1SD6k	2024-02-27 16:55:52.76678+00	2024-03-01 16:55:52+00	1	3a3f879e635d492c88d73642c6431233
93	eyJhbGciOiJIUzI1NiIsInR5cCI6IkpXVCJ9.eyJ0b2tlbl90eXBlIjoicmVmcmVzaCIsImV4cCI6MTcwOTMyMzAwMywiaWF0IjoxNzA5MDYzODAzLCJqdGkiOiJiMzJjMDM1Mjk4YmI0NTQ0OTE2Y2IzNTg1ODBlMDA5YyIsInVzZXJfaWQiOjF9.n3ygdiMGVUOJpfgDUUKwUZ0UqZO1_hSPSpReDzAAHB0	2024-02-27 19:56:43.130337+00	2024-03-01 19:56:43+00	1	b32c035298bb4544916cb358580e009c
94	eyJhbGciOiJIUzI1NiIsInR5cCI6IkpXVCJ9.eyJ0b2tlbl90eXBlIjoicmVmcmVzaCIsImV4cCI6MTcwOTMyMzA4MCwiaWF0IjoxNzA5MDYzODgwLCJqdGkiOiIyNGY4NDI4ZGRjMWE0YzAwYjFiNzQ5M2ZjZDAzNDZlYSIsInVzZXJfaWQiOjJ9.Rk8KNsJMsA8xFrA1km7blh2SzAP4o7lpUlWmc-QvQUg	2024-02-27 19:58:00.189295+00	2024-03-01 19:58:00+00	2	24f8428ddc1a4c00b1b7493fcd0346ea
95	eyJhbGciOiJIUzI1NiIsInR5cCI6IkpXVCJ9.eyJ0b2tlbl90eXBlIjoicmVmcmVzaCIsImV4cCI6MTcwOTMyMzEwMSwiaWF0IjoxNzA5MDYzOTAxLCJqdGkiOiI4NDg2MTM2OTk1ZmU0MDI0YjhkYmUyNGQ5ZDUyYzYxNSIsInVzZXJfaWQiOjJ9.3IZ3S7cor6Rvwew2UmDd3IlmfIO8ZJV0AaLblRytv-c	2024-02-27 19:58:21.476097+00	2024-03-01 19:58:21+00	2	8486136995fe4024b8dbe24d9d52c615
96	eyJhbGciOiJIUzI1NiIsInR5cCI6IkpXVCJ9.eyJ0b2tlbl90eXBlIjoicmVmcmVzaCIsImV4cCI6MTcwOTMyMzEyOCwiaWF0IjoxNzA5MDYzOTI4LCJqdGkiOiIyNjM4MzQxNjc4ZTQ0NjFkOWFmNDc2ZTJiNGUxMWMyNCIsInVzZXJfaWQiOjJ9.4DkL9sqtPrYOc804k9mkcFscSo85RPrEPf6mirAO4Rc	2024-02-27 19:58:48.242837+00	2024-03-01 19:58:48+00	2	2638341678e4461d9af476e2b4e11c24
97	eyJhbGciOiJIUzI1NiIsInR5cCI6IkpXVCJ9.eyJ0b2tlbl90eXBlIjoicmVmcmVzaCIsImV4cCI6MTcwOTMyNjIyMiwiaWF0IjoxNzA5MDY3MDIyLCJqdGkiOiI4NDJiNjg5M2E1YzA0MDU1OWYyZTA4MjFmZWJlYWQwYyIsInVzZXJfaWQiOjN9.hSzd0z1blFDnRCI1FJ2NqPRCeqQutemZGrESO0fMjGk	2024-02-27 20:50:22.160465+00	2024-03-01 20:50:22+00	3	842b6893a5c040559f2e0821febead0c
98	eyJhbGciOiJIUzI1NiIsInR5cCI6IkpXVCJ9.eyJ0b2tlbl90eXBlIjoicmVmcmVzaCIsImV4cCI6MTcwOTM5MzQ5MiwiaWF0IjoxNzA5MTM0MjkyLCJqdGkiOiI0MTI5MDQ1NGQxOTY0ZDc3ODIzNGM5YzhiZjJhZTAzMSIsInVzZXJfaWQiOjJ9.TkswCKmoDzUp0XOt-z7kgaMzeRsdPGJPYU0AfjjOrPw	2024-02-28 15:31:32.961129+00	2024-03-02 15:31:32+00	2	41290454d1964d778234c9c8bf2ae031
99	eyJhbGciOiJIUzI1NiIsInR5cCI6IkpXVCJ9.eyJ0b2tlbl90eXBlIjoicmVmcmVzaCIsImV4cCI6MTcwOTM5NTMzMCwiaWF0IjoxNzA5MTM2MTMwLCJqdGkiOiJmNmE3Nzc2YWVjNjE0ZjJiYjZiN2Q2ODcyZDk3ODEyNCIsInVzZXJfaWQiOjN9.bu0JwRNg3aVc_UPd8BL1nv0gK031XsfrtocqSZRQYbA	2024-02-28 16:02:10.291969+00	2024-03-02 16:02:10+00	3	f6a7776aec614f2bb6b7d6872d978124
\.


--
-- Data for Name: centralTenan_area; Type: TABLE DATA; Schema: svinprocasa; Owner: postgres
--

COPY svinprocasa."centralTenan_area" (id, nombre, codigo, id_director_id) FROM stdin;
\.


--
-- Data for Name: centralTenan_centrodecosto; Type: TABLE DATA; Schema: svinprocasa; Owner: postgres
--

COPY svinprocasa."centralTenan_centrodecosto" (id, nombre, codigo) FROM stdin;
\.


--
-- Data for Name: centralTenan_ubicacion; Type: TABLE DATA; Schema: svinprocasa; Owner: postgres
--

COPY svinprocasa."centralTenan_ubicacion" (id, nombre, codigo, direccion, id_tipo_de_ubicacion_id) FROM stdin;
\.


--
-- Data for Name: contratacionTenan_accionpersonal; Type: TABLE DATA; Schema: svinprocasa; Owner: postgres
--

COPY svinprocasa."contratacionTenan_accionpersonal" (id, observaciones, departamento_nuevo_id, cargo_nuevo_id, salario_nuevo, auth_encargado, auth_director_area, auth_gerente_general, auth_gerente_rhu, fecha_inicio, fecha_fin, fecha_autorizacion, fecha_ejecuccion, created_at, updated_at, id_centro_de_costo_id, id_tipo_accion_personal_id, id_ubicacion_id, id_cargo_id, id_afectado_id, id_director_area_id, id_encargado_id, id_gerente_general_id, id_gerente_rhu_id, indemnizacion, voluntario, estado, dir_extra, edad_max, edad_min, id_departamento_id, id_municipio_id, id_sexo_id, justificacion, tipo_contrato, vacante) FROM stdin;
\.


--
-- Data for Name: contratacionTenan_cargo; Type: TABLE DATA; Schema: svinprocasa; Owner: postgres
--

COPY svinprocasa."contratacionTenan_cargo" (id, nombre, codigo, estado, agrupador, created_at, updated_at, id_nivel_empleado_id) FROM stdin;
\.


--
-- Data for Name: contratacionTenan_detalleplanilla; Type: TABLE DATA; Schema: svinprocasa; Owner: postgres
--

COPY svinprocasa."contratacionTenan_detalleplanilla" (id, tipo_aportacion, monto, id_planilla_id, id_tipo_incremento_retencion_id) FROM stdin;
\.


--
-- Data for Name: contratacionTenan_empleado; Type: TABLE DATA; Schema: svinprocasa; Owner: postgres
--

COPY svinprocasa."contratacionTenan_empleado" (id, url_curriculum, codigo_empleado, fecha_finalizacion, cheque, fecha_inicio_labores, fecha_contratacion, salario, sobre_sueldo, estado, fecha_retiro, descripcion_plaza, observaciones, created_at, updated_at, id_area_id, id_cargo_id, id_centro_de_costo_id, id_datos_personales_id, id_tipo_periodo_id, id_ubicacion_id, indemnizacion) FROM stdin;
\.


--
-- Data for Name: contratacionTenan_movaplicadecremento; Type: TABLE DATA; Schema: svinprocasa; Owner: postgres
--

COPY svinprocasa."contratacionTenan_movaplicadecremento" (id, monto_fijo, estado, titulo, created_at, updated_at, id_empleado_id, id_movimiento_decremento_id, id_user_id, id_periodo_planificado_id) FROM stdin;
\.


--
-- Data for Name: contratacionTenan_movaplicaincremento; Type: TABLE DATA; Schema: svinprocasa; Owner: postgres
--

COPY svinprocasa."contratacionTenan_movaplicaincremento" (id, monto_fijo, estado, titulo, created_at, updated_at, id_empleado_id, id_movimiento_incremento_id, id_user_id, id_periodo_planificado_id) FROM stdin;
\.


--
-- Data for Name: contratacionTenan_ordendescuento; Type: TABLE DATA; Schema: svinprocasa; Owner: postgres
--

COPY svinprocasa."contratacionTenan_ordendescuento" (id, numero_cuotas, monto_cuota, codigo_ref, finalizado, pago_automatico, activo, fecha_inicio, fecha_fin, nota, id_institucion_financiera_id, id_empleado_id) FROM stdin;
\.


--
-- Data for Name: contratacionTenan_periodo; Type: TABLE DATA; Schema: svinprocasa; Owner: postgres
--

COPY svinprocasa."contratacionTenan_periodo" (id, anio, created_at, estado, mes_id, quincena, updated_at) FROM stdin;
\.


--
-- Data for Name: contratacionTenan_planilla; Type: TABLE DATA; Schema: svinprocasa; Owner: postgres
--

COPY svinprocasa."contratacionTenan_planilla" (id, sueldo, ingresos_exentos, otros_ingresos, total_devengado, descuentos, aportes_patronales, salario_liquido, created_at, updated_at, id_empleado_id, id_encabezado_id) FROM stdin;
\.


--
-- Data for Name: contratacionTenan_planillaencabezado; Type: TABLE DATA; Schema: svinprocasa; Owner: postgres
--

COPY svinprocasa."contratacionTenan_planillaencabezado" (id, id_estado_id, id_tipo_id, id_user_id, id_periodo_id) FROM stdin;
\.


--
-- Data for Name: contratacionTenan_prestamosregistropagos; Type: TABLE DATA; Schema: svinprocasa; Owner: postgres
--

COPY svinprocasa."contratacionTenan_prestamosregistropagos" (id, monto, created_at, updated_at, id_datos_personales_id, id_detalle_planilla_id) FROM stdin;
\.


--
-- Data for Name: contratacionTenan_recordcrediticio; Type: TABLE DATA; Schema: svinprocasa; Owner: postgres
--

COPY svinprocasa."contratacionTenan_recordcrediticio" (id, monto_cuota, id_detalle_planilla_id, id_orden_descuento_id) FROM stdin;
\.


--
-- Data for Name: django_content_type; Type: TABLE DATA; Schema: svinprocasa; Owner: postgres
--

COPY svinprocasa.django_content_type (id, app_label, model) FROM stdin;
1	central	client
2	central	departamento
3	central	direccion
4	central	domain
5	central	institucionfinanciera
6	central	municipio
7	central	pais
8	central	sexo
9	central	tipodeubicacion
10	central	tipoinstitucion
11	central	zona
12	central	user
13	admin	logentry
14	auth	permission
15	auth	group
16	contenttypes	contenttype
17	sessions	session
18	token_blacklist	blacklistedtoken
19	token_blacklist	outstandingtoken
20	contratacion	contrato
21	contratacion	estadocivil
22	contratacion	estudios
23	contratacion	nivelempleado
24	contratacion	nivelestudio
25	contratacion	ocupacion
26	contratacion	profesion
27	contratacion	profesiondui
28	contratacion	project
29	contratacion	registropagos
30	contratacion	tipoaccionpersonal
31	contratacion	tipocontrato
32	contratacion	tipodealergia
33	contratacion	tipodediscapacidad
34	contratacion	tipodedocumento
35	contratacion	tipodependiente
36	contratacion	tipodevacuna
37	contratacion	tipohora
38	contratacion	tipoincrementoretencion
39	contratacion	tipoperiodo
40	contratacion	tiposalario
41	contratacion	datospersonales
42	contratacion	estudiopersona
43	contratacion	paramcotizacion
44	contratacion	prestamopersona
45	contratacion	tareas
46	contratacion	dependiente
47	contratacion	movimientoincremento
48	contratacion	movimientodecremento
49	contratacion	incrementosretencionesrangos
50	contratacion	cuentabanco
51	contratacion	personaalergia
52	contratacion	personadiscapacidad
53	contratacion	personanombrespordocumento
54	contratacion	personavacuna
55	authtoken	token
56	authtoken	tokenproxy
57	contratacionTenan	periodo
58	contratacionTenan	cargo
59	contratacionTenan	empleado
60	contratacionTenan	accionpersonal
61	contratacionTenan	movaplicaincremento
62	contratacionTenan	movaplicadecremento
63	contratacionTenan	planilla
64	centralTenan	centrodecosto
65	centralTenan	area
66	centralTenan	ubicacion
67	contratacionTenan	detalleplanilla
68	contratacionTenan	prestamosregistropagos
69	central	mes
70	contratacion	ordendescuento
71	contratacion	planillaestado
72	contratacion	planillatipo
73	contratacionTenan	planillaencabezado
74	contratacionTenan	recordcrediticio
75	contratacionTenan	ordendescuento
\.


--
-- Data for Name: django_migrations; Type: TABLE DATA; Schema: svinprocasa; Owner: postgres
--

COPY svinprocasa.django_migrations (id, app, name, applied) FROM stdin;
1	contenttypes	0001_initial	2024-02-14 14:06:45.421247+00
2	contenttypes	0002_remove_content_type_name	2024-02-14 14:06:45.433784+00
3	auth	0001_initial	2024-02-14 14:06:45.448281+00
4	auth	0002_alter_permission_name_max_length	2024-02-14 14:06:45.45496+00
5	auth	0003_alter_user_email_max_length	2024-02-14 14:06:45.462882+00
6	auth	0004_alter_user_username_opts	2024-02-14 14:06:45.470632+00
7	auth	0005_alter_user_last_login_null	2024-02-14 14:06:45.476289+00
8	auth	0006_require_contenttypes_0002	2024-02-14 14:06:45.480265+00
9	auth	0007_alter_validators_add_error_messages	2024-02-14 14:06:45.497126+00
10	auth	0008_alter_user_username_max_length	2024-02-14 14:06:45.509288+00
11	auth	0009_alter_user_last_name_max_length	2024-02-14 14:06:45.516072+00
12	auth	0010_alter_group_name_max_length	2024-02-14 14:06:45.521929+00
13	auth	0011_update_proxy_permissions	2024-02-14 14:06:45.524816+00
14	auth	0012_alter_user_first_name_max_length	2024-02-14 14:06:45.532201+00
15	central	0001_initial	2024-02-14 14:06:45.545536+00
16	admin	0001_initial	2024-02-14 14:06:45.553065+00
17	admin	0002_logentry_remove_auto_add	2024-02-14 14:06:45.560626+00
18	admin	0003_logentry_add_action_flag_choices	2024-02-14 14:06:45.578998+00
19	authtoken	0001_initial	2024-02-14 14:06:45.590398+00
20	authtoken	0002_auto_20160226_1747	2024-02-14 14:06:45.614651+00
21	authtoken	0003_tokenproxy	2024-02-14 14:06:45.618944+00
22	contratacion	0001_initial	2024-02-14 14:06:45.768996+00
23	central	0002_initial	2024-02-14 14:06:46.019802+00
24	centralTenan	0001_initial	2024-02-14 14:06:46.129611+00
25	contratacionTenan	0001_initial	2024-02-14 14:06:46.566802+00
26	sessions	0001_initial	2024-02-14 14:06:46.576856+00
27	token_blacklist	0001_initial	2024-02-14 14:06:46.694833+00
28	token_blacklist	0002_outstandingtoken_jti_hex	2024-02-14 14:06:46.712248+00
29	token_blacklist	0003_auto_20171017_2007	2024-02-14 14:06:46.718085+00
30	token_blacklist	0004_auto_20171017_2013	2024-02-14 14:06:46.735297+00
31	token_blacklist	0005_remove_outstandingtoken_jti	2024-02-14 14:06:46.753084+00
32	token_blacklist	0006_auto_20171017_2113	2024-02-14 14:06:46.77069+00
33	token_blacklist	0007_auto_20171017_2214	2024-02-14 14:06:46.826661+00
34	token_blacklist	0008_migrate_to_bigautofield	2024-02-14 14:06:46.875406+00
35	token_blacklist	0010_fix_migrate_to_bigautofield	2024-02-14 14:06:46.984757+00
36	token_blacklist	0011_linearizes_history	2024-02-14 14:06:46.988485+00
37	token_blacklist	0012_alter_outstandingtoken_user	2024-02-14 14:06:47.041665+00
38	contratacionTenan	0002_rename_ccosto_nuevo_accionpersonal_id_centro_de_costo_and_more	2024-02-14 21:11:42.540694+00
39	contratacionTenan	0003_alter_accionpersonal_cargo_nuevo	2024-02-14 22:32:28.743574+00
40	contratacionTenan	0004_alter_accionpersonal_departamento_nuevo	2024-02-15 17:31:14.548133+00
41	contratacionTenan	0005_alter_empleado_codigo_empleado_and_more	2024-02-15 20:26:42.921763+00
42	contratacionTenan	0006_alter_empleado_fecha_contratacion_and_more	2024-02-15 21:20:22.916228+00
43	contratacion	0002_remove_datospersonales_direccion_fox_and_more	2024-02-16 15:29:37.646525+00
44	contratacionTenan	0007_detalleplanilla_prestamosregistropagos	2024-02-16 15:29:37.844851+00
45	contratacionTenan	0008_alter_accionpersonal_fecha_inicio	2024-02-16 17:17:37.689749+00
46	contratacionTenan	0009_accionpersonal_indemnizacion_empleado_indemnizacion_and_more	2024-02-16 17:37:00.501203+00
47	contratacionTenan	0010_alter_empleado_url_foto	2024-02-16 21:01:54.908706+00
48	contratacionTenan	0011_remove_empleado_url_foto	2024-02-16 21:07:37.154548+00
49	contratacionTenan	0012_accionpersonal_voluntario	2024-02-16 21:44:32.943657+00
50	central	0003_mes	2024-02-20 17:57:56.659029+00
51	contratacionTenan	0013_remove_periodo_periodo_periodo_created_at_and_more	2024-02-20 17:57:56.780893+00
52	contratacionTenan	0014_alter_periodo_mes_alter_periodo_unique_together	2024-02-20 17:59:05.441165+00
53	contratacionTenan	0015_alter_planilla_unique_together	2024-02-20 19:26:24.746805+00
54	contratacion	0003_rename_prestamopersona_ordendescuento	2024-02-21 18:07:16.032243+00
55	contratacionTenan	0016_alter_movaplicaincremento_id_periodo_planificado	2024-02-22 13:21:16.038694+00
56	contratacionTenan	0017_accionpersonal_estado	2024-02-22 16:01:16.444142+00
57	contratacion	0004_planillaestado_planillatipo_and_more	2024-02-26 14:35:00.682087+00
58	contratacionTenan	0018_alter_detalleplanilla_tipo_aportacion_and_more	2024-02-26 14:35:00.941537+00
59	contratacionTenan	0019_alter_planilla_unique_together_and_more	2024-02-26 18:02:54.706113+00
60	contratacionTenan	0020_alter_accionpersonal_id_afectado	2024-02-27 15:17:05.560896+00
61	contratacionTenan	0021_accionpersonal_dir_extra_accionpersonal_edad_max_and_more	2024-02-27 16:38:18.739746+00
62	contratacionTenan	0022_alter_accionpersonal_edad_max_and_more	2024-02-27 16:38:18.810913+00
63	contratacionTenan	0023_accionpersonal_vacante	2024-02-27 17:09:30.514872+00
64	contratacionTenan	0024_remove_recordcrediticio_id_planilla_and_more	2024-02-27 17:44:20.475935+00
65	contratacionTenan	0025_remove_recordcrediticio_id_orden_descuento	2024-02-27 19:27:26.464721+00
66	contratacion	0005_delete_ordendescuento	2024-02-27 19:27:26.471397+00
67	contratacionTenan	0026_ordendescuento_recordcrediticio_id_orden_descuento	2024-02-27 19:41:41.387797+00
68	contratacionTenan	0027_remove_ordendescuento_id_datos_personales_and_more	2024-02-27 20:01:48.805864+00
69	contratacion	0006_tipoincrementoretencion_descripcion	2024-02-27 20:34:59.856794+00
\.


--
-- Data for Name: centralTenan_area; Type: TABLE DATA; Schema: svmegatelas; Owner: postgres
--

COPY svmegatelas."centralTenan_area" (id, nombre, codigo, id_director_id) FROM stdin;
\.


--
-- Data for Name: centralTenan_centrodecosto; Type: TABLE DATA; Schema: svmegatelas; Owner: postgres
--

COPY svmegatelas."centralTenan_centrodecosto" (id, nombre, codigo) FROM stdin;
\.


--
-- Data for Name: centralTenan_ubicacion; Type: TABLE DATA; Schema: svmegatelas; Owner: postgres
--

COPY svmegatelas."centralTenan_ubicacion" (id, nombre, codigo, direccion, id_tipo_de_ubicacion_id) FROM stdin;
\.


--
-- Data for Name: contratacionTenan_accionpersonal; Type: TABLE DATA; Schema: svmegatelas; Owner: postgres
--

COPY svmegatelas."contratacionTenan_accionpersonal" (id, observaciones, departamento_nuevo_id, cargo_nuevo_id, salario_nuevo, auth_encargado, auth_director_area, auth_gerente_general, auth_gerente_rhu, fecha_inicio, fecha_fin, fecha_autorizacion, fecha_ejecuccion, created_at, updated_at, id_centro_de_costo_id, id_tipo_accion_personal_id, id_ubicacion_id, id_cargo_id, id_afectado_id, id_director_area_id, id_encargado_id, id_gerente_general_id, id_gerente_rhu_id, indemnizacion, voluntario, estado, dir_extra, edad_max, edad_min, id_departamento_id, id_municipio_id, id_sexo_id, justificacion, tipo_contrato, vacante) FROM stdin;
\.


--
-- Data for Name: contratacionTenan_cargo; Type: TABLE DATA; Schema: svmegatelas; Owner: postgres
--

COPY svmegatelas."contratacionTenan_cargo" (id, nombre, codigo, estado, agrupador, created_at, updated_at, id_nivel_empleado_id) FROM stdin;
\.


--
-- Data for Name: contratacionTenan_detalleplanilla; Type: TABLE DATA; Schema: svmegatelas; Owner: postgres
--

COPY svmegatelas."contratacionTenan_detalleplanilla" (id, tipo_aportacion, monto, id_planilla_id, id_tipo_incremento_retencion_id) FROM stdin;
\.


--
-- Data for Name: contratacionTenan_empleado; Type: TABLE DATA; Schema: svmegatelas; Owner: postgres
--

COPY svmegatelas."contratacionTenan_empleado" (id, url_curriculum, codigo_empleado, fecha_finalizacion, cheque, fecha_inicio_labores, fecha_contratacion, salario, sobre_sueldo, estado, fecha_retiro, descripcion_plaza, observaciones, created_at, updated_at, id_area_id, id_cargo_id, id_centro_de_costo_id, id_datos_personales_id, id_tipo_periodo_id, id_ubicacion_id, indemnizacion) FROM stdin;
\.


--
-- Data for Name: contratacionTenan_movaplicadecremento; Type: TABLE DATA; Schema: svmegatelas; Owner: postgres
--

COPY svmegatelas."contratacionTenan_movaplicadecremento" (id, monto_fijo, estado, titulo, created_at, updated_at, id_empleado_id, id_movimiento_decremento_id, id_user_id, id_periodo_planificado_id) FROM stdin;
\.


--
-- Data for Name: contratacionTenan_movaplicaincremento; Type: TABLE DATA; Schema: svmegatelas; Owner: postgres
--

COPY svmegatelas."contratacionTenan_movaplicaincremento" (id, monto_fijo, estado, titulo, created_at, updated_at, id_empleado_id, id_movimiento_incremento_id, id_user_id, id_periodo_planificado_id) FROM stdin;
\.


--
-- Data for Name: contratacionTenan_ordendescuento; Type: TABLE DATA; Schema: svmegatelas; Owner: postgres
--

COPY svmegatelas."contratacionTenan_ordendescuento" (id, numero_cuotas, monto_cuota, codigo_ref, finalizado, pago_automatico, activo, fecha_inicio, fecha_fin, nota, id_institucion_financiera_id, id_empleado_id) FROM stdin;
\.


--
-- Data for Name: contratacionTenan_periodo; Type: TABLE DATA; Schema: svmegatelas; Owner: postgres
--

COPY svmegatelas."contratacionTenan_periodo" (id, anio, created_at, estado, mes_id, quincena, updated_at) FROM stdin;
\.


--
-- Data for Name: contratacionTenan_planilla; Type: TABLE DATA; Schema: svmegatelas; Owner: postgres
--

COPY svmegatelas."contratacionTenan_planilla" (id, sueldo, ingresos_exentos, otros_ingresos, total_devengado, descuentos, aportes_patronales, salario_liquido, created_at, updated_at, id_empleado_id, id_encabezado_id) FROM stdin;
\.


--
-- Data for Name: contratacionTenan_planillaencabezado; Type: TABLE DATA; Schema: svmegatelas; Owner: postgres
--

COPY svmegatelas."contratacionTenan_planillaencabezado" (id, id_estado_id, id_tipo_id, id_user_id, id_periodo_id) FROM stdin;
\.


--
-- Data for Name: contratacionTenan_prestamosregistropagos; Type: TABLE DATA; Schema: svmegatelas; Owner: postgres
--

COPY svmegatelas."contratacionTenan_prestamosregistropagos" (id, monto, created_at, updated_at, id_datos_personales_id, id_detalle_planilla_id) FROM stdin;
\.


--
-- Data for Name: contratacionTenan_recordcrediticio; Type: TABLE DATA; Schema: svmegatelas; Owner: postgres
--

COPY svmegatelas."contratacionTenan_recordcrediticio" (id, monto_cuota, id_detalle_planilla_id, id_orden_descuento_id) FROM stdin;
\.


--
-- Data for Name: django_content_type; Type: TABLE DATA; Schema: svmegatelas; Owner: postgres
--

COPY svmegatelas.django_content_type (id, app_label, model) FROM stdin;
1	central	client
2	central	departamento
3	central	direccion
4	central	domain
5	central	institucionfinanciera
6	central	municipio
7	central	pais
8	central	sexo
9	central	tipodeubicacion
10	central	tipoinstitucion
11	central	zona
12	central	user
13	admin	logentry
14	auth	permission
15	auth	group
16	contenttypes	contenttype
17	sessions	session
18	token_blacklist	blacklistedtoken
19	token_blacklist	outstandingtoken
20	contratacion	contrato
21	contratacion	estadocivil
22	contratacion	estudios
23	contratacion	nivelempleado
24	contratacion	nivelestudio
25	contratacion	ocupacion
26	contratacion	profesion
27	contratacion	profesiondui
28	contratacion	project
29	contratacion	registropagos
30	contratacion	tipoaccionpersonal
31	contratacion	tipocontrato
32	contratacion	tipodealergia
33	contratacion	tipodediscapacidad
34	contratacion	tipodedocumento
35	contratacion	tipodependiente
36	contratacion	tipodevacuna
37	contratacion	tipohora
38	contratacion	tipoincrementoretencion
39	contratacion	tipoperiodo
40	contratacion	tiposalario
41	contratacion	datospersonales
42	contratacion	estudiopersona
43	contratacion	paramcotizacion
44	contratacion	prestamopersona
45	contratacion	tareas
46	contratacion	dependiente
47	contratacion	movimientoincremento
48	contratacion	movimientodecremento
49	contratacion	incrementosretencionesrangos
50	contratacion	cuentabanco
51	contratacion	personaalergia
52	contratacion	personadiscapacidad
53	contratacion	personanombrespordocumento
54	contratacion	personavacuna
55	authtoken	token
56	authtoken	tokenproxy
57	contratacionTenan	periodo
58	contratacionTenan	cargo
59	contratacionTenan	empleado
60	contratacionTenan	accionpersonal
61	contratacionTenan	movaplicaincremento
62	contratacionTenan	movaplicadecremento
63	contratacionTenan	planilla
64	centralTenan	centrodecosto
65	centralTenan	area
66	centralTenan	ubicacion
67	contratacionTenan	detalleplanilla
68	contratacionTenan	prestamosregistropagos
69	central	mes
70	contratacion	ordendescuento
71	contratacion	planillaestado
72	contratacion	planillatipo
73	contratacionTenan	planillaencabezado
74	contratacionTenan	recordcrediticio
75	contratacionTenan	ordendescuento
\.


--
-- Data for Name: django_migrations; Type: TABLE DATA; Schema: svmegatelas; Owner: postgres
--

COPY svmegatelas.django_migrations (id, app, name, applied) FROM stdin;
1	contenttypes	0001_initial	2024-02-14 14:06:56.666688+00
2	contenttypes	0002_remove_content_type_name	2024-02-14 14:06:56.674878+00
3	auth	0001_initial	2024-02-14 14:06:56.684833+00
4	auth	0002_alter_permission_name_max_length	2024-02-14 14:06:56.700455+00
5	auth	0003_alter_user_email_max_length	2024-02-14 14:06:56.709893+00
6	auth	0004_alter_user_username_opts	2024-02-14 14:06:56.718714+00
7	auth	0005_alter_user_last_login_null	2024-02-14 14:06:56.727133+00
8	auth	0006_require_contenttypes_0002	2024-02-14 14:06:56.731551+00
9	auth	0007_alter_validators_add_error_messages	2024-02-14 14:06:56.737977+00
10	auth	0008_alter_user_username_max_length	2024-02-14 14:06:56.744916+00
11	auth	0009_alter_user_last_name_max_length	2024-02-14 14:06:56.750798+00
12	auth	0010_alter_group_name_max_length	2024-02-14 14:06:56.756822+00
13	auth	0011_update_proxy_permissions	2024-02-14 14:06:56.759831+00
14	auth	0012_alter_user_first_name_max_length	2024-02-14 14:06:56.767521+00
15	central	0001_initial	2024-02-14 14:06:56.781949+00
16	admin	0001_initial	2024-02-14 14:06:56.790735+00
17	admin	0002_logentry_remove_auto_add	2024-02-14 14:06:56.79813+00
18	admin	0003_logentry_add_action_flag_choices	2024-02-14 14:06:56.806553+00
19	authtoken	0001_initial	2024-02-14 14:06:56.816462+00
20	authtoken	0002_auto_20160226_1747	2024-02-14 14:06:56.837883+00
21	authtoken	0003_tokenproxy	2024-02-14 14:06:56.841333+00
22	contratacion	0001_initial	2024-02-14 14:06:57.000884+00
23	central	0002_initial	2024-02-14 14:06:57.197871+00
24	centralTenan	0001_initial	2024-02-14 14:06:57.380584+00
25	contratacionTenan	0001_initial	2024-02-14 14:06:57.837198+00
26	sessions	0001_initial	2024-02-14 14:06:57.84858+00
27	token_blacklist	0001_initial	2024-02-14 14:06:57.953458+00
28	token_blacklist	0002_outstandingtoken_jti_hex	2024-02-14 14:06:57.976114+00
29	token_blacklist	0003_auto_20171017_2007	2024-02-14 14:06:57.981583+00
30	token_blacklist	0004_auto_20171017_2013	2024-02-14 14:06:57.998619+00
31	token_blacklist	0005_remove_outstandingtoken_jti	2024-02-14 14:06:58.018337+00
32	token_blacklist	0006_auto_20171017_2113	2024-02-14 14:06:58.038997+00
33	token_blacklist	0007_auto_20171017_2214	2024-02-14 14:06:58.096603+00
34	token_blacklist	0008_migrate_to_bigautofield	2024-02-14 14:06:58.145227+00
35	token_blacklist	0010_fix_migrate_to_bigautofield	2024-02-14 14:06:58.194737+00
36	token_blacklist	0011_linearizes_history	2024-02-14 14:06:58.197522+00
37	token_blacklist	0012_alter_outstandingtoken_user	2024-02-14 14:06:58.242176+00
38	contratacionTenan	0002_rename_ccosto_nuevo_accionpersonal_id_centro_de_costo_and_more	2024-02-14 21:11:43.072251+00
39	contratacionTenan	0003_alter_accionpersonal_cargo_nuevo	2024-02-14 22:32:29.171032+00
40	contratacionTenan	0004_alter_accionpersonal_departamento_nuevo	2024-02-15 17:31:14.984518+00
41	contratacionTenan	0005_alter_empleado_codigo_empleado_and_more	2024-02-15 20:26:43.404878+00
42	contratacionTenan	0006_alter_empleado_fecha_contratacion_and_more	2024-02-15 21:20:23.536373+00
43	contratacion	0002_remove_datospersonales_direccion_fox_and_more	2024-02-16 15:29:38.354591+00
44	contratacionTenan	0007_detalleplanilla_prestamosregistropagos	2024-02-16 15:29:38.571676+00
45	contratacionTenan	0008_alter_accionpersonal_fecha_inicio	2024-02-16 17:17:38.14763+00
46	contratacionTenan	0009_accionpersonal_indemnizacion_empleado_indemnizacion_and_more	2024-02-16 17:37:00.973315+00
47	contratacionTenan	0010_alter_empleado_url_foto	2024-02-16 21:01:55.334415+00
48	contratacionTenan	0011_remove_empleado_url_foto	2024-02-16 21:07:37.590436+00
49	contratacionTenan	0012_accionpersonal_voluntario	2024-02-16 21:44:33.442287+00
50	central	0003_mes	2024-02-20 17:57:57.031121+00
51	contratacionTenan	0013_remove_periodo_periodo_periodo_created_at_and_more	2024-02-20 17:57:57.150237+00
52	contratacionTenan	0014_alter_periodo_mes_alter_periodo_unique_together	2024-02-20 17:59:05.774976+00
53	contratacionTenan	0015_alter_planilla_unique_together	2024-02-20 19:26:25.084801+00
54	contratacion	0003_rename_prestamopersona_ordendescuento	2024-02-21 18:07:16.350547+00
55	contratacionTenan	0016_alter_movaplicaincremento_id_periodo_planificado	2024-02-22 13:21:16.508301+00
56	contratacionTenan	0017_accionpersonal_estado	2024-02-22 16:01:16.946601+00
57	contratacion	0004_planillaestado_planillatipo_and_more	2024-02-26 14:35:01.257987+00
58	contratacionTenan	0018_alter_detalleplanilla_tipo_aportacion_and_more	2024-02-26 14:35:01.52091+00
59	contratacionTenan	0019_alter_planilla_unique_together_and_more	2024-02-26 18:02:55.172664+00
60	contratacionTenan	0020_alter_accionpersonal_id_afectado	2024-02-27 15:17:06.107617+00
61	contratacionTenan	0021_accionpersonal_dir_extra_accionpersonal_edad_max_and_more	2024-02-27 16:38:19.79725+00
62	contratacionTenan	0022_alter_accionpersonal_edad_max_and_more	2024-02-27 16:38:19.870471+00
63	contratacionTenan	0023_accionpersonal_vacante	2024-02-27 17:09:31.001822+00
64	contratacionTenan	0024_remove_recordcrediticio_id_planilla_and_more	2024-02-27 17:44:20.823304+00
65	contratacionTenan	0025_remove_recordcrediticio_id_orden_descuento	2024-02-27 19:27:26.678683+00
66	contratacion	0005_delete_ordendescuento	2024-02-27 19:27:26.683327+00
67	contratacionTenan	0026_ordendescuento_recordcrediticio_id_orden_descuento	2024-02-27 19:41:41.716257+00
68	contratacionTenan	0027_remove_ordendescuento_id_datos_personales_and_more	2024-02-27 20:01:49.077981+00
69	contratacion	0006_tipoincrementoretencion_descripcion	2024-02-27 20:35:00.153529+00
\.


--
-- Name: centralTenan_area_id_seq; Type: SEQUENCE SET; Schema: bomba; Owner: postgres
--

SELECT pg_catalog.setval('bomba."centralTenan_area_id_seq"', 5, true);


--
-- Name: centralTenan_centrodecosto_id_seq; Type: SEQUENCE SET; Schema: bomba; Owner: postgres
--

SELECT pg_catalog.setval('bomba."centralTenan_centrodecosto_id_seq"', 7, true);


--
-- Name: centralTenan_ubicacion_id_seq; Type: SEQUENCE SET; Schema: bomba; Owner: postgres
--

SELECT pg_catalog.setval('bomba."centralTenan_ubicacion_id_seq"', 6, true);


--
-- Name: contratacionTenan_accionpersonal_id_seq; Type: SEQUENCE SET; Schema: bomba; Owner: postgres
--

SELECT pg_catalog.setval('bomba."contratacionTenan_accionpersonal_id_seq"', 101, true);


--
-- Name: contratacionTenan_cargo_id_seq; Type: SEQUENCE SET; Schema: bomba; Owner: postgres
--

SELECT pg_catalog.setval('bomba."contratacionTenan_cargo_id_seq"', 9, true);


--
-- Name: contratacionTenan_detalleplanilla_id_seq; Type: SEQUENCE SET; Schema: bomba; Owner: postgres
--

SELECT pg_catalog.setval('bomba."contratacionTenan_detalleplanilla_id_seq"', 3107, true);


--
-- Name: contratacionTenan_empleado_id_seq; Type: SEQUENCE SET; Schema: bomba; Owner: postgres
--

SELECT pg_catalog.setval('bomba."contratacionTenan_empleado_id_seq"', 26, true);


--
-- Name: contratacionTenan_movaplicadecremento_id_seq; Type: SEQUENCE SET; Schema: bomba; Owner: postgres
--

SELECT pg_catalog.setval('bomba."contratacionTenan_movaplicadecremento_id_seq"', 1, false);


--
-- Name: contratacionTenan_movaplicaincremento_id_seq; Type: SEQUENCE SET; Schema: bomba; Owner: postgres
--

SELECT pg_catalog.setval('bomba."contratacionTenan_movaplicaincremento_id_seq"', 15, true);


--
-- Name: contratacionTenan_ordendescuento_id_seq; Type: SEQUENCE SET; Schema: bomba; Owner: postgres
--

SELECT pg_catalog.setval('bomba."contratacionTenan_ordendescuento_id_seq"', 6, true);


--
-- Name: contratacionTenan_periodo_id_seq; Type: SEQUENCE SET; Schema: bomba; Owner: postgres
--

SELECT pg_catalog.setval('bomba."contratacionTenan_periodo_id_seq"', 6, true);


--
-- Name: contratacionTenan_planilla_id_seq; Type: SEQUENCE SET; Schema: bomba; Owner: postgres
--

SELECT pg_catalog.setval('bomba."contratacionTenan_planilla_id_seq"', 1139, true);


--
-- Name: contratacionTenan_planillaencabezado_id_seq; Type: SEQUENCE SET; Schema: bomba; Owner: postgres
--

SELECT pg_catalog.setval('bomba."contratacionTenan_planillaencabezado_id_seq"', 1, false);


--
-- Name: contratacionTenan_prestamosregistropagos_id_seq; Type: SEQUENCE SET; Schema: bomba; Owner: postgres
--

SELECT pg_catalog.setval('bomba."contratacionTenan_prestamosregistropagos_id_seq"', 1, false);


--
-- Name: contratacionTenan_recordcrediticio_id_seq; Type: SEQUENCE SET; Schema: bomba; Owner: postgres
--

SELECT pg_catalog.setval('bomba."contratacionTenan_recordcrediticio_id_seq"', 1, false);


--
-- Name: django_content_type_id_seq; Type: SEQUENCE SET; Schema: bomba; Owner: postgres
--

SELECT pg_catalog.setval('bomba.django_content_type_id_seq', 79, true);


--
-- Name: django_migrations_id_seq; Type: SEQUENCE SET; Schema: bomba; Owner: postgres
--

SELECT pg_catalog.setval('bomba.django_migrations_id_seq', 148, true);


--
-- Name: centralTenan_area_id_seq; Type: SEQUENCE SET; Schema: gtboom; Owner: postgres
--

SELECT pg_catalog.setval('gtboom."centralTenan_area_id_seq"', 1, true);


--
-- Name: centralTenan_centrodecosto_id_seq; Type: SEQUENCE SET; Schema: gtboom; Owner: postgres
--

SELECT pg_catalog.setval('gtboom."centralTenan_centrodecosto_id_seq"', 1, true);


--
-- Name: centralTenan_ubicacion_id_seq; Type: SEQUENCE SET; Schema: gtboom; Owner: postgres
--

SELECT pg_catalog.setval('gtboom."centralTenan_ubicacion_id_seq"', 1, true);


--
-- Name: contratacionTenan_accionpersonal_id_seq; Type: SEQUENCE SET; Schema: gtboom; Owner: postgres
--

SELECT pg_catalog.setval('gtboom."contratacionTenan_accionpersonal_id_seq"', 1, false);


--
-- Name: contratacionTenan_cargo_id_seq; Type: SEQUENCE SET; Schema: gtboom; Owner: postgres
--

SELECT pg_catalog.setval('gtboom."contratacionTenan_cargo_id_seq"', 1, true);


--
-- Name: contratacionTenan_detalleplanilla_id_seq; Type: SEQUENCE SET; Schema: gtboom; Owner: postgres
--

SELECT pg_catalog.setval('gtboom."contratacionTenan_detalleplanilla_id_seq"', 2272, true);


--
-- Name: contratacionTenan_empleado_id_seq; Type: SEQUENCE SET; Schema: gtboom; Owner: postgres
--

SELECT pg_catalog.setval('gtboom."contratacionTenan_empleado_id_seq"', 14, true);


--
-- Name: contratacionTenan_movaplicadecremento_id_seq; Type: SEQUENCE SET; Schema: gtboom; Owner: postgres
--

SELECT pg_catalog.setval('gtboom."contratacionTenan_movaplicadecremento_id_seq"', 1, false);


--
-- Name: contratacionTenan_movaplicaincremento_id_seq; Type: SEQUENCE SET; Schema: gtboom; Owner: postgres
--

SELECT pg_catalog.setval('gtboom."contratacionTenan_movaplicaincremento_id_seq"', 2, true);


--
-- Name: contratacionTenan_ordendescuento_id_seq; Type: SEQUENCE SET; Schema: gtboom; Owner: postgres
--

SELECT pg_catalog.setval('gtboom."contratacionTenan_ordendescuento_id_seq"', 1, true);


--
-- Name: contratacionTenan_periodo_id_seq; Type: SEQUENCE SET; Schema: gtboom; Owner: postgres
--

SELECT pg_catalog.setval('gtboom."contratacionTenan_periodo_id_seq"', 5, true);


--
-- Name: contratacionTenan_planilla_id_seq; Type: SEQUENCE SET; Schema: gtboom; Owner: postgres
--

SELECT pg_catalog.setval('gtboom."contratacionTenan_planilla_id_seq"', 397, true);


--
-- Name: contratacionTenan_planillaencabezado_id_seq; Type: SEQUENCE SET; Schema: gtboom; Owner: postgres
--

SELECT pg_catalog.setval('gtboom."contratacionTenan_planillaencabezado_id_seq"', 128, true);


--
-- Name: contratacionTenan_prestamosregistropagos_id_seq; Type: SEQUENCE SET; Schema: gtboom; Owner: postgres
--

SELECT pg_catalog.setval('gtboom."contratacionTenan_prestamosregistropagos_id_seq"', 1, false);


--
-- Name: contratacionTenan_recordcrediticio_id_seq; Type: SEQUENCE SET; Schema: gtboom; Owner: postgres
--

SELECT pg_catalog.setval('gtboom."contratacionTenan_recordcrediticio_id_seq"', 98, true);


--
-- Name: django_content_type_id_seq; Type: SEQUENCE SET; Schema: gtboom; Owner: postgres
--

SELECT pg_catalog.setval('gtboom.django_content_type_id_seq', 75, true);


--
-- Name: django_migrations_id_seq; Type: SEQUENCE SET; Schema: gtboom; Owner: postgres
--

SELECT pg_catalog.setval('gtboom.django_migrations_id_seq', 69, true);


--
-- Name: centralTenan_area_id_seq; Type: SEQUENCE SET; Schema: gtpremium; Owner: postgres
--

SELECT pg_catalog.setval('gtpremium."centralTenan_area_id_seq"', 1, false);


--
-- Name: centralTenan_centrodecosto_id_seq; Type: SEQUENCE SET; Schema: gtpremium; Owner: postgres
--

SELECT pg_catalog.setval('gtpremium."centralTenan_centrodecosto_id_seq"', 1, false);


--
-- Name: centralTenan_ubicacion_id_seq; Type: SEQUENCE SET; Schema: gtpremium; Owner: postgres
--

SELECT pg_catalog.setval('gtpremium."centralTenan_ubicacion_id_seq"', 1, false);


--
-- Name: contratacionTenan_accionpersonal_id_seq; Type: SEQUENCE SET; Schema: gtpremium; Owner: postgres
--

SELECT pg_catalog.setval('gtpremium."contratacionTenan_accionpersonal_id_seq"', 1, false);


--
-- Name: contratacionTenan_cargo_id_seq; Type: SEQUENCE SET; Schema: gtpremium; Owner: postgres
--

SELECT pg_catalog.setval('gtpremium."contratacionTenan_cargo_id_seq"', 1, false);


--
-- Name: contratacionTenan_detalleplanilla_id_seq; Type: SEQUENCE SET; Schema: gtpremium; Owner: postgres
--

SELECT pg_catalog.setval('gtpremium."contratacionTenan_detalleplanilla_id_seq"', 1, false);


--
-- Name: contratacionTenan_empleado_id_seq; Type: SEQUENCE SET; Schema: gtpremium; Owner: postgres
--

SELECT pg_catalog.setval('gtpremium."contratacionTenan_empleado_id_seq"', 1, false);


--
-- Name: contratacionTenan_movaplicadecremento_id_seq; Type: SEQUENCE SET; Schema: gtpremium; Owner: postgres
--

SELECT pg_catalog.setval('gtpremium."contratacionTenan_movaplicadecremento_id_seq"', 1, false);


--
-- Name: contratacionTenan_movaplicaincremento_id_seq; Type: SEQUENCE SET; Schema: gtpremium; Owner: postgres
--

SELECT pg_catalog.setval('gtpremium."contratacionTenan_movaplicaincremento_id_seq"', 1, false);


--
-- Name: contratacionTenan_ordendescuento_id_seq; Type: SEQUENCE SET; Schema: gtpremium; Owner: postgres
--

SELECT pg_catalog.setval('gtpremium."contratacionTenan_ordendescuento_id_seq"', 1, false);


--
-- Name: contratacionTenan_periodo_id_seq; Type: SEQUENCE SET; Schema: gtpremium; Owner: postgres
--

SELECT pg_catalog.setval('gtpremium."contratacionTenan_periodo_id_seq"', 1, false);


--
-- Name: contratacionTenan_planilla_id_seq; Type: SEQUENCE SET; Schema: gtpremium; Owner: postgres
--

SELECT pg_catalog.setval('gtpremium."contratacionTenan_planilla_id_seq"', 1, false);


--
-- Name: contratacionTenan_planillaencabezado_id_seq; Type: SEQUENCE SET; Schema: gtpremium; Owner: postgres
--

SELECT pg_catalog.setval('gtpremium."contratacionTenan_planillaencabezado_id_seq"', 1, false);


--
-- Name: contratacionTenan_prestamosregistropagos_id_seq; Type: SEQUENCE SET; Schema: gtpremium; Owner: postgres
--

SELECT pg_catalog.setval('gtpremium."contratacionTenan_prestamosregistropagos_id_seq"', 1, false);


--
-- Name: contratacionTenan_recordcrediticio_id_seq; Type: SEQUENCE SET; Schema: gtpremium; Owner: postgres
--

SELECT pg_catalog.setval('gtpremium."contratacionTenan_recordcrediticio_id_seq"', 1, false);


--
-- Name: django_content_type_id_seq; Type: SEQUENCE SET; Schema: gtpremium; Owner: postgres
--

SELECT pg_catalog.setval('gtpremium.django_content_type_id_seq', 79, true);


--
-- Name: django_migrations_id_seq; Type: SEQUENCE SET; Schema: gtpremium; Owner: postgres
--

SELECT pg_catalog.setval('gtpremium.django_migrations_id_seq', 148, true);


--
-- Name: centralTenan_area_id_seq; Type: SEQUENCE SET; Schema: premium; Owner: postgres
--

SELECT pg_catalog.setval('premium."centralTenan_area_id_seq"', 1, false);


--
-- Name: centralTenan_centrodecosto_id_seq; Type: SEQUENCE SET; Schema: premium; Owner: postgres
--

SELECT pg_catalog.setval('premium."centralTenan_centrodecosto_id_seq"', 1, false);


--
-- Name: centralTenan_ubicacion_id_seq; Type: SEQUENCE SET; Schema: premium; Owner: postgres
--

SELECT pg_catalog.setval('premium."centralTenan_ubicacion_id_seq"', 1, false);


--
-- Name: contratacionTenan_accionpersonal_id_seq; Type: SEQUENCE SET; Schema: premium; Owner: postgres
--

SELECT pg_catalog.setval('premium."contratacionTenan_accionpersonal_id_seq"', 1, false);


--
-- Name: contratacionTenan_cargo_id_seq; Type: SEQUENCE SET; Schema: premium; Owner: postgres
--

SELECT pg_catalog.setval('premium."contratacionTenan_cargo_id_seq"', 1, false);


--
-- Name: contratacionTenan_detalleplanilla_id_seq; Type: SEQUENCE SET; Schema: premium; Owner: postgres
--

SELECT pg_catalog.setval('premium."contratacionTenan_detalleplanilla_id_seq"', 1, false);


--
-- Name: contratacionTenan_empleado_id_seq; Type: SEQUENCE SET; Schema: premium; Owner: postgres
--

SELECT pg_catalog.setval('premium."contratacionTenan_empleado_id_seq"', 1, false);


--
-- Name: contratacionTenan_movaplicadecremento_id_seq; Type: SEQUENCE SET; Schema: premium; Owner: postgres
--

SELECT pg_catalog.setval('premium."contratacionTenan_movaplicadecremento_id_seq"', 1, false);


--
-- Name: contratacionTenan_movaplicaincremento_id_seq; Type: SEQUENCE SET; Schema: premium; Owner: postgres
--

SELECT pg_catalog.setval('premium."contratacionTenan_movaplicaincremento_id_seq"', 1, false);


--
-- Name: contratacionTenan_ordendescuento_id_seq; Type: SEQUENCE SET; Schema: premium; Owner: postgres
--

SELECT pg_catalog.setval('premium."contratacionTenan_ordendescuento_id_seq"', 1, false);


--
-- Name: contratacionTenan_periodo_id_seq; Type: SEQUENCE SET; Schema: premium; Owner: postgres
--

SELECT pg_catalog.setval('premium."contratacionTenan_periodo_id_seq"', 1, false);


--
-- Name: contratacionTenan_planilla_id_seq; Type: SEQUENCE SET; Schema: premium; Owner: postgres
--

SELECT pg_catalog.setval('premium."contratacionTenan_planilla_id_seq"', 1, false);


--
-- Name: contratacionTenan_planillaencabezado_id_seq; Type: SEQUENCE SET; Schema: premium; Owner: postgres
--

SELECT pg_catalog.setval('premium."contratacionTenan_planillaencabezado_id_seq"', 1, false);


--
-- Name: contratacionTenan_prestamosregistropagos_id_seq; Type: SEQUENCE SET; Schema: premium; Owner: postgres
--

SELECT pg_catalog.setval('premium."contratacionTenan_prestamosregistropagos_id_seq"', 1, false);


--
-- Name: contratacionTenan_recordcrediticio_id_seq; Type: SEQUENCE SET; Schema: premium; Owner: postgres
--

SELECT pg_catalog.setval('premium."contratacionTenan_recordcrediticio_id_seq"', 1, false);


--
-- Name: django_content_type_id_seq; Type: SEQUENCE SET; Schema: premium; Owner: postgres
--

SELECT pg_catalog.setval('premium.django_content_type_id_seq', 75, true);


--
-- Name: django_migrations_id_seq; Type: SEQUENCE SET; Schema: premium; Owner: postgres
--

SELECT pg_catalog.setval('premium.django_migrations_id_seq', 69, true);


--
-- Name: auth_group_id_seq; Type: SEQUENCE SET; Schema: public; Owner: postgres
--

SELECT pg_catalog.setval('public.auth_group_id_seq', 3, true);


--
-- Name: auth_group_permissions_id_seq; Type: SEQUENCE SET; Schema: public; Owner: postgres
--

SELECT pg_catalog.setval('public.auth_group_permissions_id_seq', 5, true);


--
-- Name: auth_permission_id_seq; Type: SEQUENCE SET; Schema: public; Owner: postgres
--

SELECT pg_catalog.setval('public.auth_permission_id_seq', 316, true);


--
-- Name: central_client_id_seq; Type: SEQUENCE SET; Schema: public; Owner: postgres
--

SELECT pg_catalog.setval('public.central_client_id_seq', 18, true);


--
-- Name: central_departamento_id_seq; Type: SEQUENCE SET; Schema: public; Owner: postgres
--

SELECT pg_catalog.setval('public.central_departamento_id_seq', 17, true);


--
-- Name: central_direccion_id_seq; Type: SEQUENCE SET; Schema: public; Owner: postgres
--

SELECT pg_catalog.setval('public.central_direccion_id_seq', 3, true);


--
-- Name: central_domain_id_seq; Type: SEQUENCE SET; Schema: public; Owner: postgres
--

SELECT pg_catalog.setval('public.central_domain_id_seq', 26, true);


--
-- Name: central_institucionfinanciera_id_seq; Type: SEQUENCE SET; Schema: public; Owner: postgres
--

SELECT pg_catalog.setval('public.central_institucionfinanciera_id_seq', 5, true);


--
-- Name: central_mes_id_seq; Type: SEQUENCE SET; Schema: public; Owner: postgres
--

SELECT pg_catalog.setval('public.central_mes_id_seq', 12, true);


--
-- Name: central_municipio_id_seq; Type: SEQUENCE SET; Schema: public; Owner: postgres
--

SELECT pg_catalog.setval('public.central_municipio_id_seq', 266, true);


--
-- Name: central_pais_id_seq; Type: SEQUENCE SET; Schema: public; Owner: postgres
--

SELECT pg_catalog.setval('public.central_pais_id_seq', 6, true);


--
-- Name: central_sexo_id_seq; Type: SEQUENCE SET; Schema: public; Owner: postgres
--

SELECT pg_catalog.setval('public.central_sexo_id_seq', 1, false);


--
-- Name: central_tipodeubicacion_id_seq; Type: SEQUENCE SET; Schema: public; Owner: postgres
--

SELECT pg_catalog.setval('public.central_tipodeubicacion_id_seq', 4, true);


--
-- Name: central_tipoinstitucion_id_seq; Type: SEQUENCE SET; Schema: public; Owner: postgres
--

SELECT pg_catalog.setval('public.central_tipoinstitucion_id_seq', 3, true);


--
-- Name: central_user_groups_id_seq; Type: SEQUENCE SET; Schema: public; Owner: postgres
--

SELECT pg_catalog.setval('public.central_user_groups_id_seq', 7, true);


--
-- Name: central_user_id_seq; Type: SEQUENCE SET; Schema: public; Owner: postgres
--

SELECT pg_catalog.setval('public.central_user_id_seq', 3, true);


--
-- Name: central_user_user_permissions_id_seq; Type: SEQUENCE SET; Schema: public; Owner: postgres
--

SELECT pg_catalog.setval('public.central_user_user_permissions_id_seq', 2, true);


--
-- Name: central_zona_id_seq; Type: SEQUENCE SET; Schema: public; Owner: postgres
--

SELECT pg_catalog.setval('public.central_zona_id_seq', 6, true);


--
-- Name: contratacion_contrato_id_seq; Type: SEQUENCE SET; Schema: public; Owner: postgres
--

SELECT pg_catalog.setval('public.contratacion_contrato_id_seq', 1, false);


--
-- Name: contratacion_cuentabanco_id_seq; Type: SEQUENCE SET; Schema: public; Owner: postgres
--

SELECT pg_catalog.setval('public.contratacion_cuentabanco_id_seq', 9, true);


--
-- Name: contratacion_datospersonales_id_seq; Type: SEQUENCE SET; Schema: public; Owner: postgres
--

SELECT pg_catalog.setval('public.contratacion_datospersonales_id_seq', 16, true);


--
-- Name: contratacion_dependiente_id_seq; Type: SEQUENCE SET; Schema: public; Owner: postgres
--

SELECT pg_catalog.setval('public.contratacion_dependiente_id_seq', 3, true);


--
-- Name: contratacion_estadocivil_id_seq; Type: SEQUENCE SET; Schema: public; Owner: postgres
--

SELECT pg_catalog.setval('public.contratacion_estadocivil_id_seq', 5, true);


--
-- Name: contratacion_estudiopersona_id_seq; Type: SEQUENCE SET; Schema: public; Owner: postgres
--

SELECT pg_catalog.setval('public.contratacion_estudiopersona_id_seq', 40, true);


--
-- Name: contratacion_estudios_id_seq; Type: SEQUENCE SET; Schema: public; Owner: postgres
--

SELECT pg_catalog.setval('public.contratacion_estudios_id_seq', 59, true);


--
-- Name: contratacion_incrementosretencionesrangos_id_seq; Type: SEQUENCE SET; Schema: public; Owner: postgres
--

SELECT pg_catalog.setval('public.contratacion_incrementosretencionesrangos_id_seq', 36, true);


--
-- Name: contratacion_movimientodecremento_id_seq; Type: SEQUENCE SET; Schema: public; Owner: postgres
--

SELECT pg_catalog.setval('public.contratacion_movimientodecremento_id_seq', 1, false);


--
-- Name: contratacion_movimientoincremento_id_seq; Type: SEQUENCE SET; Schema: public; Owner: postgres
--

SELECT pg_catalog.setval('public.contratacion_movimientoincremento_id_seq', 13, true);


--
-- Name: contratacion_nivelempleado_id_seq; Type: SEQUENCE SET; Schema: public; Owner: postgres
--

SELECT pg_catalog.setval('public.contratacion_nivelempleado_id_seq', 1, false);


--
-- Name: contratacion_nivelestudio_id_seq; Type: SEQUENCE SET; Schema: public; Owner: postgres
--

SELECT pg_catalog.setval('public.contratacion_nivelestudio_id_seq', 12, true);


--
-- Name: contratacion_ocupacion_id_seq; Type: SEQUENCE SET; Schema: public; Owner: postgres
--

SELECT pg_catalog.setval('public.contratacion_ocupacion_id_seq', 1, false);


--
-- Name: contratacion_paramcotizacion_id_seq; Type: SEQUENCE SET; Schema: public; Owner: postgres
--

SELECT pg_catalog.setval('public.contratacion_paramcotizacion_id_seq', 1, false);


--
-- Name: contratacion_personaalergia_id_seq; Type: SEQUENCE SET; Schema: public; Owner: postgres
--

SELECT pg_catalog.setval('public.contratacion_personaalergia_id_seq', 3, true);


--
-- Name: contratacion_personadiscapacidad_id_seq; Type: SEQUENCE SET; Schema: public; Owner: postgres
--

SELECT pg_catalog.setval('public.contratacion_personadiscapacidad_id_seq', 8, true);


--
-- Name: contratacion_personanombrespordocumento_id_seq; Type: SEQUENCE SET; Schema: public; Owner: postgres
--

SELECT pg_catalog.setval('public.contratacion_personanombrespordocumento_id_seq', 4, true);


--
-- Name: contratacion_personavacuna_id_seq; Type: SEQUENCE SET; Schema: public; Owner: postgres
--

SELECT pg_catalog.setval('public.contratacion_personavacuna_id_seq', 5, true);


--
-- Name: contratacion_planillaestado_id_seq; Type: SEQUENCE SET; Schema: public; Owner: postgres
--

SELECT pg_catalog.setval('public.contratacion_planillaestado_id_seq', 4, true);


--
-- Name: contratacion_planillatipo_id_seq; Type: SEQUENCE SET; Schema: public; Owner: postgres
--

SELECT pg_catalog.setval('public.contratacion_planillatipo_id_seq', 3, true);


--
-- Name: contratacion_prestamosregistropagos_id_seq; Type: SEQUENCE SET; Schema: public; Owner: postgres
--

SELECT pg_catalog.setval('public.contratacion_prestamosregistropagos_id_seq', 1, false);


--
-- Name: contratacion_profesion_id_seq; Type: SEQUENCE SET; Schema: public; Owner: postgres
--

SELECT pg_catalog.setval('public.contratacion_profesion_id_seq', 1, false);


--
-- Name: contratacion_profesiondui_id_seq; Type: SEQUENCE SET; Schema: public; Owner: postgres
--

SELECT pg_catalog.setval('public.contratacion_profesiondui_id_seq', 2, true);


--
-- Name: contratacion_project_id_seq; Type: SEQUENCE SET; Schema: public; Owner: postgres
--

SELECT pg_catalog.setval('public.contratacion_project_id_seq', 1, false);


--
-- Name: contratacion_registropagos_id_seq; Type: SEQUENCE SET; Schema: public; Owner: postgres
--

SELECT pg_catalog.setval('public.contratacion_registropagos_id_seq', 1, false);


--
-- Name: contratacion_tareas_id_seq; Type: SEQUENCE SET; Schema: public; Owner: postgres
--

SELECT pg_catalog.setval('public.contratacion_tareas_id_seq', 1, false);


--
-- Name: contratacion_tipoaccionpersonal_id_seq; Type: SEQUENCE SET; Schema: public; Owner: postgres
--

SELECT pg_catalog.setval('public.contratacion_tipoaccionpersonal_id_seq', 8, true);


--
-- Name: contratacion_tipocontrato_id_seq; Type: SEQUENCE SET; Schema: public; Owner: postgres
--

SELECT pg_catalog.setval('public.contratacion_tipocontrato_id_seq', 7, true);


--
-- Name: contratacion_tipodealergia_id_seq; Type: SEQUENCE SET; Schema: public; Owner: postgres
--

SELECT pg_catalog.setval('public.contratacion_tipodealergia_id_seq', 15, true);


--
-- Name: contratacion_tipodediscapacidad_id_seq; Type: SEQUENCE SET; Schema: public; Owner: postgres
--

SELECT pg_catalog.setval('public.contratacion_tipodediscapacidad_id_seq', 5, true);


--
-- Name: contratacion_tipodedocumento_id_seq; Type: SEQUENCE SET; Schema: public; Owner: postgres
--

SELECT pg_catalog.setval('public.contratacion_tipodedocumento_id_seq', 3, true);


--
-- Name: contratacion_tipodependiente_id_seq; Type: SEQUENCE SET; Schema: public; Owner: postgres
--

SELECT pg_catalog.setval('public.contratacion_tipodependiente_id_seq', 24, true);


--
-- Name: contratacion_tipodevacuna_id_seq; Type: SEQUENCE SET; Schema: public; Owner: postgres
--

SELECT pg_catalog.setval('public.contratacion_tipodevacuna_id_seq', 11, true);


--
-- Name: contratacion_tipohora_id_seq; Type: SEQUENCE SET; Schema: public; Owner: postgres
--

SELECT pg_catalog.setval('public.contratacion_tipohora_id_seq', 5, true);


--
-- Name: contratacion_tipoincrementoretencion_id_seq; Type: SEQUENCE SET; Schema: public; Owner: postgres
--

SELECT pg_catalog.setval('public.contratacion_tipoincrementoretencion_id_seq', 15, true);


--
-- Name: contratacion_tipoperiodo_id_seq; Type: SEQUENCE SET; Schema: public; Owner: postgres
--

SELECT pg_catalog.setval('public.contratacion_tipoperiodo_id_seq', 1, false);


--
-- Name: contratacion_tiposalario_id_seq; Type: SEQUENCE SET; Schema: public; Owner: postgres
--

SELECT pg_catalog.setval('public.contratacion_tiposalario_id_seq', 1, false);


--
-- Name: django_admin_log_id_seq; Type: SEQUENCE SET; Schema: public; Owner: postgres
--

SELECT pg_catalog.setval('public.django_admin_log_id_seq', 37, true);


--
-- Name: django_content_type_id_seq; Type: SEQUENCE SET; Schema: public; Owner: postgres
--

SELECT pg_catalog.setval('public.django_content_type_id_seq', 78, true);


--
-- Name: django_migrations_id_seq; Type: SEQUENCE SET; Schema: public; Owner: postgres
--

SELECT pg_catalog.setval('public.django_migrations_id_seq', 159, true);


--
-- Name: token_blacklist_blacklistedtoken_id_seq; Type: SEQUENCE SET; Schema: public; Owner: postgres
--

SELECT pg_catalog.setval('public.token_blacklist_blacklistedtoken_id_seq', 1, false);


--
-- Name: token_blacklist_outstandingtoken_id_seq; Type: SEQUENCE SET; Schema: public; Owner: postgres
--

SELECT pg_catalog.setval('public.token_blacklist_outstandingtoken_id_seq', 99, true);


--
-- Name: centralTenan_area_id_seq; Type: SEQUENCE SET; Schema: svinprocasa; Owner: postgres
--

SELECT pg_catalog.setval('svinprocasa."centralTenan_area_id_seq"', 1, false);


--
-- Name: centralTenan_centrodecosto_id_seq; Type: SEQUENCE SET; Schema: svinprocasa; Owner: postgres
--

SELECT pg_catalog.setval('svinprocasa."centralTenan_centrodecosto_id_seq"', 1, false);


--
-- Name: centralTenan_ubicacion_id_seq; Type: SEQUENCE SET; Schema: svinprocasa; Owner: postgres
--

SELECT pg_catalog.setval('svinprocasa."centralTenan_ubicacion_id_seq"', 1, false);


--
-- Name: contratacionTenan_accionpersonal_id_seq; Type: SEQUENCE SET; Schema: svinprocasa; Owner: postgres
--

SELECT pg_catalog.setval('svinprocasa."contratacionTenan_accionpersonal_id_seq"', 1, false);


--
-- Name: contratacionTenan_cargo_id_seq; Type: SEQUENCE SET; Schema: svinprocasa; Owner: postgres
--

SELECT pg_catalog.setval('svinprocasa."contratacionTenan_cargo_id_seq"', 1, false);


--
-- Name: contratacionTenan_detalleplanilla_id_seq; Type: SEQUENCE SET; Schema: svinprocasa; Owner: postgres
--

SELECT pg_catalog.setval('svinprocasa."contratacionTenan_detalleplanilla_id_seq"', 1, false);


--
-- Name: contratacionTenan_empleado_id_seq; Type: SEQUENCE SET; Schema: svinprocasa; Owner: postgres
--

SELECT pg_catalog.setval('svinprocasa."contratacionTenan_empleado_id_seq"', 1, false);


--
-- Name: contratacionTenan_movaplicadecremento_id_seq; Type: SEQUENCE SET; Schema: svinprocasa; Owner: postgres
--

SELECT pg_catalog.setval('svinprocasa."contratacionTenan_movaplicadecremento_id_seq"', 1, false);


--
-- Name: contratacionTenan_movaplicaincremento_id_seq; Type: SEQUENCE SET; Schema: svinprocasa; Owner: postgres
--

SELECT pg_catalog.setval('svinprocasa."contratacionTenan_movaplicaincremento_id_seq"', 1, false);


--
-- Name: contratacionTenan_ordendescuento_id_seq; Type: SEQUENCE SET; Schema: svinprocasa; Owner: postgres
--

SELECT pg_catalog.setval('svinprocasa."contratacionTenan_ordendescuento_id_seq"', 1, false);


--
-- Name: contratacionTenan_periodo_id_seq; Type: SEQUENCE SET; Schema: svinprocasa; Owner: postgres
--

SELECT pg_catalog.setval('svinprocasa."contratacionTenan_periodo_id_seq"', 1, false);


--
-- Name: contratacionTenan_planilla_id_seq; Type: SEQUENCE SET; Schema: svinprocasa; Owner: postgres
--

SELECT pg_catalog.setval('svinprocasa."contratacionTenan_planilla_id_seq"', 1, false);


--
-- Name: contratacionTenan_planillaencabezado_id_seq; Type: SEQUENCE SET; Schema: svinprocasa; Owner: postgres
--

SELECT pg_catalog.setval('svinprocasa."contratacionTenan_planillaencabezado_id_seq"', 1, false);


--
-- Name: contratacionTenan_prestamosregistropagos_id_seq; Type: SEQUENCE SET; Schema: svinprocasa; Owner: postgres
--

SELECT pg_catalog.setval('svinprocasa."contratacionTenan_prestamosregistropagos_id_seq"', 1, false);


--
-- Name: contratacionTenan_recordcrediticio_id_seq; Type: SEQUENCE SET; Schema: svinprocasa; Owner: postgres
--

SELECT pg_catalog.setval('svinprocasa."contratacionTenan_recordcrediticio_id_seq"', 1, false);


--
-- Name: django_content_type_id_seq; Type: SEQUENCE SET; Schema: svinprocasa; Owner: postgres
--

SELECT pg_catalog.setval('svinprocasa.django_content_type_id_seq', 75, true);


--
-- Name: django_migrations_id_seq; Type: SEQUENCE SET; Schema: svinprocasa; Owner: postgres
--

SELECT pg_catalog.setval('svinprocasa.django_migrations_id_seq', 69, true);


--
-- Name: centralTenan_area_id_seq; Type: SEQUENCE SET; Schema: svmegatelas; Owner: postgres
--

SELECT pg_catalog.setval('svmegatelas."centralTenan_area_id_seq"', 1, false);


--
-- Name: centralTenan_centrodecosto_id_seq; Type: SEQUENCE SET; Schema: svmegatelas; Owner: postgres
--

SELECT pg_catalog.setval('svmegatelas."centralTenan_centrodecosto_id_seq"', 1, false);


--
-- Name: centralTenan_ubicacion_id_seq; Type: SEQUENCE SET; Schema: svmegatelas; Owner: postgres
--

SELECT pg_catalog.setval('svmegatelas."centralTenan_ubicacion_id_seq"', 1, false);


--
-- Name: contratacionTenan_accionpersonal_id_seq; Type: SEQUENCE SET; Schema: svmegatelas; Owner: postgres
--

SELECT pg_catalog.setval('svmegatelas."contratacionTenan_accionpersonal_id_seq"', 1, false);


--
-- Name: contratacionTenan_cargo_id_seq; Type: SEQUENCE SET; Schema: svmegatelas; Owner: postgres
--

SELECT pg_catalog.setval('svmegatelas."contratacionTenan_cargo_id_seq"', 1, false);


--
-- Name: contratacionTenan_detalleplanilla_id_seq; Type: SEQUENCE SET; Schema: svmegatelas; Owner: postgres
--

SELECT pg_catalog.setval('svmegatelas."contratacionTenan_detalleplanilla_id_seq"', 1, false);


--
-- Name: contratacionTenan_empleado_id_seq; Type: SEQUENCE SET; Schema: svmegatelas; Owner: postgres
--

SELECT pg_catalog.setval('svmegatelas."contratacionTenan_empleado_id_seq"', 1, false);


--
-- Name: contratacionTenan_movaplicadecremento_id_seq; Type: SEQUENCE SET; Schema: svmegatelas; Owner: postgres
--

SELECT pg_catalog.setval('svmegatelas."contratacionTenan_movaplicadecremento_id_seq"', 1, false);


--
-- Name: contratacionTenan_movaplicaincremento_id_seq; Type: SEQUENCE SET; Schema: svmegatelas; Owner: postgres
--

SELECT pg_catalog.setval('svmegatelas."contratacionTenan_movaplicaincremento_id_seq"', 1, false);


--
-- Name: contratacionTenan_ordendescuento_id_seq; Type: SEQUENCE SET; Schema: svmegatelas; Owner: postgres
--

SELECT pg_catalog.setval('svmegatelas."contratacionTenan_ordendescuento_id_seq"', 1, false);


--
-- Name: contratacionTenan_periodo_id_seq; Type: SEQUENCE SET; Schema: svmegatelas; Owner: postgres
--

SELECT pg_catalog.setval('svmegatelas."contratacionTenan_periodo_id_seq"', 1, false);


--
-- Name: contratacionTenan_planilla_id_seq; Type: SEQUENCE SET; Schema: svmegatelas; Owner: postgres
--

SELECT pg_catalog.setval('svmegatelas."contratacionTenan_planilla_id_seq"', 1, false);


--
-- Name: contratacionTenan_planillaencabezado_id_seq; Type: SEQUENCE SET; Schema: svmegatelas; Owner: postgres
--

SELECT pg_catalog.setval('svmegatelas."contratacionTenan_planillaencabezado_id_seq"', 1, false);


--
-- Name: contratacionTenan_prestamosregistropagos_id_seq; Type: SEQUENCE SET; Schema: svmegatelas; Owner: postgres
--

SELECT pg_catalog.setval('svmegatelas."contratacionTenan_prestamosregistropagos_id_seq"', 1, false);


--
-- Name: contratacionTenan_recordcrediticio_id_seq; Type: SEQUENCE SET; Schema: svmegatelas; Owner: postgres
--

SELECT pg_catalog.setval('svmegatelas."contratacionTenan_recordcrediticio_id_seq"', 1, false);


--
-- Name: django_content_type_id_seq; Type: SEQUENCE SET; Schema: svmegatelas; Owner: postgres
--

SELECT pg_catalog.setval('svmegatelas.django_content_type_id_seq', 75, true);


--
-- Name: django_migrations_id_seq; Type: SEQUENCE SET; Schema: svmegatelas; Owner: postgres
--

SELECT pg_catalog.setval('svmegatelas.django_migrations_id_seq', 69, true);


--
-- Name: centralTenan_area centralTenan_area_codigo_key; Type: CONSTRAINT; Schema: bomba; Owner: postgres
--

ALTER TABLE ONLY bomba."centralTenan_area"
    ADD CONSTRAINT "centralTenan_area_codigo_key" UNIQUE (codigo);


--
-- Name: centralTenan_area centralTenan_area_nombre_key; Type: CONSTRAINT; Schema: bomba; Owner: postgres
--

ALTER TABLE ONLY bomba."centralTenan_area"
    ADD CONSTRAINT "centralTenan_area_nombre_key" UNIQUE (nombre);


--
-- Name: centralTenan_area centralTenan_area_pkey; Type: CONSTRAINT; Schema: bomba; Owner: postgres
--

ALTER TABLE ONLY bomba."centralTenan_area"
    ADD CONSTRAINT "centralTenan_area_pkey" PRIMARY KEY (id);


--
-- Name: centralTenan_centrodecosto centralTenan_centrodecosto_codigo_key; Type: CONSTRAINT; Schema: bomba; Owner: postgres
--

ALTER TABLE ONLY bomba."centralTenan_centrodecosto"
    ADD CONSTRAINT "centralTenan_centrodecosto_codigo_key" UNIQUE (codigo);


--
-- Name: centralTenan_centrodecosto centralTenan_centrodecosto_nombre_key; Type: CONSTRAINT; Schema: bomba; Owner: postgres
--

ALTER TABLE ONLY bomba."centralTenan_centrodecosto"
    ADD CONSTRAINT "centralTenan_centrodecosto_nombre_key" UNIQUE (nombre);


--
-- Name: centralTenan_centrodecosto centralTenan_centrodecosto_pkey; Type: CONSTRAINT; Schema: bomba; Owner: postgres
--

ALTER TABLE ONLY bomba."centralTenan_centrodecosto"
    ADD CONSTRAINT "centralTenan_centrodecosto_pkey" PRIMARY KEY (id);


--
-- Name: centralTenan_ubicacion centralTenan_ubicacion_codigo_key; Type: CONSTRAINT; Schema: bomba; Owner: postgres
--

ALTER TABLE ONLY bomba."centralTenan_ubicacion"
    ADD CONSTRAINT "centralTenan_ubicacion_codigo_key" UNIQUE (codigo);


--
-- Name: centralTenan_ubicacion centralTenan_ubicacion_nombre_key; Type: CONSTRAINT; Schema: bomba; Owner: postgres
--

ALTER TABLE ONLY bomba."centralTenan_ubicacion"
    ADD CONSTRAINT "centralTenan_ubicacion_nombre_key" UNIQUE (nombre);


--
-- Name: centralTenan_ubicacion centralTenan_ubicacion_pkey; Type: CONSTRAINT; Schema: bomba; Owner: postgres
--

ALTER TABLE ONLY bomba."centralTenan_ubicacion"
    ADD CONSTRAINT "centralTenan_ubicacion_pkey" PRIMARY KEY (id);


--
-- Name: contratacionTenan_accionpersonal contratacionTenan_accionpersonal_pkey; Type: CONSTRAINT; Schema: bomba; Owner: postgres
--

ALTER TABLE ONLY bomba."contratacionTenan_accionpersonal"
    ADD CONSTRAINT "contratacionTenan_accionpersonal_pkey" PRIMARY KEY (id);


--
-- Name: contratacionTenan_cargo contratacionTenan_cargo_codigo_key; Type: CONSTRAINT; Schema: bomba; Owner: postgres
--

ALTER TABLE ONLY bomba."contratacionTenan_cargo"
    ADD CONSTRAINT "contratacionTenan_cargo_codigo_key" UNIQUE (codigo);


--
-- Name: contratacionTenan_cargo contratacionTenan_cargo_pkey; Type: CONSTRAINT; Schema: bomba; Owner: postgres
--

ALTER TABLE ONLY bomba."contratacionTenan_cargo"
    ADD CONSTRAINT "contratacionTenan_cargo_pkey" PRIMARY KEY (id);


--
-- Name: contratacionTenan_detalleplanilla contratacionTenan_detalleplanilla_pkey; Type: CONSTRAINT; Schema: bomba; Owner: postgres
--

ALTER TABLE ONLY bomba."contratacionTenan_detalleplanilla"
    ADD CONSTRAINT "contratacionTenan_detalleplanilla_pkey" PRIMARY KEY (id);


--
-- Name: contratacionTenan_empleado contratacionTenan_empleado_codigo_empleado_id_478de8a3_uniq; Type: CONSTRAINT; Schema: bomba; Owner: postgres
--

ALTER TABLE ONLY bomba."contratacionTenan_empleado"
    ADD CONSTRAINT "contratacionTenan_empleado_codigo_empleado_id_478de8a3_uniq" UNIQUE (codigo_empleado, id);


--
-- Name: contratacionTenan_empleado contratacionTenan_empleado_pkey; Type: CONSTRAINT; Schema: bomba; Owner: postgres
--

ALTER TABLE ONLY bomba."contratacionTenan_empleado"
    ADD CONSTRAINT "contratacionTenan_empleado_pkey" PRIMARY KEY (id);


--
-- Name: contratacionTenan_movaplicadecremento contratacionTenan_movaplicadecremento_pkey; Type: CONSTRAINT; Schema: bomba; Owner: postgres
--

ALTER TABLE ONLY bomba."contratacionTenan_movaplicadecremento"
    ADD CONSTRAINT "contratacionTenan_movaplicadecremento_pkey" PRIMARY KEY (id);


--
-- Name: contratacionTenan_movaplicaincremento contratacionTenan_movaplicaincremento_pkey; Type: CONSTRAINT; Schema: bomba; Owner: postgres
--

ALTER TABLE ONLY bomba."contratacionTenan_movaplicaincremento"
    ADD CONSTRAINT "contratacionTenan_movaplicaincremento_pkey" PRIMARY KEY (id);


--
-- Name: contratacionTenan_ordendescuento contratacionTenan_ordendescuento_pkey; Type: CONSTRAINT; Schema: bomba; Owner: postgres
--

ALTER TABLE ONLY bomba."contratacionTenan_ordendescuento"
    ADD CONSTRAINT "contratacionTenan_ordendescuento_pkey" PRIMARY KEY (id);


--
-- Name: contratacionTenan_periodo contratacionTenan_periodo_anio_mes_id_quincena_5457349f_uniq; Type: CONSTRAINT; Schema: bomba; Owner: postgres
--

ALTER TABLE ONLY bomba."contratacionTenan_periodo"
    ADD CONSTRAINT "contratacionTenan_periodo_anio_mes_id_quincena_5457349f_uniq" UNIQUE (anio, mes_id, quincena);


--
-- Name: contratacionTenan_periodo contratacionTenan_periodo_pkey; Type: CONSTRAINT; Schema: bomba; Owner: postgres
--

ALTER TABLE ONLY bomba."contratacionTenan_periodo"
    ADD CONSTRAINT "contratacionTenan_periodo_pkey" PRIMARY KEY (id);


--
-- Name: contratacionTenan_planilla contratacionTenan_planil_id_empleado_id_id_encabe_6d77b10b_uniq; Type: CONSTRAINT; Schema: bomba; Owner: postgres
--

ALTER TABLE ONLY bomba."contratacionTenan_planilla"
    ADD CONSTRAINT "contratacionTenan_planil_id_empleado_id_id_encabe_6d77b10b_uniq" UNIQUE (id_empleado_id, id_encabezado_id);


--
-- Name: contratacionTenan_planilla contratacionTenan_planilla_pkey; Type: CONSTRAINT; Schema: bomba; Owner: postgres
--

ALTER TABLE ONLY bomba."contratacionTenan_planilla"
    ADD CONSTRAINT "contratacionTenan_planilla_pkey" PRIMARY KEY (id);


--
-- Name: contratacionTenan_planillaencabezado contratacionTenan_planillaencabezado_pkey; Type: CONSTRAINT; Schema: bomba; Owner: postgres
--

ALTER TABLE ONLY bomba."contratacionTenan_planillaencabezado"
    ADD CONSTRAINT "contratacionTenan_planillaencabezado_pkey" PRIMARY KEY (id);


--
-- Name: contratacionTenan_prestamosregistropagos contratacionTenan_prestamosregistropagos_pkey; Type: CONSTRAINT; Schema: bomba; Owner: postgres
--

ALTER TABLE ONLY bomba."contratacionTenan_prestamosregistropagos"
    ADD CONSTRAINT "contratacionTenan_prestamosregistropagos_pkey" PRIMARY KEY (id);


--
-- Name: contratacionTenan_recordcrediticio contratacionTenan_recordcrediticio_pkey; Type: CONSTRAINT; Schema: bomba; Owner: postgres
--

ALTER TABLE ONLY bomba."contratacionTenan_recordcrediticio"
    ADD CONSTRAINT "contratacionTenan_recordcrediticio_pkey" PRIMARY KEY (id);


--
-- Name: django_content_type django_content_type_app_label_model_76bd3d3b_uniq; Type: CONSTRAINT; Schema: bomba; Owner: postgres
--

ALTER TABLE ONLY bomba.django_content_type
    ADD CONSTRAINT django_content_type_app_label_model_76bd3d3b_uniq UNIQUE (app_label, model);


--
-- Name: django_content_type django_content_type_pkey; Type: CONSTRAINT; Schema: bomba; Owner: postgres
--

ALTER TABLE ONLY bomba.django_content_type
    ADD CONSTRAINT django_content_type_pkey PRIMARY KEY (id);


--
-- Name: django_migrations django_migrations_pkey; Type: CONSTRAINT; Schema: bomba; Owner: postgres
--

ALTER TABLE ONLY bomba.django_migrations
    ADD CONSTRAINT django_migrations_pkey PRIMARY KEY (id);


--
-- Name: centralTenan_area centralTenan_area_codigo_key; Type: CONSTRAINT; Schema: gtboom; Owner: postgres
--

ALTER TABLE ONLY gtboom."centralTenan_area"
    ADD CONSTRAINT "centralTenan_area_codigo_key" UNIQUE (codigo);


--
-- Name: centralTenan_area centralTenan_area_nombre_key; Type: CONSTRAINT; Schema: gtboom; Owner: postgres
--

ALTER TABLE ONLY gtboom."centralTenan_area"
    ADD CONSTRAINT "centralTenan_area_nombre_key" UNIQUE (nombre);


--
-- Name: centralTenan_area centralTenan_area_pkey; Type: CONSTRAINT; Schema: gtboom; Owner: postgres
--

ALTER TABLE ONLY gtboom."centralTenan_area"
    ADD CONSTRAINT "centralTenan_area_pkey" PRIMARY KEY (id);


--
-- Name: centralTenan_centrodecosto centralTenan_centrodecosto_codigo_key; Type: CONSTRAINT; Schema: gtboom; Owner: postgres
--

ALTER TABLE ONLY gtboom."centralTenan_centrodecosto"
    ADD CONSTRAINT "centralTenan_centrodecosto_codigo_key" UNIQUE (codigo);


--
-- Name: centralTenan_centrodecosto centralTenan_centrodecosto_nombre_key; Type: CONSTRAINT; Schema: gtboom; Owner: postgres
--

ALTER TABLE ONLY gtboom."centralTenan_centrodecosto"
    ADD CONSTRAINT "centralTenan_centrodecosto_nombre_key" UNIQUE (nombre);


--
-- Name: centralTenan_centrodecosto centralTenan_centrodecosto_pkey; Type: CONSTRAINT; Schema: gtboom; Owner: postgres
--

ALTER TABLE ONLY gtboom."centralTenan_centrodecosto"
    ADD CONSTRAINT "centralTenan_centrodecosto_pkey" PRIMARY KEY (id);


--
-- Name: centralTenan_ubicacion centralTenan_ubicacion_codigo_key; Type: CONSTRAINT; Schema: gtboom; Owner: postgres
--

ALTER TABLE ONLY gtboom."centralTenan_ubicacion"
    ADD CONSTRAINT "centralTenan_ubicacion_codigo_key" UNIQUE (codigo);


--
-- Name: centralTenan_ubicacion centralTenan_ubicacion_nombre_key; Type: CONSTRAINT; Schema: gtboom; Owner: postgres
--

ALTER TABLE ONLY gtboom."centralTenan_ubicacion"
    ADD CONSTRAINT "centralTenan_ubicacion_nombre_key" UNIQUE (nombre);


--
-- Name: centralTenan_ubicacion centralTenan_ubicacion_pkey; Type: CONSTRAINT; Schema: gtboom; Owner: postgres
--

ALTER TABLE ONLY gtboom."centralTenan_ubicacion"
    ADD CONSTRAINT "centralTenan_ubicacion_pkey" PRIMARY KEY (id);


--
-- Name: contratacionTenan_accionpersonal contratacionTenan_accionpersonal_pkey; Type: CONSTRAINT; Schema: gtboom; Owner: postgres
--

ALTER TABLE ONLY gtboom."contratacionTenan_accionpersonal"
    ADD CONSTRAINT "contratacionTenan_accionpersonal_pkey" PRIMARY KEY (id);


--
-- Name: contratacionTenan_cargo contratacionTenan_cargo_codigo_key; Type: CONSTRAINT; Schema: gtboom; Owner: postgres
--

ALTER TABLE ONLY gtboom."contratacionTenan_cargo"
    ADD CONSTRAINT "contratacionTenan_cargo_codigo_key" UNIQUE (codigo);


--
-- Name: contratacionTenan_cargo contratacionTenan_cargo_pkey; Type: CONSTRAINT; Schema: gtboom; Owner: postgres
--

ALTER TABLE ONLY gtboom."contratacionTenan_cargo"
    ADD CONSTRAINT "contratacionTenan_cargo_pkey" PRIMARY KEY (id);


--
-- Name: contratacionTenan_detalleplanilla contratacionTenan_detalleplanilla_pkey; Type: CONSTRAINT; Schema: gtboom; Owner: postgres
--

ALTER TABLE ONLY gtboom."contratacionTenan_detalleplanilla"
    ADD CONSTRAINT "contratacionTenan_detalleplanilla_pkey" PRIMARY KEY (id);


--
-- Name: contratacionTenan_empleado contratacionTenan_empleado_codigo_empleado_id_478de8a3_uniq; Type: CONSTRAINT; Schema: gtboom; Owner: postgres
--

ALTER TABLE ONLY gtboom."contratacionTenan_empleado"
    ADD CONSTRAINT "contratacionTenan_empleado_codigo_empleado_id_478de8a3_uniq" UNIQUE (codigo_empleado, id);


--
-- Name: contratacionTenan_empleado contratacionTenan_empleado_pkey; Type: CONSTRAINT; Schema: gtboom; Owner: postgres
--

ALTER TABLE ONLY gtboom."contratacionTenan_empleado"
    ADD CONSTRAINT "contratacionTenan_empleado_pkey" PRIMARY KEY (id);


--
-- Name: contratacionTenan_movaplicadecremento contratacionTenan_movaplicadecremento_pkey; Type: CONSTRAINT; Schema: gtboom; Owner: postgres
--

ALTER TABLE ONLY gtboom."contratacionTenan_movaplicadecremento"
    ADD CONSTRAINT "contratacionTenan_movaplicadecremento_pkey" PRIMARY KEY (id);


--
-- Name: contratacionTenan_movaplicaincremento contratacionTenan_movaplicaincremento_pkey; Type: CONSTRAINT; Schema: gtboom; Owner: postgres
--

ALTER TABLE ONLY gtboom."contratacionTenan_movaplicaincremento"
    ADD CONSTRAINT "contratacionTenan_movaplicaincremento_pkey" PRIMARY KEY (id);


--
-- Name: contratacionTenan_ordendescuento contratacionTenan_ordendescuento_pkey; Type: CONSTRAINT; Schema: gtboom; Owner: postgres
--

ALTER TABLE ONLY gtboom."contratacionTenan_ordendescuento"
    ADD CONSTRAINT "contratacionTenan_ordendescuento_pkey" PRIMARY KEY (id);


--
-- Name: contratacionTenan_periodo contratacionTenan_periodo_anio_mes_id_quincena_5457349f_uniq; Type: CONSTRAINT; Schema: gtboom; Owner: postgres
--

ALTER TABLE ONLY gtboom."contratacionTenan_periodo"
    ADD CONSTRAINT "contratacionTenan_periodo_anio_mes_id_quincena_5457349f_uniq" UNIQUE (anio, mes_id, quincena);


--
-- Name: contratacionTenan_periodo contratacionTenan_periodo_pkey; Type: CONSTRAINT; Schema: gtboom; Owner: postgres
--

ALTER TABLE ONLY gtboom."contratacionTenan_periodo"
    ADD CONSTRAINT "contratacionTenan_periodo_pkey" PRIMARY KEY (id);


--
-- Name: contratacionTenan_planilla contratacionTenan_planil_id_empleado_id_id_encabe_6d77b10b_uniq; Type: CONSTRAINT; Schema: gtboom; Owner: postgres
--

ALTER TABLE ONLY gtboom."contratacionTenan_planilla"
    ADD CONSTRAINT "contratacionTenan_planil_id_empleado_id_id_encabe_6d77b10b_uniq" UNIQUE (id_empleado_id, id_encabezado_id);


--
-- Name: contratacionTenan_planilla contratacionTenan_planilla_pkey; Type: CONSTRAINT; Schema: gtboom; Owner: postgres
--

ALTER TABLE ONLY gtboom."contratacionTenan_planilla"
    ADD CONSTRAINT "contratacionTenan_planilla_pkey" PRIMARY KEY (id);


--
-- Name: contratacionTenan_planillaencabezado contratacionTenan_planillaencabezado_pkey; Type: CONSTRAINT; Schema: gtboom; Owner: postgres
--

ALTER TABLE ONLY gtboom."contratacionTenan_planillaencabezado"
    ADD CONSTRAINT "contratacionTenan_planillaencabezado_pkey" PRIMARY KEY (id);


--
-- Name: contratacionTenan_prestamosregistropagos contratacionTenan_prestamosregistropagos_pkey; Type: CONSTRAINT; Schema: gtboom; Owner: postgres
--

ALTER TABLE ONLY gtboom."contratacionTenan_prestamosregistropagos"
    ADD CONSTRAINT "contratacionTenan_prestamosregistropagos_pkey" PRIMARY KEY (id);


--
-- Name: contratacionTenan_recordcrediticio contratacionTenan_recordcrediticio_pkey; Type: CONSTRAINT; Schema: gtboom; Owner: postgres
--

ALTER TABLE ONLY gtboom."contratacionTenan_recordcrediticio"
    ADD CONSTRAINT "contratacionTenan_recordcrediticio_pkey" PRIMARY KEY (id);


--
-- Name: django_content_type django_content_type_app_label_model_76bd3d3b_uniq; Type: CONSTRAINT; Schema: gtboom; Owner: postgres
--

ALTER TABLE ONLY gtboom.django_content_type
    ADD CONSTRAINT django_content_type_app_label_model_76bd3d3b_uniq UNIQUE (app_label, model);


--
-- Name: django_content_type django_content_type_pkey; Type: CONSTRAINT; Schema: gtboom; Owner: postgres
--

ALTER TABLE ONLY gtboom.django_content_type
    ADD CONSTRAINT django_content_type_pkey PRIMARY KEY (id);


--
-- Name: django_migrations django_migrations_pkey; Type: CONSTRAINT; Schema: gtboom; Owner: postgres
--

ALTER TABLE ONLY gtboom.django_migrations
    ADD CONSTRAINT django_migrations_pkey PRIMARY KEY (id);


--
-- Name: centralTenan_area centralTenan_area_codigo_key; Type: CONSTRAINT; Schema: gtpremium; Owner: postgres
--

ALTER TABLE ONLY gtpremium."centralTenan_area"
    ADD CONSTRAINT "centralTenan_area_codigo_key" UNIQUE (codigo);


--
-- Name: centralTenan_area centralTenan_area_nombre_key; Type: CONSTRAINT; Schema: gtpremium; Owner: postgres
--

ALTER TABLE ONLY gtpremium."centralTenan_area"
    ADD CONSTRAINT "centralTenan_area_nombre_key" UNIQUE (nombre);


--
-- Name: centralTenan_area centralTenan_area_pkey; Type: CONSTRAINT; Schema: gtpremium; Owner: postgres
--

ALTER TABLE ONLY gtpremium."centralTenan_area"
    ADD CONSTRAINT "centralTenan_area_pkey" PRIMARY KEY (id);


--
-- Name: centralTenan_centrodecosto centralTenan_centrodecosto_codigo_key; Type: CONSTRAINT; Schema: gtpremium; Owner: postgres
--

ALTER TABLE ONLY gtpremium."centralTenan_centrodecosto"
    ADD CONSTRAINT "centralTenan_centrodecosto_codigo_key" UNIQUE (codigo);


--
-- Name: centralTenan_centrodecosto centralTenan_centrodecosto_nombre_key; Type: CONSTRAINT; Schema: gtpremium; Owner: postgres
--

ALTER TABLE ONLY gtpremium."centralTenan_centrodecosto"
    ADD CONSTRAINT "centralTenan_centrodecosto_nombre_key" UNIQUE (nombre);


--
-- Name: centralTenan_centrodecosto centralTenan_centrodecosto_pkey; Type: CONSTRAINT; Schema: gtpremium; Owner: postgres
--

ALTER TABLE ONLY gtpremium."centralTenan_centrodecosto"
    ADD CONSTRAINT "centralTenan_centrodecosto_pkey" PRIMARY KEY (id);


--
-- Name: centralTenan_ubicacion centralTenan_ubicacion_codigo_key; Type: CONSTRAINT; Schema: gtpremium; Owner: postgres
--

ALTER TABLE ONLY gtpremium."centralTenan_ubicacion"
    ADD CONSTRAINT "centralTenan_ubicacion_codigo_key" UNIQUE (codigo);


--
-- Name: centralTenan_ubicacion centralTenan_ubicacion_nombre_key; Type: CONSTRAINT; Schema: gtpremium; Owner: postgres
--

ALTER TABLE ONLY gtpremium."centralTenan_ubicacion"
    ADD CONSTRAINT "centralTenan_ubicacion_nombre_key" UNIQUE (nombre);


--
-- Name: centralTenan_ubicacion centralTenan_ubicacion_pkey; Type: CONSTRAINT; Schema: gtpremium; Owner: postgres
--

ALTER TABLE ONLY gtpremium."centralTenan_ubicacion"
    ADD CONSTRAINT "centralTenan_ubicacion_pkey" PRIMARY KEY (id);


--
-- Name: contratacionTenan_accionpersonal contratacionTenan_accionpersonal_pkey; Type: CONSTRAINT; Schema: gtpremium; Owner: postgres
--

ALTER TABLE ONLY gtpremium."contratacionTenan_accionpersonal"
    ADD CONSTRAINT "contratacionTenan_accionpersonal_pkey" PRIMARY KEY (id);


--
-- Name: contratacionTenan_cargo contratacionTenan_cargo_codigo_key; Type: CONSTRAINT; Schema: gtpremium; Owner: postgres
--

ALTER TABLE ONLY gtpremium."contratacionTenan_cargo"
    ADD CONSTRAINT "contratacionTenan_cargo_codigo_key" UNIQUE (codigo);


--
-- Name: contratacionTenan_cargo contratacionTenan_cargo_pkey; Type: CONSTRAINT; Schema: gtpremium; Owner: postgres
--

ALTER TABLE ONLY gtpremium."contratacionTenan_cargo"
    ADD CONSTRAINT "contratacionTenan_cargo_pkey" PRIMARY KEY (id);


--
-- Name: contratacionTenan_detalleplanilla contratacionTenan_detalleplanilla_pkey; Type: CONSTRAINT; Schema: gtpremium; Owner: postgres
--

ALTER TABLE ONLY gtpremium."contratacionTenan_detalleplanilla"
    ADD CONSTRAINT "contratacionTenan_detalleplanilla_pkey" PRIMARY KEY (id);


--
-- Name: contratacionTenan_empleado contratacionTenan_empleado_codigo_empleado_id_478de8a3_uniq; Type: CONSTRAINT; Schema: gtpremium; Owner: postgres
--

ALTER TABLE ONLY gtpremium."contratacionTenan_empleado"
    ADD CONSTRAINT "contratacionTenan_empleado_codigo_empleado_id_478de8a3_uniq" UNIQUE (codigo_empleado, id);


--
-- Name: contratacionTenan_empleado contratacionTenan_empleado_pkey; Type: CONSTRAINT; Schema: gtpremium; Owner: postgres
--

ALTER TABLE ONLY gtpremium."contratacionTenan_empleado"
    ADD CONSTRAINT "contratacionTenan_empleado_pkey" PRIMARY KEY (id);


--
-- Name: contratacionTenan_movaplicadecremento contratacionTenan_movaplicadecremento_pkey; Type: CONSTRAINT; Schema: gtpremium; Owner: postgres
--

ALTER TABLE ONLY gtpremium."contratacionTenan_movaplicadecremento"
    ADD CONSTRAINT "contratacionTenan_movaplicadecremento_pkey" PRIMARY KEY (id);


--
-- Name: contratacionTenan_movaplicaincremento contratacionTenan_movaplicaincremento_pkey; Type: CONSTRAINT; Schema: gtpremium; Owner: postgres
--

ALTER TABLE ONLY gtpremium."contratacionTenan_movaplicaincremento"
    ADD CONSTRAINT "contratacionTenan_movaplicaincremento_pkey" PRIMARY KEY (id);


--
-- Name: contratacionTenan_ordendescuento contratacionTenan_ordendescuento_pkey; Type: CONSTRAINT; Schema: gtpremium; Owner: postgres
--

ALTER TABLE ONLY gtpremium."contratacionTenan_ordendescuento"
    ADD CONSTRAINT "contratacionTenan_ordendescuento_pkey" PRIMARY KEY (id);


--
-- Name: contratacionTenan_periodo contratacionTenan_periodo_anio_mes_id_quincena_5457349f_uniq; Type: CONSTRAINT; Schema: gtpremium; Owner: postgres
--

ALTER TABLE ONLY gtpremium."contratacionTenan_periodo"
    ADD CONSTRAINT "contratacionTenan_periodo_anio_mes_id_quincena_5457349f_uniq" UNIQUE (anio, mes_id, quincena);


--
-- Name: contratacionTenan_periodo contratacionTenan_periodo_pkey; Type: CONSTRAINT; Schema: gtpremium; Owner: postgres
--

ALTER TABLE ONLY gtpremium."contratacionTenan_periodo"
    ADD CONSTRAINT "contratacionTenan_periodo_pkey" PRIMARY KEY (id);


--
-- Name: contratacionTenan_planilla contratacionTenan_planil_id_empleado_id_id_encabe_6d77b10b_uniq; Type: CONSTRAINT; Schema: gtpremium; Owner: postgres
--

ALTER TABLE ONLY gtpremium."contratacionTenan_planilla"
    ADD CONSTRAINT "contratacionTenan_planil_id_empleado_id_id_encabe_6d77b10b_uniq" UNIQUE (id_empleado_id, id_encabezado_id);


--
-- Name: contratacionTenan_planilla contratacionTenan_planilla_pkey; Type: CONSTRAINT; Schema: gtpremium; Owner: postgres
--

ALTER TABLE ONLY gtpremium."contratacionTenan_planilla"
    ADD CONSTRAINT "contratacionTenan_planilla_pkey" PRIMARY KEY (id);


--
-- Name: contratacionTenan_planillaencabezado contratacionTenan_planillaencabezado_pkey; Type: CONSTRAINT; Schema: gtpremium; Owner: postgres
--

ALTER TABLE ONLY gtpremium."contratacionTenan_planillaencabezado"
    ADD CONSTRAINT "contratacionTenan_planillaencabezado_pkey" PRIMARY KEY (id);


--
-- Name: contratacionTenan_prestamosregistropagos contratacionTenan_prestamosregistropagos_pkey; Type: CONSTRAINT; Schema: gtpremium; Owner: postgres
--

ALTER TABLE ONLY gtpremium."contratacionTenan_prestamosregistropagos"
    ADD CONSTRAINT "contratacionTenan_prestamosregistropagos_pkey" PRIMARY KEY (id);


--
-- Name: contratacionTenan_recordcrediticio contratacionTenan_recordcrediticio_pkey; Type: CONSTRAINT; Schema: gtpremium; Owner: postgres
--

ALTER TABLE ONLY gtpremium."contratacionTenan_recordcrediticio"
    ADD CONSTRAINT "contratacionTenan_recordcrediticio_pkey" PRIMARY KEY (id);


--
-- Name: django_content_type django_content_type_app_label_model_76bd3d3b_uniq; Type: CONSTRAINT; Schema: gtpremium; Owner: postgres
--

ALTER TABLE ONLY gtpremium.django_content_type
    ADD CONSTRAINT django_content_type_app_label_model_76bd3d3b_uniq UNIQUE (app_label, model);


--
-- Name: django_content_type django_content_type_pkey; Type: CONSTRAINT; Schema: gtpremium; Owner: postgres
--

ALTER TABLE ONLY gtpremium.django_content_type
    ADD CONSTRAINT django_content_type_pkey PRIMARY KEY (id);


--
-- Name: django_migrations django_migrations_pkey; Type: CONSTRAINT; Schema: gtpremium; Owner: postgres
--

ALTER TABLE ONLY gtpremium.django_migrations
    ADD CONSTRAINT django_migrations_pkey PRIMARY KEY (id);


--
-- Name: centralTenan_area centralTenan_area_codigo_key; Type: CONSTRAINT; Schema: premium; Owner: postgres
--

ALTER TABLE ONLY premium."centralTenan_area"
    ADD CONSTRAINT "centralTenan_area_codigo_key" UNIQUE (codigo);


--
-- Name: centralTenan_area centralTenan_area_nombre_key; Type: CONSTRAINT; Schema: premium; Owner: postgres
--

ALTER TABLE ONLY premium."centralTenan_area"
    ADD CONSTRAINT "centralTenan_area_nombre_key" UNIQUE (nombre);


--
-- Name: centralTenan_area centralTenan_area_pkey; Type: CONSTRAINT; Schema: premium; Owner: postgres
--

ALTER TABLE ONLY premium."centralTenan_area"
    ADD CONSTRAINT "centralTenan_area_pkey" PRIMARY KEY (id);


--
-- Name: centralTenan_centrodecosto centralTenan_centrodecosto_codigo_key; Type: CONSTRAINT; Schema: premium; Owner: postgres
--

ALTER TABLE ONLY premium."centralTenan_centrodecosto"
    ADD CONSTRAINT "centralTenan_centrodecosto_codigo_key" UNIQUE (codigo);


--
-- Name: centralTenan_centrodecosto centralTenan_centrodecosto_nombre_key; Type: CONSTRAINT; Schema: premium; Owner: postgres
--

ALTER TABLE ONLY premium."centralTenan_centrodecosto"
    ADD CONSTRAINT "centralTenan_centrodecosto_nombre_key" UNIQUE (nombre);


--
-- Name: centralTenan_centrodecosto centralTenan_centrodecosto_pkey; Type: CONSTRAINT; Schema: premium; Owner: postgres
--

ALTER TABLE ONLY premium."centralTenan_centrodecosto"
    ADD CONSTRAINT "centralTenan_centrodecosto_pkey" PRIMARY KEY (id);


--
-- Name: centralTenan_ubicacion centralTenan_ubicacion_codigo_key; Type: CONSTRAINT; Schema: premium; Owner: postgres
--

ALTER TABLE ONLY premium."centralTenan_ubicacion"
    ADD CONSTRAINT "centralTenan_ubicacion_codigo_key" UNIQUE (codigo);


--
-- Name: centralTenan_ubicacion centralTenan_ubicacion_nombre_key; Type: CONSTRAINT; Schema: premium; Owner: postgres
--

ALTER TABLE ONLY premium."centralTenan_ubicacion"
    ADD CONSTRAINT "centralTenan_ubicacion_nombre_key" UNIQUE (nombre);


--
-- Name: centralTenan_ubicacion centralTenan_ubicacion_pkey; Type: CONSTRAINT; Schema: premium; Owner: postgres
--

ALTER TABLE ONLY premium."centralTenan_ubicacion"
    ADD CONSTRAINT "centralTenan_ubicacion_pkey" PRIMARY KEY (id);


--
-- Name: contratacionTenan_accionpersonal contratacionTenan_accionpersonal_pkey; Type: CONSTRAINT; Schema: premium; Owner: postgres
--

ALTER TABLE ONLY premium."contratacionTenan_accionpersonal"
    ADD CONSTRAINT "contratacionTenan_accionpersonal_pkey" PRIMARY KEY (id);


--
-- Name: contratacionTenan_cargo contratacionTenan_cargo_codigo_key; Type: CONSTRAINT; Schema: premium; Owner: postgres
--

ALTER TABLE ONLY premium."contratacionTenan_cargo"
    ADD CONSTRAINT "contratacionTenan_cargo_codigo_key" UNIQUE (codigo);


--
-- Name: contratacionTenan_cargo contratacionTenan_cargo_pkey; Type: CONSTRAINT; Schema: premium; Owner: postgres
--

ALTER TABLE ONLY premium."contratacionTenan_cargo"
    ADD CONSTRAINT "contratacionTenan_cargo_pkey" PRIMARY KEY (id);


--
-- Name: contratacionTenan_detalleplanilla contratacionTenan_detalleplanilla_pkey; Type: CONSTRAINT; Schema: premium; Owner: postgres
--

ALTER TABLE ONLY premium."contratacionTenan_detalleplanilla"
    ADD CONSTRAINT "contratacionTenan_detalleplanilla_pkey" PRIMARY KEY (id);


--
-- Name: contratacionTenan_empleado contratacionTenan_empleado_codigo_empleado_id_478de8a3_uniq; Type: CONSTRAINT; Schema: premium; Owner: postgres
--

ALTER TABLE ONLY premium."contratacionTenan_empleado"
    ADD CONSTRAINT "contratacionTenan_empleado_codigo_empleado_id_478de8a3_uniq" UNIQUE (codigo_empleado, id);


--
-- Name: contratacionTenan_empleado contratacionTenan_empleado_pkey; Type: CONSTRAINT; Schema: premium; Owner: postgres
--

ALTER TABLE ONLY premium."contratacionTenan_empleado"
    ADD CONSTRAINT "contratacionTenan_empleado_pkey" PRIMARY KEY (id);


--
-- Name: contratacionTenan_movaplicadecremento contratacionTenan_movaplicadecremento_pkey; Type: CONSTRAINT; Schema: premium; Owner: postgres
--

ALTER TABLE ONLY premium."contratacionTenan_movaplicadecremento"
    ADD CONSTRAINT "contratacionTenan_movaplicadecremento_pkey" PRIMARY KEY (id);


--
-- Name: contratacionTenan_movaplicaincremento contratacionTenan_movaplicaincremento_pkey; Type: CONSTRAINT; Schema: premium; Owner: postgres
--

ALTER TABLE ONLY premium."contratacionTenan_movaplicaincremento"
    ADD CONSTRAINT "contratacionTenan_movaplicaincremento_pkey" PRIMARY KEY (id);


--
-- Name: contratacionTenan_ordendescuento contratacionTenan_ordendescuento_pkey; Type: CONSTRAINT; Schema: premium; Owner: postgres
--

ALTER TABLE ONLY premium."contratacionTenan_ordendescuento"
    ADD CONSTRAINT "contratacionTenan_ordendescuento_pkey" PRIMARY KEY (id);


--
-- Name: contratacionTenan_periodo contratacionTenan_periodo_anio_mes_id_quincena_5457349f_uniq; Type: CONSTRAINT; Schema: premium; Owner: postgres
--

ALTER TABLE ONLY premium."contratacionTenan_periodo"
    ADD CONSTRAINT "contratacionTenan_periodo_anio_mes_id_quincena_5457349f_uniq" UNIQUE (anio, mes_id, quincena);


--
-- Name: contratacionTenan_periodo contratacionTenan_periodo_pkey; Type: CONSTRAINT; Schema: premium; Owner: postgres
--

ALTER TABLE ONLY premium."contratacionTenan_periodo"
    ADD CONSTRAINT "contratacionTenan_periodo_pkey" PRIMARY KEY (id);


--
-- Name: contratacionTenan_planilla contratacionTenan_planil_id_empleado_id_id_encabe_6d77b10b_uniq; Type: CONSTRAINT; Schema: premium; Owner: postgres
--

ALTER TABLE ONLY premium."contratacionTenan_planilla"
    ADD CONSTRAINT "contratacionTenan_planil_id_empleado_id_id_encabe_6d77b10b_uniq" UNIQUE (id_empleado_id, id_encabezado_id);


--
-- Name: contratacionTenan_planilla contratacionTenan_planilla_pkey; Type: CONSTRAINT; Schema: premium; Owner: postgres
--

ALTER TABLE ONLY premium."contratacionTenan_planilla"
    ADD CONSTRAINT "contratacionTenan_planilla_pkey" PRIMARY KEY (id);


--
-- Name: contratacionTenan_planillaencabezado contratacionTenan_planillaencabezado_pkey; Type: CONSTRAINT; Schema: premium; Owner: postgres
--

ALTER TABLE ONLY premium."contratacionTenan_planillaencabezado"
    ADD CONSTRAINT "contratacionTenan_planillaencabezado_pkey" PRIMARY KEY (id);


--
-- Name: contratacionTenan_prestamosregistropagos contratacionTenan_prestamosregistropagos_pkey; Type: CONSTRAINT; Schema: premium; Owner: postgres
--

ALTER TABLE ONLY premium."contratacionTenan_prestamosregistropagos"
    ADD CONSTRAINT "contratacionTenan_prestamosregistropagos_pkey" PRIMARY KEY (id);


--
-- Name: contratacionTenan_recordcrediticio contratacionTenan_recordcrediticio_pkey; Type: CONSTRAINT; Schema: premium; Owner: postgres
--

ALTER TABLE ONLY premium."contratacionTenan_recordcrediticio"
    ADD CONSTRAINT "contratacionTenan_recordcrediticio_pkey" PRIMARY KEY (id);


--
-- Name: django_content_type django_content_type_app_label_model_76bd3d3b_uniq; Type: CONSTRAINT; Schema: premium; Owner: postgres
--

ALTER TABLE ONLY premium.django_content_type
    ADD CONSTRAINT django_content_type_app_label_model_76bd3d3b_uniq UNIQUE (app_label, model);


--
-- Name: django_content_type django_content_type_pkey; Type: CONSTRAINT; Schema: premium; Owner: postgres
--

ALTER TABLE ONLY premium.django_content_type
    ADD CONSTRAINT django_content_type_pkey PRIMARY KEY (id);


--
-- Name: django_migrations django_migrations_pkey; Type: CONSTRAINT; Schema: premium; Owner: postgres
--

ALTER TABLE ONLY premium.django_migrations
    ADD CONSTRAINT django_migrations_pkey PRIMARY KEY (id);


--
-- Name: auth_group auth_group_name_key; Type: CONSTRAINT; Schema: public; Owner: postgres
--

ALTER TABLE ONLY public.auth_group
    ADD CONSTRAINT auth_group_name_key UNIQUE (name);


--
-- Name: auth_group_permissions auth_group_permissions_group_id_permission_id_0cd325b0_uniq; Type: CONSTRAINT; Schema: public; Owner: postgres
--

ALTER TABLE ONLY public.auth_group_permissions
    ADD CONSTRAINT auth_group_permissions_group_id_permission_id_0cd325b0_uniq UNIQUE (group_id, permission_id);


--
-- Name: auth_group_permissions auth_group_permissions_pkey; Type: CONSTRAINT; Schema: public; Owner: postgres
--

ALTER TABLE ONLY public.auth_group_permissions
    ADD CONSTRAINT auth_group_permissions_pkey PRIMARY KEY (id);


--
-- Name: auth_group auth_group_pkey; Type: CONSTRAINT; Schema: public; Owner: postgres
--

ALTER TABLE ONLY public.auth_group
    ADD CONSTRAINT auth_group_pkey PRIMARY KEY (id);


--
-- Name: auth_permission auth_permission_content_type_id_codename_01ab375a_uniq; Type: CONSTRAINT; Schema: public; Owner: postgres
--

ALTER TABLE ONLY public.auth_permission
    ADD CONSTRAINT auth_permission_content_type_id_codename_01ab375a_uniq UNIQUE (content_type_id, codename);


--
-- Name: auth_permission auth_permission_pkey; Type: CONSTRAINT; Schema: public; Owner: postgres
--

ALTER TABLE ONLY public.auth_permission
    ADD CONSTRAINT auth_permission_pkey PRIMARY KEY (id);


--
-- Name: authtoken_token authtoken_token_pkey; Type: CONSTRAINT; Schema: public; Owner: postgres
--

ALTER TABLE ONLY public.authtoken_token
    ADD CONSTRAINT authtoken_token_pkey PRIMARY KEY (key);


--
-- Name: authtoken_token authtoken_token_user_id_key; Type: CONSTRAINT; Schema: public; Owner: postgres
--

ALTER TABLE ONLY public.authtoken_token
    ADD CONSTRAINT authtoken_token_user_id_key UNIQUE (user_id);


--
-- Name: central_client central_client_pkey; Type: CONSTRAINT; Schema: public; Owner: postgres
--

ALTER TABLE ONLY public.central_client
    ADD CONSTRAINT central_client_pkey PRIMARY KEY (id);


--
-- Name: central_client central_client_schema_name_key; Type: CONSTRAINT; Schema: public; Owner: postgres
--

ALTER TABLE ONLY public.central_client
    ADD CONSTRAINT central_client_schema_name_key UNIQUE (schema_name);


--
-- Name: central_departamento central_departamento_codigo_key; Type: CONSTRAINT; Schema: public; Owner: postgres
--

ALTER TABLE ONLY public.central_departamento
    ADD CONSTRAINT central_departamento_codigo_key UNIQUE (codigo);


--
-- Name: central_departamento central_departamento_pkey; Type: CONSTRAINT; Schema: public; Owner: postgres
--

ALTER TABLE ONLY public.central_departamento
    ADD CONSTRAINT central_departamento_pkey PRIMARY KEY (id);


--
-- Name: central_direccion central_direccion_pkey; Type: CONSTRAINT; Schema: public; Owner: postgres
--

ALTER TABLE ONLY public.central_direccion
    ADD CONSTRAINT central_direccion_pkey PRIMARY KEY (id);


--
-- Name: central_domain central_domain_domain_key; Type: CONSTRAINT; Schema: public; Owner: postgres
--

ALTER TABLE ONLY public.central_domain
    ADD CONSTRAINT central_domain_domain_key UNIQUE (domain);


--
-- Name: central_domain central_domain_pkey; Type: CONSTRAINT; Schema: public; Owner: postgres
--

ALTER TABLE ONLY public.central_domain
    ADD CONSTRAINT central_domain_pkey PRIMARY KEY (id);


--
-- Name: central_institucionfinanciera central_institucionfinanciera_nombre_key; Type: CONSTRAINT; Schema: public; Owner: postgres
--

ALTER TABLE ONLY public.central_institucionfinanciera
    ADD CONSTRAINT central_institucionfinanciera_nombre_key UNIQUE (nombre);


--
-- Name: central_institucionfinanciera central_institucionfinanciera_pkey; Type: CONSTRAINT; Schema: public; Owner: postgres
--

ALTER TABLE ONLY public.central_institucionfinanciera
    ADD CONSTRAINT central_institucionfinanciera_pkey PRIMARY KEY (id);


--
-- Name: central_mes central_mes_pkey; Type: CONSTRAINT; Schema: public; Owner: postgres
--

ALTER TABLE ONLY public.central_mes
    ADD CONSTRAINT central_mes_pkey PRIMARY KEY (id);


--
-- Name: central_municipio central_municipio_pkey; Type: CONSTRAINT; Schema: public; Owner: postgres
--

ALTER TABLE ONLY public.central_municipio
    ADD CONSTRAINT central_municipio_pkey PRIMARY KEY (id);


--
-- Name: central_pais central_pais_nombre_key; Type: CONSTRAINT; Schema: public; Owner: postgres
--

ALTER TABLE ONLY public.central_pais
    ADD CONSTRAINT central_pais_nombre_key UNIQUE (nombre);


--
-- Name: central_pais central_pais_pkey; Type: CONSTRAINT; Schema: public; Owner: postgres
--

ALTER TABLE ONLY public.central_pais
    ADD CONSTRAINT central_pais_pkey PRIMARY KEY (id);


--
-- Name: central_sexo central_sexo_nombre_key; Type: CONSTRAINT; Schema: public; Owner: postgres
--

ALTER TABLE ONLY public.central_sexo
    ADD CONSTRAINT central_sexo_nombre_key UNIQUE (nombre);


--
-- Name: central_sexo central_sexo_pkey; Type: CONSTRAINT; Schema: public; Owner: postgres
--

ALTER TABLE ONLY public.central_sexo
    ADD CONSTRAINT central_sexo_pkey PRIMARY KEY (id);


--
-- Name: central_tipodeubicacion central_tipodeubicacion_nombre_key; Type: CONSTRAINT; Schema: public; Owner: postgres
--

ALTER TABLE ONLY public.central_tipodeubicacion
    ADD CONSTRAINT central_tipodeubicacion_nombre_key UNIQUE (nombre);


--
-- Name: central_tipodeubicacion central_tipodeubicacion_pkey; Type: CONSTRAINT; Schema: public; Owner: postgres
--

ALTER TABLE ONLY public.central_tipodeubicacion
    ADD CONSTRAINT central_tipodeubicacion_pkey PRIMARY KEY (id);


--
-- Name: central_tipoinstitucion central_tipoinstitucion_nombre_key; Type: CONSTRAINT; Schema: public; Owner: postgres
--

ALTER TABLE ONLY public.central_tipoinstitucion
    ADD CONSTRAINT central_tipoinstitucion_nombre_key UNIQUE (nombre);


--
-- Name: central_tipoinstitucion central_tipoinstitucion_pkey; Type: CONSTRAINT; Schema: public; Owner: postgres
--

ALTER TABLE ONLY public.central_tipoinstitucion
    ADD CONSTRAINT central_tipoinstitucion_pkey PRIMARY KEY (id);


--
-- Name: central_user_groups central_user_groups_pkey; Type: CONSTRAINT; Schema: public; Owner: postgres
--

ALTER TABLE ONLY public.central_user_groups
    ADD CONSTRAINT central_user_groups_pkey PRIMARY KEY (id);


--
-- Name: central_user_groups central_user_groups_user_id_group_id_b7a6ee28_uniq; Type: CONSTRAINT; Schema: public; Owner: postgres
--

ALTER TABLE ONLY public.central_user_groups
    ADD CONSTRAINT central_user_groups_user_id_group_id_b7a6ee28_uniq UNIQUE (user_id, group_id);


--
-- Name: central_user central_user_id_datos_personales_id_key; Type: CONSTRAINT; Schema: public; Owner: postgres
--

ALTER TABLE ONLY public.central_user
    ADD CONSTRAINT central_user_id_datos_personales_id_key UNIQUE (id_datos_personales_id);


--
-- Name: central_user central_user_pkey; Type: CONSTRAINT; Schema: public; Owner: postgres
--

ALTER TABLE ONLY public.central_user
    ADD CONSTRAINT central_user_pkey PRIMARY KEY (id);


--
-- Name: central_user_user_permissions central_user_user_permis_user_id_permission_id_def8c409_uniq; Type: CONSTRAINT; Schema: public; Owner: postgres
--

ALTER TABLE ONLY public.central_user_user_permissions
    ADD CONSTRAINT central_user_user_permis_user_id_permission_id_def8c409_uniq UNIQUE (user_id, permission_id);


--
-- Name: central_user_user_permissions central_user_user_permissions_pkey; Type: CONSTRAINT; Schema: public; Owner: postgres
--

ALTER TABLE ONLY public.central_user_user_permissions
    ADD CONSTRAINT central_user_user_permissions_pkey PRIMARY KEY (id);


--
-- Name: central_user central_user_username_key; Type: CONSTRAINT; Schema: public; Owner: postgres
--

ALTER TABLE ONLY public.central_user
    ADD CONSTRAINT central_user_username_key UNIQUE (username);


--
-- Name: central_zona central_zona_nombre_key; Type: CONSTRAINT; Schema: public; Owner: postgres
--

ALTER TABLE ONLY public.central_zona
    ADD CONSTRAINT central_zona_nombre_key UNIQUE (nombre);


--
-- Name: central_zona central_zona_pkey; Type: CONSTRAINT; Schema: public; Owner: postgres
--

ALTER TABLE ONLY public.central_zona
    ADD CONSTRAINT central_zona_pkey PRIMARY KEY (id);


--
-- Name: contratacion_contrato contratacion_contrato_pkey; Type: CONSTRAINT; Schema: public; Owner: postgres
--

ALTER TABLE ONLY public.contratacion_contrato
    ADD CONSTRAINT contratacion_contrato_pkey PRIMARY KEY (id);


--
-- Name: contratacion_cuentabanco contratacion_cuentabanco_numero_id_institucion_fi_76e76bb7_uniq; Type: CONSTRAINT; Schema: public; Owner: postgres
--

ALTER TABLE ONLY public.contratacion_cuentabanco
    ADD CONSTRAINT contratacion_cuentabanco_numero_id_institucion_fi_76e76bb7_uniq UNIQUE (numero, id_institucion_financiera_id);


--
-- Name: contratacion_cuentabanco contratacion_cuentabanco_pkey; Type: CONSTRAINT; Schema: public; Owner: postgres
--

ALTER TABLE ONLY public.contratacion_cuentabanco
    ADD CONSTRAINT contratacion_cuentabanco_pkey PRIMARY KEY (id);


--
-- Name: contratacion_datospersonales contratacion_datospersonales_dpi_key; Type: CONSTRAINT; Schema: public; Owner: postgres
--

ALTER TABLE ONLY public.contratacion_datospersonales
    ADD CONSTRAINT contratacion_datospersonales_dpi_key UNIQUE (dpi);


--
-- Name: contratacion_datospersonales contratacion_datospersonales_dui_key; Type: CONSTRAINT; Schema: public; Owner: postgres
--

ALTER TABLE ONLY public.contratacion_datospersonales
    ADD CONSTRAINT contratacion_datospersonales_dui_key UNIQUE (dui);


--
-- Name: contratacion_datospersonales contratacion_datospersonales_isss_key; Type: CONSTRAINT; Schema: public; Owner: postgres
--

ALTER TABLE ONLY public.contratacion_datospersonales
    ADD CONSTRAINT contratacion_datospersonales_isss_key UNIQUE (isss);


--
-- Name: contratacion_datospersonales contratacion_datospersonales_itfa_key; Type: CONSTRAINT; Schema: public; Owner: postgres
--

ALTER TABLE ONLY public.contratacion_datospersonales
    ADD CONSTRAINT contratacion_datospersonales_itfa_key UNIQUE (ipsfa);


--
-- Name: contratacion_datospersonales contratacion_datospersonales_nit_key; Type: CONSTRAINT; Schema: public; Owner: postgres
--

ALTER TABLE ONLY public.contratacion_datospersonales
    ADD CONSTRAINT contratacion_datospersonales_nit_key UNIQUE (nit);


--
-- Name: contratacion_datospersonales contratacion_datospersonales_nup_key; Type: CONSTRAINT; Schema: public; Owner: postgres
--

ALTER TABLE ONLY public.contratacion_datospersonales
    ADD CONSTRAINT contratacion_datospersonales_nup_key UNIQUE (nup);


--
-- Name: contratacion_datospersonales contratacion_datospersonales_pkey; Type: CONSTRAINT; Schema: public; Owner: postgres
--

ALTER TABLE ONLY public.contratacion_datospersonales
    ADD CONSTRAINT contratacion_datospersonales_pkey PRIMARY KEY (id);


--
-- Name: contratacion_dependiente contratacion_dependiente_pkey; Type: CONSTRAINT; Schema: public; Owner: postgres
--

ALTER TABLE ONLY public.contratacion_dependiente
    ADD CONSTRAINT contratacion_dependiente_pkey PRIMARY KEY (id);


--
-- Name: contratacion_estadocivil contratacion_estadocivil_nombre_key; Type: CONSTRAINT; Schema: public; Owner: postgres
--

ALTER TABLE ONLY public.contratacion_estadocivil
    ADD CONSTRAINT contratacion_estadocivil_nombre_key UNIQUE (nombre);


--
-- Name: contratacion_estadocivil contratacion_estadocivil_pkey; Type: CONSTRAINT; Schema: public; Owner: postgres
--

ALTER TABLE ONLY public.contratacion_estadocivil
    ADD CONSTRAINT contratacion_estadocivil_pkey PRIMARY KEY (id);


--
-- Name: contratacion_estudiopersona contratacion_estudiopersona_pkey; Type: CONSTRAINT; Schema: public; Owner: postgres
--

ALTER TABLE ONLY public.contratacion_estudiopersona
    ADD CONSTRAINT contratacion_estudiopersona_pkey PRIMARY KEY (id);


--
-- Name: contratacion_estudios contratacion_estudios_pkey; Type: CONSTRAINT; Schema: public; Owner: postgres
--

ALTER TABLE ONLY public.contratacion_estudios
    ADD CONSTRAINT contratacion_estudios_pkey PRIMARY KEY (id);


--
-- Name: contratacion_incrementosretencionesrangos contratacion_incrementosretencionesrangos_pkey; Type: CONSTRAINT; Schema: public; Owner: postgres
--

ALTER TABLE ONLY public.contratacion_incrementosretencionesrangos
    ADD CONSTRAINT contratacion_incrementosretencionesrangos_pkey PRIMARY KEY (id);


--
-- Name: contratacion_movimientodecremento contratacion_movimientodecremento_pkey; Type: CONSTRAINT; Schema: public; Owner: postgres
--

ALTER TABLE ONLY public.contratacion_movimientodecremento
    ADD CONSTRAINT contratacion_movimientodecremento_pkey PRIMARY KEY (id);


--
-- Name: contratacion_movimientoincremento contratacion_movimientoincremento_pkey; Type: CONSTRAINT; Schema: public; Owner: postgres
--

ALTER TABLE ONLY public.contratacion_movimientoincremento
    ADD CONSTRAINT contratacion_movimientoincremento_pkey PRIMARY KEY (id);


--
-- Name: contratacion_nivelempleado contratacion_nivelempleado_pkey; Type: CONSTRAINT; Schema: public; Owner: postgres
--

ALTER TABLE ONLY public.contratacion_nivelempleado
    ADD CONSTRAINT contratacion_nivelempleado_pkey PRIMARY KEY (id);


--
-- Name: contratacion_nivelestudio contratacion_nivelestudio_pkey; Type: CONSTRAINT; Schema: public; Owner: postgres
--

ALTER TABLE ONLY public.contratacion_nivelestudio
    ADD CONSTRAINT contratacion_nivelestudio_pkey PRIMARY KEY (id);


--
-- Name: contratacion_ocupacion contratacion_ocupacion_pkey; Type: CONSTRAINT; Schema: public; Owner: postgres
--

ALTER TABLE ONLY public.contratacion_ocupacion
    ADD CONSTRAINT contratacion_ocupacion_pkey PRIMARY KEY (id);


--
-- Name: contratacion_paramcotizacion contratacion_paramcotizacion_institucion_estado_adacf622_uniq; Type: CONSTRAINT; Schema: public; Owner: postgres
--

ALTER TABLE ONLY public.contratacion_paramcotizacion
    ADD CONSTRAINT contratacion_paramcotizacion_institucion_estado_adacf622_uniq UNIQUE (institucion, estado);


--
-- Name: contratacion_paramcotizacion contratacion_paramcotizacion_pkey; Type: CONSTRAINT; Schema: public; Owner: postgres
--

ALTER TABLE ONLY public.contratacion_paramcotizacion
    ADD CONSTRAINT contratacion_paramcotizacion_pkey PRIMARY KEY (id);


--
-- Name: contratacion_personaalergia contratacion_personaaler_id_datos_personales_id_i_86af06bd_uniq; Type: CONSTRAINT; Schema: public; Owner: postgres
--

ALTER TABLE ONLY public.contratacion_personaalergia
    ADD CONSTRAINT contratacion_personaaler_id_datos_personales_id_i_86af06bd_uniq UNIQUE (id_datos_personales_id, id_tipo_de_alergia_id);


--
-- Name: contratacion_personaalergia contratacion_personaalergia_pkey; Type: CONSTRAINT; Schema: public; Owner: postgres
--

ALTER TABLE ONLY public.contratacion_personaalergia
    ADD CONSTRAINT contratacion_personaalergia_pkey PRIMARY KEY (id);


--
-- Name: contratacion_personadiscapacidad contratacion_personadisc_id_datos_personales_id_i_cb20c481_uniq; Type: CONSTRAINT; Schema: public; Owner: postgres
--

ALTER TABLE ONLY public.contratacion_personadiscapacidad
    ADD CONSTRAINT contratacion_personadisc_id_datos_personales_id_i_cb20c481_uniq UNIQUE (id_datos_personales_id, id_tipo_de_discapacidad_id);


--
-- Name: contratacion_personadiscapacidad contratacion_personadiscapacidad_pkey; Type: CONSTRAINT; Schema: public; Owner: postgres
--

ALTER TABLE ONLY public.contratacion_personadiscapacidad
    ADD CONSTRAINT contratacion_personadiscapacidad_pkey PRIMARY KEY (id);


--
-- Name: contratacion_personanombrespordocumento contratacion_personanomb_id_tipo_de_documento_id__6d97c36c_uniq; Type: CONSTRAINT; Schema: public; Owner: postgres
--

ALTER TABLE ONLY public.contratacion_personanombrespordocumento
    ADD CONSTRAINT contratacion_personanomb_id_tipo_de_documento_id__6d97c36c_uniq UNIQUE (id_tipo_de_documento_id, id_datos_personales_id);


--
-- Name: contratacion_personanombrespordocumento contratacion_personanomb_id_tipo_de_documento_id__d0064bdc_uniq; Type: CONSTRAINT; Schema: public; Owner: postgres
--

ALTER TABLE ONLY public.contratacion_personanombrespordocumento
    ADD CONSTRAINT contratacion_personanomb_id_tipo_de_documento_id__d0064bdc_uniq UNIQUE (id_tipo_de_documento_id, numero);


--
-- Name: contratacion_personanombrespordocumento contratacion_personanombrespordocumento_pkey; Type: CONSTRAINT; Schema: public; Owner: postgres
--

ALTER TABLE ONLY public.contratacion_personanombrespordocumento
    ADD CONSTRAINT contratacion_personanombrespordocumento_pkey PRIMARY KEY (id);


--
-- Name: contratacion_personavacuna contratacion_personavacu_id_datos_personales_id_i_3d60fd7b_uniq; Type: CONSTRAINT; Schema: public; Owner: postgres
--

ALTER TABLE ONLY public.contratacion_personavacuna
    ADD CONSTRAINT contratacion_personavacu_id_datos_personales_id_i_3d60fd7b_uniq UNIQUE (id_datos_personales_id, id_tipo_de_vacuna_id);


--
-- Name: contratacion_personavacuna contratacion_personavacuna_pkey; Type: CONSTRAINT; Schema: public; Owner: postgres
--

ALTER TABLE ONLY public.contratacion_personavacuna
    ADD CONSTRAINT contratacion_personavacuna_pkey PRIMARY KEY (id);


--
-- Name: contratacion_planillaestado contratacion_planillaestado_pkey; Type: CONSTRAINT; Schema: public; Owner: postgres
--

ALTER TABLE ONLY public.contratacion_planillaestado
    ADD CONSTRAINT contratacion_planillaestado_pkey PRIMARY KEY (id);


--
-- Name: contratacion_planillatipo contratacion_planillatipo_pkey; Type: CONSTRAINT; Schema: public; Owner: postgres
--

ALTER TABLE ONLY public.contratacion_planillatipo
    ADD CONSTRAINT contratacion_planillatipo_pkey PRIMARY KEY (id);


--
-- Name: contratacion_prestamosregistropagos contratacion_prestamosregistropagos_pkey; Type: CONSTRAINT; Schema: public; Owner: postgres
--

ALTER TABLE ONLY public.contratacion_prestamosregistropagos
    ADD CONSTRAINT contratacion_prestamosregistropagos_pkey PRIMARY KEY (id);


--
-- Name: contratacion_profesion contratacion_profesion_pkey; Type: CONSTRAINT; Schema: public; Owner: postgres
--

ALTER TABLE ONLY public.contratacion_profesion
    ADD CONSTRAINT contratacion_profesion_pkey PRIMARY KEY (id);


--
-- Name: contratacion_profesiondui contratacion_profesiondui_pkey; Type: CONSTRAINT; Schema: public; Owner: postgres
--

ALTER TABLE ONLY public.contratacion_profesiondui
    ADD CONSTRAINT contratacion_profesiondui_pkey PRIMARY KEY (id);


--
-- Name: contratacion_project contratacion_project_pkey; Type: CONSTRAINT; Schema: public; Owner: postgres
--

ALTER TABLE ONLY public.contratacion_project
    ADD CONSTRAINT contratacion_project_pkey PRIMARY KEY (id);


--
-- Name: contratacion_registropagos contratacion_registropagos_pkey; Type: CONSTRAINT; Schema: public; Owner: postgres
--

ALTER TABLE ONLY public.contratacion_registropagos
    ADD CONSTRAINT contratacion_registropagos_pkey PRIMARY KEY (id);


--
-- Name: contratacion_tareas contratacion_tareas_pkey; Type: CONSTRAINT; Schema: public; Owner: postgres
--

ALTER TABLE ONLY public.contratacion_tareas
    ADD CONSTRAINT contratacion_tareas_pkey PRIMARY KEY (id);


--
-- Name: contratacion_tipoaccionpersonal contratacion_tipoaccionpersonal_nombre_key; Type: CONSTRAINT; Schema: public; Owner: postgres
--

ALTER TABLE ONLY public.contratacion_tipoaccionpersonal
    ADD CONSTRAINT contratacion_tipoaccionpersonal_nombre_key UNIQUE (nombre);


--
-- Name: contratacion_tipoaccionpersonal contratacion_tipoaccionpersonal_pkey; Type: CONSTRAINT; Schema: public; Owner: postgres
--

ALTER TABLE ONLY public.contratacion_tipoaccionpersonal
    ADD CONSTRAINT contratacion_tipoaccionpersonal_pkey PRIMARY KEY (id);


--
-- Name: contratacion_tipocontrato contratacion_tipocontrato_codigo_key; Type: CONSTRAINT; Schema: public; Owner: postgres
--

ALTER TABLE ONLY public.contratacion_tipocontrato
    ADD CONSTRAINT contratacion_tipocontrato_codigo_key UNIQUE (codigo);


--
-- Name: contratacion_tipocontrato contratacion_tipocontrato_pkey; Type: CONSTRAINT; Schema: public; Owner: postgres
--

ALTER TABLE ONLY public.contratacion_tipocontrato
    ADD CONSTRAINT contratacion_tipocontrato_pkey PRIMARY KEY (id);


--
-- Name: contratacion_tipodealergia contratacion_tipodealergia_nombre_key; Type: CONSTRAINT; Schema: public; Owner: postgres
--

ALTER TABLE ONLY public.contratacion_tipodealergia
    ADD CONSTRAINT contratacion_tipodealergia_nombre_key UNIQUE (nombre);


--
-- Name: contratacion_tipodealergia contratacion_tipodealergia_pkey; Type: CONSTRAINT; Schema: public; Owner: postgres
--

ALTER TABLE ONLY public.contratacion_tipodealergia
    ADD CONSTRAINT contratacion_tipodealergia_pkey PRIMARY KEY (id);


--
-- Name: contratacion_tipodediscapacidad contratacion_tipodediscapacidad_nombre_key; Type: CONSTRAINT; Schema: public; Owner: postgres
--

ALTER TABLE ONLY public.contratacion_tipodediscapacidad
    ADD CONSTRAINT contratacion_tipodediscapacidad_nombre_key UNIQUE (nombre);


--
-- Name: contratacion_tipodediscapacidad contratacion_tipodediscapacidad_pkey; Type: CONSTRAINT; Schema: public; Owner: postgres
--

ALTER TABLE ONLY public.contratacion_tipodediscapacidad
    ADD CONSTRAINT contratacion_tipodediscapacidad_pkey PRIMARY KEY (id);


--
-- Name: contratacion_tipodedocumento contratacion_tipodedocumento_pkey; Type: CONSTRAINT; Schema: public; Owner: postgres
--

ALTER TABLE ONLY public.contratacion_tipodedocumento
    ADD CONSTRAINT contratacion_tipodedocumento_pkey PRIMARY KEY (id);


--
-- Name: contratacion_tipodependiente contratacion_tipodependiente_codigo_key; Type: CONSTRAINT; Schema: public; Owner: postgres
--

ALTER TABLE ONLY public.contratacion_tipodependiente
    ADD CONSTRAINT contratacion_tipodependiente_codigo_key UNIQUE (codigo);


--
-- Name: contratacion_tipodependiente contratacion_tipodependiente_nombre_key; Type: CONSTRAINT; Schema: public; Owner: postgres
--

ALTER TABLE ONLY public.contratacion_tipodependiente
    ADD CONSTRAINT contratacion_tipodependiente_nombre_key UNIQUE (nombre);


--
-- Name: contratacion_tipodependiente contratacion_tipodependiente_pkey; Type: CONSTRAINT; Schema: public; Owner: postgres
--

ALTER TABLE ONLY public.contratacion_tipodependiente
    ADD CONSTRAINT contratacion_tipodependiente_pkey PRIMARY KEY (id);


--
-- Name: contratacion_tipodevacuna contratacion_tipodevacuna_nombre_key; Type: CONSTRAINT; Schema: public; Owner: postgres
--

ALTER TABLE ONLY public.contratacion_tipodevacuna
    ADD CONSTRAINT contratacion_tipodevacuna_nombre_key UNIQUE (nombre);


--
-- Name: contratacion_tipodevacuna contratacion_tipodevacuna_pkey; Type: CONSTRAINT; Schema: public; Owner: postgres
--

ALTER TABLE ONLY public.contratacion_tipodevacuna
    ADD CONSTRAINT contratacion_tipodevacuna_pkey PRIMARY KEY (id);


--
-- Name: contratacion_tipohora contratacion_tipohora_codigo_key; Type: CONSTRAINT; Schema: public; Owner: postgres
--

ALTER TABLE ONLY public.contratacion_tipohora
    ADD CONSTRAINT contratacion_tipohora_codigo_key UNIQUE (codigo);


--
-- Name: contratacion_tipohora contratacion_tipohora_pkey; Type: CONSTRAINT; Schema: public; Owner: postgres
--

ALTER TABLE ONLY public.contratacion_tipohora
    ADD CONSTRAINT contratacion_tipohora_pkey PRIMARY KEY (id);


--
-- Name: contratacion_tipoincrementoretencion contratacion_tipoincrementoretencion_nombre_key; Type: CONSTRAINT; Schema: public; Owner: postgres
--

ALTER TABLE ONLY public.contratacion_tipoincrementoretencion
    ADD CONSTRAINT contratacion_tipoincrementoretencion_nombre_key UNIQUE (nombre);


--
-- Name: contratacion_tipoincrementoretencion contratacion_tipoincrementoretencion_pkey; Type: CONSTRAINT; Schema: public; Owner: postgres
--

ALTER TABLE ONLY public.contratacion_tipoincrementoretencion
    ADD CONSTRAINT contratacion_tipoincrementoretencion_pkey PRIMARY KEY (id);


--
-- Name: contratacion_tipoperiodo contratacion_tipoperiodo_nombre_key; Type: CONSTRAINT; Schema: public; Owner: postgres
--

ALTER TABLE ONLY public.contratacion_tipoperiodo
    ADD CONSTRAINT contratacion_tipoperiodo_nombre_key UNIQUE (nombre);


--
-- Name: contratacion_tipoperiodo contratacion_tipoperiodo_pkey; Type: CONSTRAINT; Schema: public; Owner: postgres
--

ALTER TABLE ONLY public.contratacion_tipoperiodo
    ADD CONSTRAINT contratacion_tipoperiodo_pkey PRIMARY KEY (id);


--
-- Name: contratacion_tiposalario contratacion_tiposalario_pkey; Type: CONSTRAINT; Schema: public; Owner: postgres
--

ALTER TABLE ONLY public.contratacion_tiposalario
    ADD CONSTRAINT contratacion_tiposalario_pkey PRIMARY KEY (id);


--
-- Name: django_admin_log django_admin_log_pkey; Type: CONSTRAINT; Schema: public; Owner: postgres
--

ALTER TABLE ONLY public.django_admin_log
    ADD CONSTRAINT django_admin_log_pkey PRIMARY KEY (id);


--
-- Name: django_content_type django_content_type_app_label_model_76bd3d3b_uniq; Type: CONSTRAINT; Schema: public; Owner: postgres
--

ALTER TABLE ONLY public.django_content_type
    ADD CONSTRAINT django_content_type_app_label_model_76bd3d3b_uniq UNIQUE (app_label, model);


--
-- Name: django_content_type django_content_type_pkey; Type: CONSTRAINT; Schema: public; Owner: postgres
--

ALTER TABLE ONLY public.django_content_type
    ADD CONSTRAINT django_content_type_pkey PRIMARY KEY (id);


--
-- Name: django_migrations django_migrations_pkey; Type: CONSTRAINT; Schema: public; Owner: postgres
--

ALTER TABLE ONLY public.django_migrations
    ADD CONSTRAINT django_migrations_pkey PRIMARY KEY (id);


--
-- Name: django_session django_session_pkey; Type: CONSTRAINT; Schema: public; Owner: postgres
--

ALTER TABLE ONLY public.django_session
    ADD CONSTRAINT django_session_pkey PRIMARY KEY (session_key);


--
-- Name: token_blacklist_blacklistedtoken token_blacklist_blacklistedtoken_pkey; Type: CONSTRAINT; Schema: public; Owner: postgres
--

ALTER TABLE ONLY public.token_blacklist_blacklistedtoken
    ADD CONSTRAINT token_blacklist_blacklistedtoken_pkey PRIMARY KEY (id);


--
-- Name: token_blacklist_blacklistedtoken token_blacklist_blacklistedtoken_token_id_key; Type: CONSTRAINT; Schema: public; Owner: postgres
--

ALTER TABLE ONLY public.token_blacklist_blacklistedtoken
    ADD CONSTRAINT token_blacklist_blacklistedtoken_token_id_key UNIQUE (token_id);


--
-- Name: token_blacklist_outstandingtoken token_blacklist_outstandingtoken_jti_hex_d9bdf6f7_uniq; Type: CONSTRAINT; Schema: public; Owner: postgres
--

ALTER TABLE ONLY public.token_blacklist_outstandingtoken
    ADD CONSTRAINT token_blacklist_outstandingtoken_jti_hex_d9bdf6f7_uniq UNIQUE (jti);


--
-- Name: token_blacklist_outstandingtoken token_blacklist_outstandingtoken_pkey; Type: CONSTRAINT; Schema: public; Owner: postgres
--

ALTER TABLE ONLY public.token_blacklist_outstandingtoken
    ADD CONSTRAINT token_blacklist_outstandingtoken_pkey PRIMARY KEY (id);


--
-- Name: centralTenan_area centralTenan_area_codigo_key; Type: CONSTRAINT; Schema: svinprocasa; Owner: postgres
--

ALTER TABLE ONLY svinprocasa."centralTenan_area"
    ADD CONSTRAINT "centralTenan_area_codigo_key" UNIQUE (codigo);


--
-- Name: centralTenan_area centralTenan_area_nombre_key; Type: CONSTRAINT; Schema: svinprocasa; Owner: postgres
--

ALTER TABLE ONLY svinprocasa."centralTenan_area"
    ADD CONSTRAINT "centralTenan_area_nombre_key" UNIQUE (nombre);


--
-- Name: centralTenan_area centralTenan_area_pkey; Type: CONSTRAINT; Schema: svinprocasa; Owner: postgres
--

ALTER TABLE ONLY svinprocasa."centralTenan_area"
    ADD CONSTRAINT "centralTenan_area_pkey" PRIMARY KEY (id);


--
-- Name: centralTenan_centrodecosto centralTenan_centrodecosto_codigo_key; Type: CONSTRAINT; Schema: svinprocasa; Owner: postgres
--

ALTER TABLE ONLY svinprocasa."centralTenan_centrodecosto"
    ADD CONSTRAINT "centralTenan_centrodecosto_codigo_key" UNIQUE (codigo);


--
-- Name: centralTenan_centrodecosto centralTenan_centrodecosto_nombre_key; Type: CONSTRAINT; Schema: svinprocasa; Owner: postgres
--

ALTER TABLE ONLY svinprocasa."centralTenan_centrodecosto"
    ADD CONSTRAINT "centralTenan_centrodecosto_nombre_key" UNIQUE (nombre);


--
-- Name: centralTenan_centrodecosto centralTenan_centrodecosto_pkey; Type: CONSTRAINT; Schema: svinprocasa; Owner: postgres
--

ALTER TABLE ONLY svinprocasa."centralTenan_centrodecosto"
    ADD CONSTRAINT "centralTenan_centrodecosto_pkey" PRIMARY KEY (id);


--
-- Name: centralTenan_ubicacion centralTenan_ubicacion_codigo_key; Type: CONSTRAINT; Schema: svinprocasa; Owner: postgres
--

ALTER TABLE ONLY svinprocasa."centralTenan_ubicacion"
    ADD CONSTRAINT "centralTenan_ubicacion_codigo_key" UNIQUE (codigo);


--
-- Name: centralTenan_ubicacion centralTenan_ubicacion_nombre_key; Type: CONSTRAINT; Schema: svinprocasa; Owner: postgres
--

ALTER TABLE ONLY svinprocasa."centralTenan_ubicacion"
    ADD CONSTRAINT "centralTenan_ubicacion_nombre_key" UNIQUE (nombre);


--
-- Name: centralTenan_ubicacion centralTenan_ubicacion_pkey; Type: CONSTRAINT; Schema: svinprocasa; Owner: postgres
--

ALTER TABLE ONLY svinprocasa."centralTenan_ubicacion"
    ADD CONSTRAINT "centralTenan_ubicacion_pkey" PRIMARY KEY (id);


--
-- Name: contratacionTenan_accionpersonal contratacionTenan_accionpersonal_pkey; Type: CONSTRAINT; Schema: svinprocasa; Owner: postgres
--

ALTER TABLE ONLY svinprocasa."contratacionTenan_accionpersonal"
    ADD CONSTRAINT "contratacionTenan_accionpersonal_pkey" PRIMARY KEY (id);


--
-- Name: contratacionTenan_cargo contratacionTenan_cargo_codigo_key; Type: CONSTRAINT; Schema: svinprocasa; Owner: postgres
--

ALTER TABLE ONLY svinprocasa."contratacionTenan_cargo"
    ADD CONSTRAINT "contratacionTenan_cargo_codigo_key" UNIQUE (codigo);


--
-- Name: contratacionTenan_cargo contratacionTenan_cargo_pkey; Type: CONSTRAINT; Schema: svinprocasa; Owner: postgres
--

ALTER TABLE ONLY svinprocasa."contratacionTenan_cargo"
    ADD CONSTRAINT "contratacionTenan_cargo_pkey" PRIMARY KEY (id);


--
-- Name: contratacionTenan_detalleplanilla contratacionTenan_detalleplanilla_pkey; Type: CONSTRAINT; Schema: svinprocasa; Owner: postgres
--

ALTER TABLE ONLY svinprocasa."contratacionTenan_detalleplanilla"
    ADD CONSTRAINT "contratacionTenan_detalleplanilla_pkey" PRIMARY KEY (id);


--
-- Name: contratacionTenan_empleado contratacionTenan_empleado_codigo_empleado_id_478de8a3_uniq; Type: CONSTRAINT; Schema: svinprocasa; Owner: postgres
--

ALTER TABLE ONLY svinprocasa."contratacionTenan_empleado"
    ADD CONSTRAINT "contratacionTenan_empleado_codigo_empleado_id_478de8a3_uniq" UNIQUE (codigo_empleado, id);


--
-- Name: contratacionTenan_empleado contratacionTenan_empleado_pkey; Type: CONSTRAINT; Schema: svinprocasa; Owner: postgres
--

ALTER TABLE ONLY svinprocasa."contratacionTenan_empleado"
    ADD CONSTRAINT "contratacionTenan_empleado_pkey" PRIMARY KEY (id);


--
-- Name: contratacionTenan_movaplicadecremento contratacionTenan_movaplicadecremento_pkey; Type: CONSTRAINT; Schema: svinprocasa; Owner: postgres
--

ALTER TABLE ONLY svinprocasa."contratacionTenan_movaplicadecremento"
    ADD CONSTRAINT "contratacionTenan_movaplicadecremento_pkey" PRIMARY KEY (id);


--
-- Name: contratacionTenan_movaplicaincremento contratacionTenan_movaplicaincremento_pkey; Type: CONSTRAINT; Schema: svinprocasa; Owner: postgres
--

ALTER TABLE ONLY svinprocasa."contratacionTenan_movaplicaincremento"
    ADD CONSTRAINT "contratacionTenan_movaplicaincremento_pkey" PRIMARY KEY (id);


--
-- Name: contratacionTenan_ordendescuento contratacionTenan_ordendescuento_pkey; Type: CONSTRAINT; Schema: svinprocasa; Owner: postgres
--

ALTER TABLE ONLY svinprocasa."contratacionTenan_ordendescuento"
    ADD CONSTRAINT "contratacionTenan_ordendescuento_pkey" PRIMARY KEY (id);


--
-- Name: contratacionTenan_periodo contratacionTenan_periodo_anio_mes_id_quincena_5457349f_uniq; Type: CONSTRAINT; Schema: svinprocasa; Owner: postgres
--

ALTER TABLE ONLY svinprocasa."contratacionTenan_periodo"
    ADD CONSTRAINT "contratacionTenan_periodo_anio_mes_id_quincena_5457349f_uniq" UNIQUE (anio, mes_id, quincena);


--
-- Name: contratacionTenan_periodo contratacionTenan_periodo_pkey; Type: CONSTRAINT; Schema: svinprocasa; Owner: postgres
--

ALTER TABLE ONLY svinprocasa."contratacionTenan_periodo"
    ADD CONSTRAINT "contratacionTenan_periodo_pkey" PRIMARY KEY (id);


--
-- Name: contratacionTenan_planilla contratacionTenan_planil_id_empleado_id_id_encabe_6d77b10b_uniq; Type: CONSTRAINT; Schema: svinprocasa; Owner: postgres
--

ALTER TABLE ONLY svinprocasa."contratacionTenan_planilla"
    ADD CONSTRAINT "contratacionTenan_planil_id_empleado_id_id_encabe_6d77b10b_uniq" UNIQUE (id_empleado_id, id_encabezado_id);


--
-- Name: contratacionTenan_planilla contratacionTenan_planilla_pkey; Type: CONSTRAINT; Schema: svinprocasa; Owner: postgres
--

ALTER TABLE ONLY svinprocasa."contratacionTenan_planilla"
    ADD CONSTRAINT "contratacionTenan_planilla_pkey" PRIMARY KEY (id);


--
-- Name: contratacionTenan_planillaencabezado contratacionTenan_planillaencabezado_pkey; Type: CONSTRAINT; Schema: svinprocasa; Owner: postgres
--

ALTER TABLE ONLY svinprocasa."contratacionTenan_planillaencabezado"
    ADD CONSTRAINT "contratacionTenan_planillaencabezado_pkey" PRIMARY KEY (id);


--
-- Name: contratacionTenan_prestamosregistropagos contratacionTenan_prestamosregistropagos_pkey; Type: CONSTRAINT; Schema: svinprocasa; Owner: postgres
--

ALTER TABLE ONLY svinprocasa."contratacionTenan_prestamosregistropagos"
    ADD CONSTRAINT "contratacionTenan_prestamosregistropagos_pkey" PRIMARY KEY (id);


--
-- Name: contratacionTenan_recordcrediticio contratacionTenan_recordcrediticio_pkey; Type: CONSTRAINT; Schema: svinprocasa; Owner: postgres
--

ALTER TABLE ONLY svinprocasa."contratacionTenan_recordcrediticio"
    ADD CONSTRAINT "contratacionTenan_recordcrediticio_pkey" PRIMARY KEY (id);


--
-- Name: django_content_type django_content_type_app_label_model_76bd3d3b_uniq; Type: CONSTRAINT; Schema: svinprocasa; Owner: postgres
--

ALTER TABLE ONLY svinprocasa.django_content_type
    ADD CONSTRAINT django_content_type_app_label_model_76bd3d3b_uniq UNIQUE (app_label, model);


--
-- Name: django_content_type django_content_type_pkey; Type: CONSTRAINT; Schema: svinprocasa; Owner: postgres
--

ALTER TABLE ONLY svinprocasa.django_content_type
    ADD CONSTRAINT django_content_type_pkey PRIMARY KEY (id);


--
-- Name: django_migrations django_migrations_pkey; Type: CONSTRAINT; Schema: svinprocasa; Owner: postgres
--

ALTER TABLE ONLY svinprocasa.django_migrations
    ADD CONSTRAINT django_migrations_pkey PRIMARY KEY (id);


--
-- Name: centralTenan_area centralTenan_area_codigo_key; Type: CONSTRAINT; Schema: svmegatelas; Owner: postgres
--

ALTER TABLE ONLY svmegatelas."centralTenan_area"
    ADD CONSTRAINT "centralTenan_area_codigo_key" UNIQUE (codigo);


--
-- Name: centralTenan_area centralTenan_area_nombre_key; Type: CONSTRAINT; Schema: svmegatelas; Owner: postgres
--

ALTER TABLE ONLY svmegatelas."centralTenan_area"
    ADD CONSTRAINT "centralTenan_area_nombre_key" UNIQUE (nombre);


--
-- Name: centralTenan_area centralTenan_area_pkey; Type: CONSTRAINT; Schema: svmegatelas; Owner: postgres
--

ALTER TABLE ONLY svmegatelas."centralTenan_area"
    ADD CONSTRAINT "centralTenan_area_pkey" PRIMARY KEY (id);


--
-- Name: centralTenan_centrodecosto centralTenan_centrodecosto_codigo_key; Type: CONSTRAINT; Schema: svmegatelas; Owner: postgres
--

ALTER TABLE ONLY svmegatelas."centralTenan_centrodecosto"
    ADD CONSTRAINT "centralTenan_centrodecosto_codigo_key" UNIQUE (codigo);


--
-- Name: centralTenan_centrodecosto centralTenan_centrodecosto_nombre_key; Type: CONSTRAINT; Schema: svmegatelas; Owner: postgres
--

ALTER TABLE ONLY svmegatelas."centralTenan_centrodecosto"
    ADD CONSTRAINT "centralTenan_centrodecosto_nombre_key" UNIQUE (nombre);


--
-- Name: centralTenan_centrodecosto centralTenan_centrodecosto_pkey; Type: CONSTRAINT; Schema: svmegatelas; Owner: postgres
--

ALTER TABLE ONLY svmegatelas."centralTenan_centrodecosto"
    ADD CONSTRAINT "centralTenan_centrodecosto_pkey" PRIMARY KEY (id);


--
-- Name: centralTenan_ubicacion centralTenan_ubicacion_codigo_key; Type: CONSTRAINT; Schema: svmegatelas; Owner: postgres
--

ALTER TABLE ONLY svmegatelas."centralTenan_ubicacion"
    ADD CONSTRAINT "centralTenan_ubicacion_codigo_key" UNIQUE (codigo);


--
-- Name: centralTenan_ubicacion centralTenan_ubicacion_nombre_key; Type: CONSTRAINT; Schema: svmegatelas; Owner: postgres
--

ALTER TABLE ONLY svmegatelas."centralTenan_ubicacion"
    ADD CONSTRAINT "centralTenan_ubicacion_nombre_key" UNIQUE (nombre);


--
-- Name: centralTenan_ubicacion centralTenan_ubicacion_pkey; Type: CONSTRAINT; Schema: svmegatelas; Owner: postgres
--

ALTER TABLE ONLY svmegatelas."centralTenan_ubicacion"
    ADD CONSTRAINT "centralTenan_ubicacion_pkey" PRIMARY KEY (id);


--
-- Name: contratacionTenan_accionpersonal contratacionTenan_accionpersonal_pkey; Type: CONSTRAINT; Schema: svmegatelas; Owner: postgres
--

ALTER TABLE ONLY svmegatelas."contratacionTenan_accionpersonal"
    ADD CONSTRAINT "contratacionTenan_accionpersonal_pkey" PRIMARY KEY (id);


--
-- Name: contratacionTenan_cargo contratacionTenan_cargo_codigo_key; Type: CONSTRAINT; Schema: svmegatelas; Owner: postgres
--

ALTER TABLE ONLY svmegatelas."contratacionTenan_cargo"
    ADD CONSTRAINT "contratacionTenan_cargo_codigo_key" UNIQUE (codigo);


--
-- Name: contratacionTenan_cargo contratacionTenan_cargo_pkey; Type: CONSTRAINT; Schema: svmegatelas; Owner: postgres
--

ALTER TABLE ONLY svmegatelas."contratacionTenan_cargo"
    ADD CONSTRAINT "contratacionTenan_cargo_pkey" PRIMARY KEY (id);


--
-- Name: contratacionTenan_detalleplanilla contratacionTenan_detalleplanilla_pkey; Type: CONSTRAINT; Schema: svmegatelas; Owner: postgres
--

ALTER TABLE ONLY svmegatelas."contratacionTenan_detalleplanilla"
    ADD CONSTRAINT "contratacionTenan_detalleplanilla_pkey" PRIMARY KEY (id);


--
-- Name: contratacionTenan_empleado contratacionTenan_empleado_codigo_empleado_id_478de8a3_uniq; Type: CONSTRAINT; Schema: svmegatelas; Owner: postgres
--

ALTER TABLE ONLY svmegatelas."contratacionTenan_empleado"
    ADD CONSTRAINT "contratacionTenan_empleado_codigo_empleado_id_478de8a3_uniq" UNIQUE (codigo_empleado, id);


--
-- Name: contratacionTenan_empleado contratacionTenan_empleado_pkey; Type: CONSTRAINT; Schema: svmegatelas; Owner: postgres
--

ALTER TABLE ONLY svmegatelas."contratacionTenan_empleado"
    ADD CONSTRAINT "contratacionTenan_empleado_pkey" PRIMARY KEY (id);


--
-- Name: contratacionTenan_movaplicadecremento contratacionTenan_movaplicadecremento_pkey; Type: CONSTRAINT; Schema: svmegatelas; Owner: postgres
--

ALTER TABLE ONLY svmegatelas."contratacionTenan_movaplicadecremento"
    ADD CONSTRAINT "contratacionTenan_movaplicadecremento_pkey" PRIMARY KEY (id);


--
-- Name: contratacionTenan_movaplicaincremento contratacionTenan_movaplicaincremento_pkey; Type: CONSTRAINT; Schema: svmegatelas; Owner: postgres
--

ALTER TABLE ONLY svmegatelas."contratacionTenan_movaplicaincremento"
    ADD CONSTRAINT "contratacionTenan_movaplicaincremento_pkey" PRIMARY KEY (id);


--
-- Name: contratacionTenan_ordendescuento contratacionTenan_ordendescuento_pkey; Type: CONSTRAINT; Schema: svmegatelas; Owner: postgres
--

ALTER TABLE ONLY svmegatelas."contratacionTenan_ordendescuento"
    ADD CONSTRAINT "contratacionTenan_ordendescuento_pkey" PRIMARY KEY (id);


--
-- Name: contratacionTenan_periodo contratacionTenan_periodo_anio_mes_id_quincena_5457349f_uniq; Type: CONSTRAINT; Schema: svmegatelas; Owner: postgres
--

ALTER TABLE ONLY svmegatelas."contratacionTenan_periodo"
    ADD CONSTRAINT "contratacionTenan_periodo_anio_mes_id_quincena_5457349f_uniq" UNIQUE (anio, mes_id, quincena);


--
-- Name: contratacionTenan_periodo contratacionTenan_periodo_pkey; Type: CONSTRAINT; Schema: svmegatelas; Owner: postgres
--

ALTER TABLE ONLY svmegatelas."contratacionTenan_periodo"
    ADD CONSTRAINT "contratacionTenan_periodo_pkey" PRIMARY KEY (id);


--
-- Name: contratacionTenan_planilla contratacionTenan_planil_id_empleado_id_id_encabe_6d77b10b_uniq; Type: CONSTRAINT; Schema: svmegatelas; Owner: postgres
--

ALTER TABLE ONLY svmegatelas."contratacionTenan_planilla"
    ADD CONSTRAINT "contratacionTenan_planil_id_empleado_id_id_encabe_6d77b10b_uniq" UNIQUE (id_empleado_id, id_encabezado_id);


--
-- Name: contratacionTenan_planilla contratacionTenan_planilla_pkey; Type: CONSTRAINT; Schema: svmegatelas; Owner: postgres
--

ALTER TABLE ONLY svmegatelas."contratacionTenan_planilla"
    ADD CONSTRAINT "contratacionTenan_planilla_pkey" PRIMARY KEY (id);


--
-- Name: contratacionTenan_planillaencabezado contratacionTenan_planillaencabezado_pkey; Type: CONSTRAINT; Schema: svmegatelas; Owner: postgres
--

ALTER TABLE ONLY svmegatelas."contratacionTenan_planillaencabezado"
    ADD CONSTRAINT "contratacionTenan_planillaencabezado_pkey" PRIMARY KEY (id);


--
-- Name: contratacionTenan_prestamosregistropagos contratacionTenan_prestamosregistropagos_pkey; Type: CONSTRAINT; Schema: svmegatelas; Owner: postgres
--

ALTER TABLE ONLY svmegatelas."contratacionTenan_prestamosregistropagos"
    ADD CONSTRAINT "contratacionTenan_prestamosregistropagos_pkey" PRIMARY KEY (id);


--
-- Name: contratacionTenan_recordcrediticio contratacionTenan_recordcrediticio_pkey; Type: CONSTRAINT; Schema: svmegatelas; Owner: postgres
--

ALTER TABLE ONLY svmegatelas."contratacionTenan_recordcrediticio"
    ADD CONSTRAINT "contratacionTenan_recordcrediticio_pkey" PRIMARY KEY (id);


--
-- Name: django_content_type django_content_type_app_label_model_76bd3d3b_uniq; Type: CONSTRAINT; Schema: svmegatelas; Owner: postgres
--

ALTER TABLE ONLY svmegatelas.django_content_type
    ADD CONSTRAINT django_content_type_app_label_model_76bd3d3b_uniq UNIQUE (app_label, model);


--
-- Name: django_content_type django_content_type_pkey; Type: CONSTRAINT; Schema: svmegatelas; Owner: postgres
--

ALTER TABLE ONLY svmegatelas.django_content_type
    ADD CONSTRAINT django_content_type_pkey PRIMARY KEY (id);


--
-- Name: django_migrations django_migrations_pkey; Type: CONSTRAINT; Schema: svmegatelas; Owner: postgres
--

ALTER TABLE ONLY svmegatelas.django_migrations
    ADD CONSTRAINT django_migrations_pkey PRIMARY KEY (id);


--
-- Name: centralTenan_area_codigo_5cf0e872_like; Type: INDEX; Schema: bomba; Owner: postgres
--

CREATE INDEX "centralTenan_area_codigo_5cf0e872_like" ON bomba."centralTenan_area" USING btree (codigo varchar_pattern_ops);


--
-- Name: centralTenan_area_id_director_id_9aea4ac9; Type: INDEX; Schema: bomba; Owner: postgres
--

CREATE INDEX "centralTenan_area_id_director_id_9aea4ac9" ON bomba."centralTenan_area" USING btree (id_director_id);


--
-- Name: centralTenan_area_nombre_6fd05e5f_like; Type: INDEX; Schema: bomba; Owner: postgres
--

CREATE INDEX "centralTenan_area_nombre_6fd05e5f_like" ON bomba."centralTenan_area" USING btree (nombre varchar_pattern_ops);


--
-- Name: centralTenan_centrodecosto_codigo_9e998a8e_like; Type: INDEX; Schema: bomba; Owner: postgres
--

CREATE INDEX "centralTenan_centrodecosto_codigo_9e998a8e_like" ON bomba."centralTenan_centrodecosto" USING btree (codigo varchar_pattern_ops);


--
-- Name: centralTenan_centrodecosto_nombre_7583740c_like; Type: INDEX; Schema: bomba; Owner: postgres
--

CREATE INDEX "centralTenan_centrodecosto_nombre_7583740c_like" ON bomba."centralTenan_centrodecosto" USING btree (nombre varchar_pattern_ops);


--
-- Name: centralTenan_ubicacion_codigo_93e990c9_like; Type: INDEX; Schema: bomba; Owner: postgres
--

CREATE INDEX "centralTenan_ubicacion_codigo_93e990c9_like" ON bomba."centralTenan_ubicacion" USING btree (codigo varchar_pattern_ops);


--
-- Name: centralTenan_ubicacion_id_tipo_de_ubicacion_id_c0f66a04; Type: INDEX; Schema: bomba; Owner: postgres
--

CREATE INDEX "centralTenan_ubicacion_id_tipo_de_ubicacion_id_c0f66a04" ON bomba."centralTenan_ubicacion" USING btree (id_tipo_de_ubicacion_id);


--
-- Name: centralTenan_ubicacion_nombre_c58777a2_like; Type: INDEX; Schema: bomba; Owner: postgres
--

CREATE INDEX "centralTenan_ubicacion_nombre_c58777a2_like" ON bomba."centralTenan_ubicacion" USING btree (nombre varchar_pattern_ops);


--
-- Name: contratacionTenan_accionpe_id_tipo_accion_personal_id_809e8ae4; Type: INDEX; Schema: bomba; Owner: postgres
--

CREATE INDEX "contratacionTenan_accionpe_id_tipo_accion_personal_id_809e8ae4" ON bomba."contratacionTenan_accionpersonal" USING btree (id_tipo_accion_personal_id);


--
-- Name: contratacionTenan_accionpersonal_cargo_nuevo_id_56e694e5; Type: INDEX; Schema: bomba; Owner: postgres
--

CREATE INDEX "contratacionTenan_accionpersonal_cargo_nuevo_id_56e694e5" ON bomba."contratacionTenan_accionpersonal" USING btree (cargo_nuevo_id);


--
-- Name: contratacionTenan_accionpersonal_ccosto_nuevo_id_fa49b1bd; Type: INDEX; Schema: bomba; Owner: postgres
--

CREATE INDEX "contratacionTenan_accionpersonal_ccosto_nuevo_id_fa49b1bd" ON bomba."contratacionTenan_accionpersonal" USING btree (id_centro_de_costo_id);


--
-- Name: contratacionTenan_accionpersonal_departamento_nuevo_id_2915a084; Type: INDEX; Schema: bomba; Owner: postgres
--

CREATE INDEX "contratacionTenan_accionpersonal_departamento_nuevo_id_2915a084" ON bomba."contratacionTenan_accionpersonal" USING btree (departamento_nuevo_id);


--
-- Name: contratacionTenan_accionpersonal_id_afectado_id_496816fa; Type: INDEX; Schema: bomba; Owner: postgres
--

CREATE INDEX "contratacionTenan_accionpersonal_id_afectado_id_496816fa" ON bomba."contratacionTenan_accionpersonal" USING btree (id_afectado_id);


--
-- Name: contratacionTenan_accionpersonal_id_cargo_id_2702d0b5; Type: INDEX; Schema: bomba; Owner: postgres
--

CREATE INDEX "contratacionTenan_accionpersonal_id_cargo_id_2702d0b5" ON bomba."contratacionTenan_accionpersonal" USING btree (id_cargo_id);


--
-- Name: contratacionTenan_accionpersonal_id_departamento_id_399ca0d8; Type: INDEX; Schema: bomba; Owner: postgres
--

CREATE INDEX "contratacionTenan_accionpersonal_id_departamento_id_399ca0d8" ON bomba."contratacionTenan_accionpersonal" USING btree (id_departamento_id);


--
-- Name: contratacionTenan_accionpersonal_id_director_area_id_6301dfb0; Type: INDEX; Schema: bomba; Owner: postgres
--

CREATE INDEX "contratacionTenan_accionpersonal_id_director_area_id_6301dfb0" ON bomba."contratacionTenan_accionpersonal" USING btree (id_director_area_id);


--
-- Name: contratacionTenan_accionpersonal_id_encargado_id_094e9892; Type: INDEX; Schema: bomba; Owner: postgres
--

CREATE INDEX "contratacionTenan_accionpersonal_id_encargado_id_094e9892" ON bomba."contratacionTenan_accionpersonal" USING btree (id_encargado_id);


--
-- Name: contratacionTenan_accionpersonal_id_gerente_general_id_9d690726; Type: INDEX; Schema: bomba; Owner: postgres
--

CREATE INDEX "contratacionTenan_accionpersonal_id_gerente_general_id_9d690726" ON bomba."contratacionTenan_accionpersonal" USING btree (id_gerente_general_id);


--
-- Name: contratacionTenan_accionpersonal_id_gerente_rhu_id_8daf2c37; Type: INDEX; Schema: bomba; Owner: postgres
--

CREATE INDEX "contratacionTenan_accionpersonal_id_gerente_rhu_id_8daf2c37" ON bomba."contratacionTenan_accionpersonal" USING btree (id_gerente_rhu_id);


--
-- Name: contratacionTenan_accionpersonal_id_municipio_id_478b8450; Type: INDEX; Schema: bomba; Owner: postgres
--

CREATE INDEX "contratacionTenan_accionpersonal_id_municipio_id_478b8450" ON bomba."contratacionTenan_accionpersonal" USING btree (id_municipio_id);


--
-- Name: contratacionTenan_accionpersonal_id_sexo_id_316c8633; Type: INDEX; Schema: bomba; Owner: postgres
--

CREATE INDEX "contratacionTenan_accionpersonal_id_sexo_id_316c8633" ON bomba."contratacionTenan_accionpersonal" USING btree (id_sexo_id);


--
-- Name: contratacionTenan_accionpersonal_ubicacion_nuevo_id_6a25633f; Type: INDEX; Schema: bomba; Owner: postgres
--

CREATE INDEX "contratacionTenan_accionpersonal_ubicacion_nuevo_id_6a25633f" ON bomba."contratacionTenan_accionpersonal" USING btree (id_ubicacion_id);


--
-- Name: contratacionTenan_cargo_codigo_33e3e212_like; Type: INDEX; Schema: bomba; Owner: postgres
--

CREATE INDEX "contratacionTenan_cargo_codigo_33e3e212_like" ON bomba."contratacionTenan_cargo" USING btree (codigo varchar_pattern_ops);


--
-- Name: contratacionTenan_cargo_id_nivel_empleado_id_c93603a7; Type: INDEX; Schema: bomba; Owner: postgres
--

CREATE INDEX "contratacionTenan_cargo_id_nivel_empleado_id_c93603a7" ON bomba."contratacionTenan_cargo" USING btree (id_nivel_empleado_id);


--
-- Name: contratacionTenan_detallep_id_tipo_incremento_retenci_01ebf41f; Type: INDEX; Schema: bomba; Owner: postgres
--

CREATE INDEX "contratacionTenan_detallep_id_tipo_incremento_retenci_01ebf41f" ON bomba."contratacionTenan_detalleplanilla" USING btree (id_tipo_incremento_retencion_id);


--
-- Name: contratacionTenan_detalleplanilla_id_planilla_id_8e542d5c; Type: INDEX; Schema: bomba; Owner: postgres
--

CREATE INDEX "contratacionTenan_detalleplanilla_id_planilla_id_8e542d5c" ON bomba."contratacionTenan_detalleplanilla" USING btree (id_planilla_id);


--
-- Name: contratacionTenan_empleado_id_area_id_80f9410a; Type: INDEX; Schema: bomba; Owner: postgres
--

CREATE INDEX "contratacionTenan_empleado_id_area_id_80f9410a" ON bomba."contratacionTenan_empleado" USING btree (id_area_id);


--
-- Name: contratacionTenan_empleado_id_cargo_id_0320e08b; Type: INDEX; Schema: bomba; Owner: postgres
--

CREATE INDEX "contratacionTenan_empleado_id_cargo_id_0320e08b" ON bomba."contratacionTenan_empleado" USING btree (id_cargo_id);


--
-- Name: contratacionTenan_empleado_id_centro_de_costo_id_7b566395; Type: INDEX; Schema: bomba; Owner: postgres
--

CREATE INDEX "contratacionTenan_empleado_id_centro_de_costo_id_7b566395" ON bomba."contratacionTenan_empleado" USING btree (id_centro_de_costo_id);


--
-- Name: contratacionTenan_empleado_id_datos_personales_id_9d144ec6; Type: INDEX; Schema: bomba; Owner: postgres
--

CREATE INDEX "contratacionTenan_empleado_id_datos_personales_id_9d144ec6" ON bomba."contratacionTenan_empleado" USING btree (id_datos_personales_id);


--
-- Name: contratacionTenan_empleado_id_tipo_periodo_id_6b5e74fc; Type: INDEX; Schema: bomba; Owner: postgres
--

CREATE INDEX "contratacionTenan_empleado_id_tipo_periodo_id_6b5e74fc" ON bomba."contratacionTenan_empleado" USING btree (id_tipo_periodo_id);


--
-- Name: contratacionTenan_empleado_id_ubicacion_id_b4a7c449; Type: INDEX; Schema: bomba; Owner: postgres
--

CREATE INDEX "contratacionTenan_empleado_id_ubicacion_id_b4a7c449" ON bomba."contratacionTenan_empleado" USING btree (id_ubicacion_id);


--
-- Name: contratacionTenan_movaplic_id_movimiento_decremento_i_bdbcfb96; Type: INDEX; Schema: bomba; Owner: postgres
--

CREATE INDEX "contratacionTenan_movaplic_id_movimiento_decremento_i_bdbcfb96" ON bomba."contratacionTenan_movaplicadecremento" USING btree (id_movimiento_decremento_id);


--
-- Name: contratacionTenan_movaplic_id_movimiento_incremento_i_07aa0394; Type: INDEX; Schema: bomba; Owner: postgres
--

CREATE INDEX "contratacionTenan_movaplic_id_movimiento_incremento_i_07aa0394" ON bomba."contratacionTenan_movaplicaincremento" USING btree (id_movimiento_incremento_id);


--
-- Name: contratacionTenan_movaplic_id_periodo_planificado_id_d408ef9d; Type: INDEX; Schema: bomba; Owner: postgres
--

CREATE INDEX "contratacionTenan_movaplic_id_periodo_planificado_id_d408ef9d" ON bomba."contratacionTenan_movaplicaincremento" USING btree (id_periodo_planificado_id);


--
-- Name: contratacionTenan_movaplic_id_periodo_planificado_id_f27cf1fa; Type: INDEX; Schema: bomba; Owner: postgres
--

CREATE INDEX "contratacionTenan_movaplic_id_periodo_planificado_id_f27cf1fa" ON bomba."contratacionTenan_movaplicadecremento" USING btree (id_periodo_planificado_id);


--
-- Name: contratacionTenan_movaplicadecremento_id_empleado_id_a3f368a5; Type: INDEX; Schema: bomba; Owner: postgres
--

CREATE INDEX "contratacionTenan_movaplicadecremento_id_empleado_id_a3f368a5" ON bomba."contratacionTenan_movaplicadecremento" USING btree (id_empleado_id);


--
-- Name: contratacionTenan_movaplicadecremento_id_user_id_83c33d33; Type: INDEX; Schema: bomba; Owner: postgres
--

CREATE INDEX "contratacionTenan_movaplicadecremento_id_user_id_83c33d33" ON bomba."contratacionTenan_movaplicadecremento" USING btree (id_user_id);


--
-- Name: contratacionTenan_movaplicaincremento_id_empleado_id_99c41f91; Type: INDEX; Schema: bomba; Owner: postgres
--

CREATE INDEX "contratacionTenan_movaplicaincremento_id_empleado_id_99c41f91" ON bomba."contratacionTenan_movaplicaincremento" USING btree (id_empleado_id);


--
-- Name: contratacionTenan_movaplicaincremento_id_user_id_6efdeec4; Type: INDEX; Schema: bomba; Owner: postgres
--

CREATE INDEX "contratacionTenan_movaplicaincremento_id_user_id_6efdeec4" ON bomba."contratacionTenan_movaplicaincremento" USING btree (id_user_id);


--
-- Name: contratacionTenan_ordendes_id_institucion_financiera__e024dc45; Type: INDEX; Schema: bomba; Owner: postgres
--

CREATE INDEX "contratacionTenan_ordendes_id_institucion_financiera__e024dc45" ON bomba."contratacionTenan_ordendescuento" USING btree (id_institucion_financiera_id);


--
-- Name: contratacionTenan_ordendescuento_id_empleado_id_5ffcd081; Type: INDEX; Schema: bomba; Owner: postgres
--

CREATE INDEX "contratacionTenan_ordendescuento_id_empleado_id_5ffcd081" ON bomba."contratacionTenan_ordendescuento" USING btree (id_empleado_id);


--
-- Name: contratacionTenan_periodo_mes_id_3594d383; Type: INDEX; Schema: bomba; Owner: postgres
--

CREATE INDEX "contratacionTenan_periodo_mes_id_3594d383" ON bomba."contratacionTenan_periodo" USING btree (mes_id);


--
-- Name: contratacionTenan_planilla_id_empleado_id_36ed8364; Type: INDEX; Schema: bomba; Owner: postgres
--

CREATE INDEX "contratacionTenan_planilla_id_empleado_id_36ed8364" ON bomba."contratacionTenan_planilla" USING btree (id_empleado_id);


--
-- Name: contratacionTenan_planilla_id_encabezado_id_34d2cc29; Type: INDEX; Schema: bomba; Owner: postgres
--

CREATE INDEX "contratacionTenan_planilla_id_encabezado_id_34d2cc29" ON bomba."contratacionTenan_planilla" USING btree (id_encabezado_id);


--
-- Name: contratacionTenan_planillaencabezado_id_estado_id_34792738; Type: INDEX; Schema: bomba; Owner: postgres
--

CREATE INDEX "contratacionTenan_planillaencabezado_id_estado_id_34792738" ON bomba."contratacionTenan_planillaencabezado" USING btree (id_estado_id);


--
-- Name: contratacionTenan_planillaencabezado_id_periodo_id_19e91050; Type: INDEX; Schema: bomba; Owner: postgres
--

CREATE INDEX "contratacionTenan_planillaencabezado_id_periodo_id_19e91050" ON bomba."contratacionTenan_planillaencabezado" USING btree (id_periodo_id);


--
-- Name: contratacionTenan_planillaencabezado_id_tipo_id_f7d3d1a0; Type: INDEX; Schema: bomba; Owner: postgres
--

CREATE INDEX "contratacionTenan_planillaencabezado_id_tipo_id_f7d3d1a0" ON bomba."contratacionTenan_planillaencabezado" USING btree (id_tipo_id);


--
-- Name: contratacionTenan_planillaencabezado_id_user_id_8f2ddfdc; Type: INDEX; Schema: bomba; Owner: postgres
--

CREATE INDEX "contratacionTenan_planillaencabezado_id_user_id_8f2ddfdc" ON bomba."contratacionTenan_planillaencabezado" USING btree (id_user_id);


--
-- Name: contratacionTenan_prestamo_id_datos_personales_id_50dd566f; Type: INDEX; Schema: bomba; Owner: postgres
--

CREATE INDEX "contratacionTenan_prestamo_id_datos_personales_id_50dd566f" ON bomba."contratacionTenan_prestamosregistropagos" USING btree (id_datos_personales_id);


--
-- Name: contratacionTenan_prestamo_id_detalle_planilla_id_d6e1980d; Type: INDEX; Schema: bomba; Owner: postgres
--

CREATE INDEX "contratacionTenan_prestamo_id_detalle_planilla_id_d6e1980d" ON bomba."contratacionTenan_prestamosregistropagos" USING btree (id_detalle_planilla_id);


--
-- Name: contratacionTenan_recordcr_id_detalle_planilla_id_ff88943e; Type: INDEX; Schema: bomba; Owner: postgres
--

CREATE INDEX "contratacionTenan_recordcr_id_detalle_planilla_id_ff88943e" ON bomba."contratacionTenan_recordcrediticio" USING btree (id_detalle_planilla_id);


--
-- Name: contratacionTenan_recordcr_id_orden_descuento_id_f721ca05; Type: INDEX; Schema: bomba; Owner: postgres
--

CREATE INDEX "contratacionTenan_recordcr_id_orden_descuento_id_f721ca05" ON bomba."contratacionTenan_recordcrediticio" USING btree (id_orden_descuento_id);


--
-- Name: centralTenan_area_codigo_5cf0e872_like; Type: INDEX; Schema: gtboom; Owner: postgres
--

CREATE INDEX "centralTenan_area_codigo_5cf0e872_like" ON gtboom."centralTenan_area" USING btree (codigo varchar_pattern_ops);


--
-- Name: centralTenan_area_id_director_id_9aea4ac9; Type: INDEX; Schema: gtboom; Owner: postgres
--

CREATE INDEX "centralTenan_area_id_director_id_9aea4ac9" ON gtboom."centralTenan_area" USING btree (id_director_id);


--
-- Name: centralTenan_area_nombre_6fd05e5f_like; Type: INDEX; Schema: gtboom; Owner: postgres
--

CREATE INDEX "centralTenan_area_nombre_6fd05e5f_like" ON gtboom."centralTenan_area" USING btree (nombre varchar_pattern_ops);


--
-- Name: centralTenan_centrodecosto_codigo_9e998a8e_like; Type: INDEX; Schema: gtboom; Owner: postgres
--

CREATE INDEX "centralTenan_centrodecosto_codigo_9e998a8e_like" ON gtboom."centralTenan_centrodecosto" USING btree (codigo varchar_pattern_ops);


--
-- Name: centralTenan_centrodecosto_nombre_7583740c_like; Type: INDEX; Schema: gtboom; Owner: postgres
--

CREATE INDEX "centralTenan_centrodecosto_nombre_7583740c_like" ON gtboom."centralTenan_centrodecosto" USING btree (nombre varchar_pattern_ops);


--
-- Name: centralTenan_ubicacion_codigo_93e990c9_like; Type: INDEX; Schema: gtboom; Owner: postgres
--

CREATE INDEX "centralTenan_ubicacion_codigo_93e990c9_like" ON gtboom."centralTenan_ubicacion" USING btree (codigo varchar_pattern_ops);


--
-- Name: centralTenan_ubicacion_id_tipo_de_ubicacion_id_c0f66a04; Type: INDEX; Schema: gtboom; Owner: postgres
--

CREATE INDEX "centralTenan_ubicacion_id_tipo_de_ubicacion_id_c0f66a04" ON gtboom."centralTenan_ubicacion" USING btree (id_tipo_de_ubicacion_id);


--
-- Name: centralTenan_ubicacion_nombre_c58777a2_like; Type: INDEX; Schema: gtboom; Owner: postgres
--

CREATE INDEX "centralTenan_ubicacion_nombre_c58777a2_like" ON gtboom."centralTenan_ubicacion" USING btree (nombre varchar_pattern_ops);


--
-- Name: contratacionTenan_accionpe_id_tipo_accion_personal_id_809e8ae4; Type: INDEX; Schema: gtboom; Owner: postgres
--

CREATE INDEX "contratacionTenan_accionpe_id_tipo_accion_personal_id_809e8ae4" ON gtboom."contratacionTenan_accionpersonal" USING btree (id_tipo_accion_personal_id);


--
-- Name: contratacionTenan_accionpersonal_cargo_nuevo_id_56e694e5; Type: INDEX; Schema: gtboom; Owner: postgres
--

CREATE INDEX "contratacionTenan_accionpersonal_cargo_nuevo_id_56e694e5" ON gtboom."contratacionTenan_accionpersonal" USING btree (cargo_nuevo_id);


--
-- Name: contratacionTenan_accionpersonal_ccosto_nuevo_id_fa49b1bd; Type: INDEX; Schema: gtboom; Owner: postgres
--

CREATE INDEX "contratacionTenan_accionpersonal_ccosto_nuevo_id_fa49b1bd" ON gtboom."contratacionTenan_accionpersonal" USING btree (id_centro_de_costo_id);


--
-- Name: contratacionTenan_accionpersonal_departamento_nuevo_id_2915a084; Type: INDEX; Schema: gtboom; Owner: postgres
--

CREATE INDEX "contratacionTenan_accionpersonal_departamento_nuevo_id_2915a084" ON gtboom."contratacionTenan_accionpersonal" USING btree (departamento_nuevo_id);


--
-- Name: contratacionTenan_accionpersonal_id_afectado_id_496816fa; Type: INDEX; Schema: gtboom; Owner: postgres
--

CREATE INDEX "contratacionTenan_accionpersonal_id_afectado_id_496816fa" ON gtboom."contratacionTenan_accionpersonal" USING btree (id_afectado_id);


--
-- Name: contratacionTenan_accionpersonal_id_cargo_id_2702d0b5; Type: INDEX; Schema: gtboom; Owner: postgres
--

CREATE INDEX "contratacionTenan_accionpersonal_id_cargo_id_2702d0b5" ON gtboom."contratacionTenan_accionpersonal" USING btree (id_cargo_id);


--
-- Name: contratacionTenan_accionpersonal_id_departamento_id_399ca0d8; Type: INDEX; Schema: gtboom; Owner: postgres
--

CREATE INDEX "contratacionTenan_accionpersonal_id_departamento_id_399ca0d8" ON gtboom."contratacionTenan_accionpersonal" USING btree (id_departamento_id);


--
-- Name: contratacionTenan_accionpersonal_id_director_area_id_6301dfb0; Type: INDEX; Schema: gtboom; Owner: postgres
--

CREATE INDEX "contratacionTenan_accionpersonal_id_director_area_id_6301dfb0" ON gtboom."contratacionTenan_accionpersonal" USING btree (id_director_area_id);


--
-- Name: contratacionTenan_accionpersonal_id_encargado_id_094e9892; Type: INDEX; Schema: gtboom; Owner: postgres
--

CREATE INDEX "contratacionTenan_accionpersonal_id_encargado_id_094e9892" ON gtboom."contratacionTenan_accionpersonal" USING btree (id_encargado_id);


--
-- Name: contratacionTenan_accionpersonal_id_gerente_general_id_9d690726; Type: INDEX; Schema: gtboom; Owner: postgres
--

CREATE INDEX "contratacionTenan_accionpersonal_id_gerente_general_id_9d690726" ON gtboom."contratacionTenan_accionpersonal" USING btree (id_gerente_general_id);


--
-- Name: contratacionTenan_accionpersonal_id_gerente_rhu_id_8daf2c37; Type: INDEX; Schema: gtboom; Owner: postgres
--

CREATE INDEX "contratacionTenan_accionpersonal_id_gerente_rhu_id_8daf2c37" ON gtboom."contratacionTenan_accionpersonal" USING btree (id_gerente_rhu_id);


--
-- Name: contratacionTenan_accionpersonal_id_municipio_id_478b8450; Type: INDEX; Schema: gtboom; Owner: postgres
--

CREATE INDEX "contratacionTenan_accionpersonal_id_municipio_id_478b8450" ON gtboom."contratacionTenan_accionpersonal" USING btree (id_municipio_id);


--
-- Name: contratacionTenan_accionpersonal_id_sexo_id_316c8633; Type: INDEX; Schema: gtboom; Owner: postgres
--

CREATE INDEX "contratacionTenan_accionpersonal_id_sexo_id_316c8633" ON gtboom."contratacionTenan_accionpersonal" USING btree (id_sexo_id);


--
-- Name: contratacionTenan_accionpersonal_ubicacion_nuevo_id_6a25633f; Type: INDEX; Schema: gtboom; Owner: postgres
--

CREATE INDEX "contratacionTenan_accionpersonal_ubicacion_nuevo_id_6a25633f" ON gtboom."contratacionTenan_accionpersonal" USING btree (id_ubicacion_id);


--
-- Name: contratacionTenan_cargo_codigo_33e3e212_like; Type: INDEX; Schema: gtboom; Owner: postgres
--

CREATE INDEX "contratacionTenan_cargo_codigo_33e3e212_like" ON gtboom."contratacionTenan_cargo" USING btree (codigo varchar_pattern_ops);


--
-- Name: contratacionTenan_cargo_id_nivel_empleado_id_c93603a7; Type: INDEX; Schema: gtboom; Owner: postgres
--

CREATE INDEX "contratacionTenan_cargo_id_nivel_empleado_id_c93603a7" ON gtboom."contratacionTenan_cargo" USING btree (id_nivel_empleado_id);


--
-- Name: contratacionTenan_detallep_id_tipo_incremento_retenci_01ebf41f; Type: INDEX; Schema: gtboom; Owner: postgres
--

CREATE INDEX "contratacionTenan_detallep_id_tipo_incremento_retenci_01ebf41f" ON gtboom."contratacionTenan_detalleplanilla" USING btree (id_tipo_incremento_retencion_id);


--
-- Name: contratacionTenan_detalleplanilla_id_planilla_id_8e542d5c; Type: INDEX; Schema: gtboom; Owner: postgres
--

CREATE INDEX "contratacionTenan_detalleplanilla_id_planilla_id_8e542d5c" ON gtboom."contratacionTenan_detalleplanilla" USING btree (id_planilla_id);


--
-- Name: contratacionTenan_empleado_id_area_id_80f9410a; Type: INDEX; Schema: gtboom; Owner: postgres
--

CREATE INDEX "contratacionTenan_empleado_id_area_id_80f9410a" ON gtboom."contratacionTenan_empleado" USING btree (id_area_id);


--
-- Name: contratacionTenan_empleado_id_cargo_id_0320e08b; Type: INDEX; Schema: gtboom; Owner: postgres
--

CREATE INDEX "contratacionTenan_empleado_id_cargo_id_0320e08b" ON gtboom."contratacionTenan_empleado" USING btree (id_cargo_id);


--
-- Name: contratacionTenan_empleado_id_centro_de_costo_id_7b566395; Type: INDEX; Schema: gtboom; Owner: postgres
--

CREATE INDEX "contratacionTenan_empleado_id_centro_de_costo_id_7b566395" ON gtboom."contratacionTenan_empleado" USING btree (id_centro_de_costo_id);


--
-- Name: contratacionTenan_empleado_id_datos_personales_id_9d144ec6; Type: INDEX; Schema: gtboom; Owner: postgres
--

CREATE INDEX "contratacionTenan_empleado_id_datos_personales_id_9d144ec6" ON gtboom."contratacionTenan_empleado" USING btree (id_datos_personales_id);


--
-- Name: contratacionTenan_empleado_id_tipo_periodo_id_6b5e74fc; Type: INDEX; Schema: gtboom; Owner: postgres
--

CREATE INDEX "contratacionTenan_empleado_id_tipo_periodo_id_6b5e74fc" ON gtboom."contratacionTenan_empleado" USING btree (id_tipo_periodo_id);


--
-- Name: contratacionTenan_empleado_id_ubicacion_id_b4a7c449; Type: INDEX; Schema: gtboom; Owner: postgres
--

CREATE INDEX "contratacionTenan_empleado_id_ubicacion_id_b4a7c449" ON gtboom."contratacionTenan_empleado" USING btree (id_ubicacion_id);


--
-- Name: contratacionTenan_movaplic_id_movimiento_decremento_i_bdbcfb96; Type: INDEX; Schema: gtboom; Owner: postgres
--

CREATE INDEX "contratacionTenan_movaplic_id_movimiento_decremento_i_bdbcfb96" ON gtboom."contratacionTenan_movaplicadecremento" USING btree (id_movimiento_decremento_id);


--
-- Name: contratacionTenan_movaplic_id_movimiento_incremento_i_07aa0394; Type: INDEX; Schema: gtboom; Owner: postgres
--

CREATE INDEX "contratacionTenan_movaplic_id_movimiento_incremento_i_07aa0394" ON gtboom."contratacionTenan_movaplicaincremento" USING btree (id_movimiento_incremento_id);


--
-- Name: contratacionTenan_movaplic_id_periodo_planificado_id_d408ef9d; Type: INDEX; Schema: gtboom; Owner: postgres
--

CREATE INDEX "contratacionTenan_movaplic_id_periodo_planificado_id_d408ef9d" ON gtboom."contratacionTenan_movaplicaincremento" USING btree (id_periodo_planificado_id);


--
-- Name: contratacionTenan_movaplic_id_periodo_planificado_id_f27cf1fa; Type: INDEX; Schema: gtboom; Owner: postgres
--

CREATE INDEX "contratacionTenan_movaplic_id_periodo_planificado_id_f27cf1fa" ON gtboom."contratacionTenan_movaplicadecremento" USING btree (id_periodo_planificado_id);


--
-- Name: contratacionTenan_movaplicadecremento_id_empleado_id_a3f368a5; Type: INDEX; Schema: gtboom; Owner: postgres
--

CREATE INDEX "contratacionTenan_movaplicadecremento_id_empleado_id_a3f368a5" ON gtboom."contratacionTenan_movaplicadecremento" USING btree (id_empleado_id);


--
-- Name: contratacionTenan_movaplicadecremento_id_user_id_83c33d33; Type: INDEX; Schema: gtboom; Owner: postgres
--

CREATE INDEX "contratacionTenan_movaplicadecremento_id_user_id_83c33d33" ON gtboom."contratacionTenan_movaplicadecremento" USING btree (id_user_id);


--
-- Name: contratacionTenan_movaplicaincremento_id_empleado_id_99c41f91; Type: INDEX; Schema: gtboom; Owner: postgres
--

CREATE INDEX "contratacionTenan_movaplicaincremento_id_empleado_id_99c41f91" ON gtboom."contratacionTenan_movaplicaincremento" USING btree (id_empleado_id);


--
-- Name: contratacionTenan_movaplicaincremento_id_user_id_6efdeec4; Type: INDEX; Schema: gtboom; Owner: postgres
--

CREATE INDEX "contratacionTenan_movaplicaincremento_id_user_id_6efdeec4" ON gtboom."contratacionTenan_movaplicaincremento" USING btree (id_user_id);


--
-- Name: contratacionTenan_ordendes_id_institucion_financiera__e024dc45; Type: INDEX; Schema: gtboom; Owner: postgres
--

CREATE INDEX "contratacionTenan_ordendes_id_institucion_financiera__e024dc45" ON gtboom."contratacionTenan_ordendescuento" USING btree (id_institucion_financiera_id);


--
-- Name: contratacionTenan_ordendescuento_id_empleado_id_5ffcd081; Type: INDEX; Schema: gtboom; Owner: postgres
--

CREATE INDEX "contratacionTenan_ordendescuento_id_empleado_id_5ffcd081" ON gtboom."contratacionTenan_ordendescuento" USING btree (id_empleado_id);


--
-- Name: contratacionTenan_periodo_mes_id_3594d383; Type: INDEX; Schema: gtboom; Owner: postgres
--

CREATE INDEX "contratacionTenan_periodo_mes_id_3594d383" ON gtboom."contratacionTenan_periodo" USING btree (mes_id);


--
-- Name: contratacionTenan_planilla_id_empleado_id_36ed8364; Type: INDEX; Schema: gtboom; Owner: postgres
--

CREATE INDEX "contratacionTenan_planilla_id_empleado_id_36ed8364" ON gtboom."contratacionTenan_planilla" USING btree (id_empleado_id);


--
-- Name: contratacionTenan_planilla_id_encabezado_id_34d2cc29; Type: INDEX; Schema: gtboom; Owner: postgres
--

CREATE INDEX "contratacionTenan_planilla_id_encabezado_id_34d2cc29" ON gtboom."contratacionTenan_planilla" USING btree (id_encabezado_id);


--
-- Name: contratacionTenan_planillaencabezado_id_estado_id_34792738; Type: INDEX; Schema: gtboom; Owner: postgres
--

CREATE INDEX "contratacionTenan_planillaencabezado_id_estado_id_34792738" ON gtboom."contratacionTenan_planillaencabezado" USING btree (id_estado_id);


--
-- Name: contratacionTenan_planillaencabezado_id_periodo_id_19e91050; Type: INDEX; Schema: gtboom; Owner: postgres
--

CREATE INDEX "contratacionTenan_planillaencabezado_id_periodo_id_19e91050" ON gtboom."contratacionTenan_planillaencabezado" USING btree (id_periodo_id);


--
-- Name: contratacionTenan_planillaencabezado_id_tipo_id_f7d3d1a0; Type: INDEX; Schema: gtboom; Owner: postgres
--

CREATE INDEX "contratacionTenan_planillaencabezado_id_tipo_id_f7d3d1a0" ON gtboom."contratacionTenan_planillaencabezado" USING btree (id_tipo_id);


--
-- Name: contratacionTenan_planillaencabezado_id_user_id_8f2ddfdc; Type: INDEX; Schema: gtboom; Owner: postgres
--

CREATE INDEX "contratacionTenan_planillaencabezado_id_user_id_8f2ddfdc" ON gtboom."contratacionTenan_planillaencabezado" USING btree (id_user_id);


--
-- Name: contratacionTenan_prestamo_id_datos_personales_id_50dd566f; Type: INDEX; Schema: gtboom; Owner: postgres
--

CREATE INDEX "contratacionTenan_prestamo_id_datos_personales_id_50dd566f" ON gtboom."contratacionTenan_prestamosregistropagos" USING btree (id_datos_personales_id);


--
-- Name: contratacionTenan_prestamo_id_detalle_planilla_id_d6e1980d; Type: INDEX; Schema: gtboom; Owner: postgres
--

CREATE INDEX "contratacionTenan_prestamo_id_detalle_planilla_id_d6e1980d" ON gtboom."contratacionTenan_prestamosregistropagos" USING btree (id_detalle_planilla_id);


--
-- Name: contratacionTenan_recordcr_id_detalle_planilla_id_ff88943e; Type: INDEX; Schema: gtboom; Owner: postgres
--

CREATE INDEX "contratacionTenan_recordcr_id_detalle_planilla_id_ff88943e" ON gtboom."contratacionTenan_recordcrediticio" USING btree (id_detalle_planilla_id);


--
-- Name: contratacionTenan_recordcr_id_orden_descuento_id_f721ca05; Type: INDEX; Schema: gtboom; Owner: postgres
--

CREATE INDEX "contratacionTenan_recordcr_id_orden_descuento_id_f721ca05" ON gtboom."contratacionTenan_recordcrediticio" USING btree (id_orden_descuento_id);


--
-- Name: centralTenan_area_codigo_5cf0e872_like; Type: INDEX; Schema: gtpremium; Owner: postgres
--

CREATE INDEX "centralTenan_area_codigo_5cf0e872_like" ON gtpremium."centralTenan_area" USING btree (codigo varchar_pattern_ops);


--
-- Name: centralTenan_area_id_director_id_9aea4ac9; Type: INDEX; Schema: gtpremium; Owner: postgres
--

CREATE INDEX "centralTenan_area_id_director_id_9aea4ac9" ON gtpremium."centralTenan_area" USING btree (id_director_id);


--
-- Name: centralTenan_area_nombre_6fd05e5f_like; Type: INDEX; Schema: gtpremium; Owner: postgres
--

CREATE INDEX "centralTenan_area_nombre_6fd05e5f_like" ON gtpremium."centralTenan_area" USING btree (nombre varchar_pattern_ops);


--
-- Name: centralTenan_centrodecosto_codigo_9e998a8e_like; Type: INDEX; Schema: gtpremium; Owner: postgres
--

CREATE INDEX "centralTenan_centrodecosto_codigo_9e998a8e_like" ON gtpremium."centralTenan_centrodecosto" USING btree (codigo varchar_pattern_ops);


--
-- Name: centralTenan_centrodecosto_nombre_7583740c_like; Type: INDEX; Schema: gtpremium; Owner: postgres
--

CREATE INDEX "centralTenan_centrodecosto_nombre_7583740c_like" ON gtpremium."centralTenan_centrodecosto" USING btree (nombre varchar_pattern_ops);


--
-- Name: centralTenan_ubicacion_codigo_93e990c9_like; Type: INDEX; Schema: gtpremium; Owner: postgres
--

CREATE INDEX "centralTenan_ubicacion_codigo_93e990c9_like" ON gtpremium."centralTenan_ubicacion" USING btree (codigo varchar_pattern_ops);


--
-- Name: centralTenan_ubicacion_id_tipo_de_ubicacion_id_c0f66a04; Type: INDEX; Schema: gtpremium; Owner: postgres
--

CREATE INDEX "centralTenan_ubicacion_id_tipo_de_ubicacion_id_c0f66a04" ON gtpremium."centralTenan_ubicacion" USING btree (id_tipo_de_ubicacion_id);


--
-- Name: centralTenan_ubicacion_nombre_c58777a2_like; Type: INDEX; Schema: gtpremium; Owner: postgres
--

CREATE INDEX "centralTenan_ubicacion_nombre_c58777a2_like" ON gtpremium."centralTenan_ubicacion" USING btree (nombre varchar_pattern_ops);


--
-- Name: contratacionTenan_accionpe_id_tipo_accion_personal_id_809e8ae4; Type: INDEX; Schema: gtpremium; Owner: postgres
--

CREATE INDEX "contratacionTenan_accionpe_id_tipo_accion_personal_id_809e8ae4" ON gtpremium."contratacionTenan_accionpersonal" USING btree (id_tipo_accion_personal_id);


--
-- Name: contratacionTenan_accionpersonal_cargo_nuevo_id_56e694e5; Type: INDEX; Schema: gtpremium; Owner: postgres
--

CREATE INDEX "contratacionTenan_accionpersonal_cargo_nuevo_id_56e694e5" ON gtpremium."contratacionTenan_accionpersonal" USING btree (cargo_nuevo_id);


--
-- Name: contratacionTenan_accionpersonal_ccosto_nuevo_id_fa49b1bd; Type: INDEX; Schema: gtpremium; Owner: postgres
--

CREATE INDEX "contratacionTenan_accionpersonal_ccosto_nuevo_id_fa49b1bd" ON gtpremium."contratacionTenan_accionpersonal" USING btree (id_centro_de_costo_id);


--
-- Name: contratacionTenan_accionpersonal_departamento_nuevo_id_2915a084; Type: INDEX; Schema: gtpremium; Owner: postgres
--

CREATE INDEX "contratacionTenan_accionpersonal_departamento_nuevo_id_2915a084" ON gtpremium."contratacionTenan_accionpersonal" USING btree (departamento_nuevo_id);


--
-- Name: contratacionTenan_accionpersonal_id_afectado_id_496816fa; Type: INDEX; Schema: gtpremium; Owner: postgres
--

CREATE INDEX "contratacionTenan_accionpersonal_id_afectado_id_496816fa" ON gtpremium."contratacionTenan_accionpersonal" USING btree (id_afectado_id);


--
-- Name: contratacionTenan_accionpersonal_id_cargo_id_2702d0b5; Type: INDEX; Schema: gtpremium; Owner: postgres
--

CREATE INDEX "contratacionTenan_accionpersonal_id_cargo_id_2702d0b5" ON gtpremium."contratacionTenan_accionpersonal" USING btree (id_cargo_id);


--
-- Name: contratacionTenan_accionpersonal_id_departamento_id_399ca0d8; Type: INDEX; Schema: gtpremium; Owner: postgres
--

CREATE INDEX "contratacionTenan_accionpersonal_id_departamento_id_399ca0d8" ON gtpremium."contratacionTenan_accionpersonal" USING btree (id_departamento_id);


--
-- Name: contratacionTenan_accionpersonal_id_director_area_id_6301dfb0; Type: INDEX; Schema: gtpremium; Owner: postgres
--

CREATE INDEX "contratacionTenan_accionpersonal_id_director_area_id_6301dfb0" ON gtpremium."contratacionTenan_accionpersonal" USING btree (id_director_area_id);


--
-- Name: contratacionTenan_accionpersonal_id_encargado_id_094e9892; Type: INDEX; Schema: gtpremium; Owner: postgres
--

CREATE INDEX "contratacionTenan_accionpersonal_id_encargado_id_094e9892" ON gtpremium."contratacionTenan_accionpersonal" USING btree (id_encargado_id);


--
-- Name: contratacionTenan_accionpersonal_id_gerente_general_id_9d690726; Type: INDEX; Schema: gtpremium; Owner: postgres
--

CREATE INDEX "contratacionTenan_accionpersonal_id_gerente_general_id_9d690726" ON gtpremium."contratacionTenan_accionpersonal" USING btree (id_gerente_general_id);


--
-- Name: contratacionTenan_accionpersonal_id_gerente_rhu_id_8daf2c37; Type: INDEX; Schema: gtpremium; Owner: postgres
--

CREATE INDEX "contratacionTenan_accionpersonal_id_gerente_rhu_id_8daf2c37" ON gtpremium."contratacionTenan_accionpersonal" USING btree (id_gerente_rhu_id);


--
-- Name: contratacionTenan_accionpersonal_id_municipio_id_478b8450; Type: INDEX; Schema: gtpremium; Owner: postgres
--

CREATE INDEX "contratacionTenan_accionpersonal_id_municipio_id_478b8450" ON gtpremium."contratacionTenan_accionpersonal" USING btree (id_municipio_id);


--
-- Name: contratacionTenan_accionpersonal_id_sexo_id_316c8633; Type: INDEX; Schema: gtpremium; Owner: postgres
--

CREATE INDEX "contratacionTenan_accionpersonal_id_sexo_id_316c8633" ON gtpremium."contratacionTenan_accionpersonal" USING btree (id_sexo_id);


--
-- Name: contratacionTenan_accionpersonal_ubicacion_nuevo_id_6a25633f; Type: INDEX; Schema: gtpremium; Owner: postgres
--

CREATE INDEX "contratacionTenan_accionpersonal_ubicacion_nuevo_id_6a25633f" ON gtpremium."contratacionTenan_accionpersonal" USING btree (id_ubicacion_id);


--
-- Name: contratacionTenan_cargo_codigo_33e3e212_like; Type: INDEX; Schema: gtpremium; Owner: postgres
--

CREATE INDEX "contratacionTenan_cargo_codigo_33e3e212_like" ON gtpremium."contratacionTenan_cargo" USING btree (codigo varchar_pattern_ops);


--
-- Name: contratacionTenan_cargo_id_nivel_empleado_id_c93603a7; Type: INDEX; Schema: gtpremium; Owner: postgres
--

CREATE INDEX "contratacionTenan_cargo_id_nivel_empleado_id_c93603a7" ON gtpremium."contratacionTenan_cargo" USING btree (id_nivel_empleado_id);


--
-- Name: contratacionTenan_detallep_id_tipo_incremento_retenci_01ebf41f; Type: INDEX; Schema: gtpremium; Owner: postgres
--

CREATE INDEX "contratacionTenan_detallep_id_tipo_incremento_retenci_01ebf41f" ON gtpremium."contratacionTenan_detalleplanilla" USING btree (id_tipo_incremento_retencion_id);


--
-- Name: contratacionTenan_detalleplanilla_id_planilla_id_8e542d5c; Type: INDEX; Schema: gtpremium; Owner: postgres
--

CREATE INDEX "contratacionTenan_detalleplanilla_id_planilla_id_8e542d5c" ON gtpremium."contratacionTenan_detalleplanilla" USING btree (id_planilla_id);


--
-- Name: contratacionTenan_empleado_id_area_id_80f9410a; Type: INDEX; Schema: gtpremium; Owner: postgres
--

CREATE INDEX "contratacionTenan_empleado_id_area_id_80f9410a" ON gtpremium."contratacionTenan_empleado" USING btree (id_area_id);


--
-- Name: contratacionTenan_empleado_id_cargo_id_0320e08b; Type: INDEX; Schema: gtpremium; Owner: postgres
--

CREATE INDEX "contratacionTenan_empleado_id_cargo_id_0320e08b" ON gtpremium."contratacionTenan_empleado" USING btree (id_cargo_id);


--
-- Name: contratacionTenan_empleado_id_centro_de_costo_id_7b566395; Type: INDEX; Schema: gtpremium; Owner: postgres
--

CREATE INDEX "contratacionTenan_empleado_id_centro_de_costo_id_7b566395" ON gtpremium."contratacionTenan_empleado" USING btree (id_centro_de_costo_id);


--
-- Name: contratacionTenan_empleado_id_datos_personales_id_9d144ec6; Type: INDEX; Schema: gtpremium; Owner: postgres
--

CREATE INDEX "contratacionTenan_empleado_id_datos_personales_id_9d144ec6" ON gtpremium."contratacionTenan_empleado" USING btree (id_datos_personales_id);


--
-- Name: contratacionTenan_empleado_id_tipo_periodo_id_6b5e74fc; Type: INDEX; Schema: gtpremium; Owner: postgres
--

CREATE INDEX "contratacionTenan_empleado_id_tipo_periodo_id_6b5e74fc" ON gtpremium."contratacionTenan_empleado" USING btree (id_tipo_periodo_id);


--
-- Name: contratacionTenan_empleado_id_ubicacion_id_b4a7c449; Type: INDEX; Schema: gtpremium; Owner: postgres
--

CREATE INDEX "contratacionTenan_empleado_id_ubicacion_id_b4a7c449" ON gtpremium."contratacionTenan_empleado" USING btree (id_ubicacion_id);


--
-- Name: contratacionTenan_movaplic_id_movimiento_decremento_i_bdbcfb96; Type: INDEX; Schema: gtpremium; Owner: postgres
--

CREATE INDEX "contratacionTenan_movaplic_id_movimiento_decremento_i_bdbcfb96" ON gtpremium."contratacionTenan_movaplicadecremento" USING btree (id_movimiento_decremento_id);


--
-- Name: contratacionTenan_movaplic_id_movimiento_incremento_i_07aa0394; Type: INDEX; Schema: gtpremium; Owner: postgres
--

CREATE INDEX "contratacionTenan_movaplic_id_movimiento_incremento_i_07aa0394" ON gtpremium."contratacionTenan_movaplicaincremento" USING btree (id_movimiento_incremento_id);


--
-- Name: contratacionTenan_movaplic_id_periodo_planificado_id_d408ef9d; Type: INDEX; Schema: gtpremium; Owner: postgres
--

CREATE INDEX "contratacionTenan_movaplic_id_periodo_planificado_id_d408ef9d" ON gtpremium."contratacionTenan_movaplicaincremento" USING btree (id_periodo_planificado_id);


--
-- Name: contratacionTenan_movaplic_id_periodo_planificado_id_f27cf1fa; Type: INDEX; Schema: gtpremium; Owner: postgres
--

CREATE INDEX "contratacionTenan_movaplic_id_periodo_planificado_id_f27cf1fa" ON gtpremium."contratacionTenan_movaplicadecremento" USING btree (id_periodo_planificado_id);


--
-- Name: contratacionTenan_movaplicadecremento_id_empleado_id_a3f368a5; Type: INDEX; Schema: gtpremium; Owner: postgres
--

CREATE INDEX "contratacionTenan_movaplicadecremento_id_empleado_id_a3f368a5" ON gtpremium."contratacionTenan_movaplicadecremento" USING btree (id_empleado_id);


--
-- Name: contratacionTenan_movaplicadecremento_id_user_id_83c33d33; Type: INDEX; Schema: gtpremium; Owner: postgres
--

CREATE INDEX "contratacionTenan_movaplicadecremento_id_user_id_83c33d33" ON gtpremium."contratacionTenan_movaplicadecremento" USING btree (id_user_id);


--
-- Name: contratacionTenan_movaplicaincremento_id_empleado_id_99c41f91; Type: INDEX; Schema: gtpremium; Owner: postgres
--

CREATE INDEX "contratacionTenan_movaplicaincremento_id_empleado_id_99c41f91" ON gtpremium."contratacionTenan_movaplicaincremento" USING btree (id_empleado_id);


--
-- Name: contratacionTenan_movaplicaincremento_id_user_id_6efdeec4; Type: INDEX; Schema: gtpremium; Owner: postgres
--

CREATE INDEX "contratacionTenan_movaplicaincremento_id_user_id_6efdeec4" ON gtpremium."contratacionTenan_movaplicaincremento" USING btree (id_user_id);


--
-- Name: contratacionTenan_ordendes_id_institucion_financiera__e024dc45; Type: INDEX; Schema: gtpremium; Owner: postgres
--

CREATE INDEX "contratacionTenan_ordendes_id_institucion_financiera__e024dc45" ON gtpremium."contratacionTenan_ordendescuento" USING btree (id_institucion_financiera_id);


--
-- Name: contratacionTenan_ordendescuento_id_empleado_id_5ffcd081; Type: INDEX; Schema: gtpremium; Owner: postgres
--

CREATE INDEX "contratacionTenan_ordendescuento_id_empleado_id_5ffcd081" ON gtpremium."contratacionTenan_ordendescuento" USING btree (id_empleado_id);


--
-- Name: contratacionTenan_periodo_mes_id_3594d383; Type: INDEX; Schema: gtpremium; Owner: postgres
--

CREATE INDEX "contratacionTenan_periodo_mes_id_3594d383" ON gtpremium."contratacionTenan_periodo" USING btree (mes_id);


--
-- Name: contratacionTenan_planilla_id_empleado_id_36ed8364; Type: INDEX; Schema: gtpremium; Owner: postgres
--

CREATE INDEX "contratacionTenan_planilla_id_empleado_id_36ed8364" ON gtpremium."contratacionTenan_planilla" USING btree (id_empleado_id);


--
-- Name: contratacionTenan_planilla_id_encabezado_id_34d2cc29; Type: INDEX; Schema: gtpremium; Owner: postgres
--

CREATE INDEX "contratacionTenan_planilla_id_encabezado_id_34d2cc29" ON gtpremium."contratacionTenan_planilla" USING btree (id_encabezado_id);


--
-- Name: contratacionTenan_planillaencabezado_id_estado_id_34792738; Type: INDEX; Schema: gtpremium; Owner: postgres
--

CREATE INDEX "contratacionTenan_planillaencabezado_id_estado_id_34792738" ON gtpremium."contratacionTenan_planillaencabezado" USING btree (id_estado_id);


--
-- Name: contratacionTenan_planillaencabezado_id_periodo_id_19e91050; Type: INDEX; Schema: gtpremium; Owner: postgres
--

CREATE INDEX "contratacionTenan_planillaencabezado_id_periodo_id_19e91050" ON gtpremium."contratacionTenan_planillaencabezado" USING btree (id_periodo_id);


--
-- Name: contratacionTenan_planillaencabezado_id_tipo_id_f7d3d1a0; Type: INDEX; Schema: gtpremium; Owner: postgres
--

CREATE INDEX "contratacionTenan_planillaencabezado_id_tipo_id_f7d3d1a0" ON gtpremium."contratacionTenan_planillaencabezado" USING btree (id_tipo_id);


--
-- Name: contratacionTenan_planillaencabezado_id_user_id_8f2ddfdc; Type: INDEX; Schema: gtpremium; Owner: postgres
--

CREATE INDEX "contratacionTenan_planillaencabezado_id_user_id_8f2ddfdc" ON gtpremium."contratacionTenan_planillaencabezado" USING btree (id_user_id);


--
-- Name: contratacionTenan_prestamo_id_datos_personales_id_50dd566f; Type: INDEX; Schema: gtpremium; Owner: postgres
--

CREATE INDEX "contratacionTenan_prestamo_id_datos_personales_id_50dd566f" ON gtpremium."contratacionTenan_prestamosregistropagos" USING btree (id_datos_personales_id);


--
-- Name: contratacionTenan_prestamo_id_detalle_planilla_id_d6e1980d; Type: INDEX; Schema: gtpremium; Owner: postgres
--

CREATE INDEX "contratacionTenan_prestamo_id_detalle_planilla_id_d6e1980d" ON gtpremium."contratacionTenan_prestamosregistropagos" USING btree (id_detalle_planilla_id);


--
-- Name: contratacionTenan_recordcr_id_detalle_planilla_id_ff88943e; Type: INDEX; Schema: gtpremium; Owner: postgres
--

CREATE INDEX "contratacionTenan_recordcr_id_detalle_planilla_id_ff88943e" ON gtpremium."contratacionTenan_recordcrediticio" USING btree (id_detalle_planilla_id);


--
-- Name: contratacionTenan_recordcr_id_orden_descuento_id_f721ca05; Type: INDEX; Schema: gtpremium; Owner: postgres
--

CREATE INDEX "contratacionTenan_recordcr_id_orden_descuento_id_f721ca05" ON gtpremium."contratacionTenan_recordcrediticio" USING btree (id_orden_descuento_id);


--
-- Name: centralTenan_area_codigo_5cf0e872_like; Type: INDEX; Schema: premium; Owner: postgres
--

CREATE INDEX "centralTenan_area_codigo_5cf0e872_like" ON premium."centralTenan_area" USING btree (codigo varchar_pattern_ops);


--
-- Name: centralTenan_area_id_director_id_9aea4ac9; Type: INDEX; Schema: premium; Owner: postgres
--

CREATE INDEX "centralTenan_area_id_director_id_9aea4ac9" ON premium."centralTenan_area" USING btree (id_director_id);


--
-- Name: centralTenan_area_nombre_6fd05e5f_like; Type: INDEX; Schema: premium; Owner: postgres
--

CREATE INDEX "centralTenan_area_nombre_6fd05e5f_like" ON premium."centralTenan_area" USING btree (nombre varchar_pattern_ops);


--
-- Name: centralTenan_centrodecosto_codigo_9e998a8e_like; Type: INDEX; Schema: premium; Owner: postgres
--

CREATE INDEX "centralTenan_centrodecosto_codigo_9e998a8e_like" ON premium."centralTenan_centrodecosto" USING btree (codigo varchar_pattern_ops);


--
-- Name: centralTenan_centrodecosto_nombre_7583740c_like; Type: INDEX; Schema: premium; Owner: postgres
--

CREATE INDEX "centralTenan_centrodecosto_nombre_7583740c_like" ON premium."centralTenan_centrodecosto" USING btree (nombre varchar_pattern_ops);


--
-- Name: centralTenan_ubicacion_codigo_93e990c9_like; Type: INDEX; Schema: premium; Owner: postgres
--

CREATE INDEX "centralTenan_ubicacion_codigo_93e990c9_like" ON premium."centralTenan_ubicacion" USING btree (codigo varchar_pattern_ops);


--
-- Name: centralTenan_ubicacion_id_tipo_de_ubicacion_id_c0f66a04; Type: INDEX; Schema: premium; Owner: postgres
--

CREATE INDEX "centralTenan_ubicacion_id_tipo_de_ubicacion_id_c0f66a04" ON premium."centralTenan_ubicacion" USING btree (id_tipo_de_ubicacion_id);


--
-- Name: centralTenan_ubicacion_nombre_c58777a2_like; Type: INDEX; Schema: premium; Owner: postgres
--

CREATE INDEX "centralTenan_ubicacion_nombre_c58777a2_like" ON premium."centralTenan_ubicacion" USING btree (nombre varchar_pattern_ops);


--
-- Name: contratacionTenan_accionpe_id_tipo_accion_personal_id_809e8ae4; Type: INDEX; Schema: premium; Owner: postgres
--

CREATE INDEX "contratacionTenan_accionpe_id_tipo_accion_personal_id_809e8ae4" ON premium."contratacionTenan_accionpersonal" USING btree (id_tipo_accion_personal_id);


--
-- Name: contratacionTenan_accionpersonal_cargo_nuevo_id_56e694e5; Type: INDEX; Schema: premium; Owner: postgres
--

CREATE INDEX "contratacionTenan_accionpersonal_cargo_nuevo_id_56e694e5" ON premium."contratacionTenan_accionpersonal" USING btree (cargo_nuevo_id);


--
-- Name: contratacionTenan_accionpersonal_ccosto_nuevo_id_fa49b1bd; Type: INDEX; Schema: premium; Owner: postgres
--

CREATE INDEX "contratacionTenan_accionpersonal_ccosto_nuevo_id_fa49b1bd" ON premium."contratacionTenan_accionpersonal" USING btree (id_centro_de_costo_id);


--
-- Name: contratacionTenan_accionpersonal_departamento_nuevo_id_2915a084; Type: INDEX; Schema: premium; Owner: postgres
--

CREATE INDEX "contratacionTenan_accionpersonal_departamento_nuevo_id_2915a084" ON premium."contratacionTenan_accionpersonal" USING btree (departamento_nuevo_id);


--
-- Name: contratacionTenan_accionpersonal_id_afectado_id_496816fa; Type: INDEX; Schema: premium; Owner: postgres
--

CREATE INDEX "contratacionTenan_accionpersonal_id_afectado_id_496816fa" ON premium."contratacionTenan_accionpersonal" USING btree (id_afectado_id);


--
-- Name: contratacionTenan_accionpersonal_id_cargo_id_2702d0b5; Type: INDEX; Schema: premium; Owner: postgres
--

CREATE INDEX "contratacionTenan_accionpersonal_id_cargo_id_2702d0b5" ON premium."contratacionTenan_accionpersonal" USING btree (id_cargo_id);


--
-- Name: contratacionTenan_accionpersonal_id_departamento_id_399ca0d8; Type: INDEX; Schema: premium; Owner: postgres
--

CREATE INDEX "contratacionTenan_accionpersonal_id_departamento_id_399ca0d8" ON premium."contratacionTenan_accionpersonal" USING btree (id_departamento_id);


--
-- Name: contratacionTenan_accionpersonal_id_director_area_id_6301dfb0; Type: INDEX; Schema: premium; Owner: postgres
--

CREATE INDEX "contratacionTenan_accionpersonal_id_director_area_id_6301dfb0" ON premium."contratacionTenan_accionpersonal" USING btree (id_director_area_id);


--
-- Name: contratacionTenan_accionpersonal_id_encargado_id_094e9892; Type: INDEX; Schema: premium; Owner: postgres
--

CREATE INDEX "contratacionTenan_accionpersonal_id_encargado_id_094e9892" ON premium."contratacionTenan_accionpersonal" USING btree (id_encargado_id);


--
-- Name: contratacionTenan_accionpersonal_id_gerente_general_id_9d690726; Type: INDEX; Schema: premium; Owner: postgres
--

CREATE INDEX "contratacionTenan_accionpersonal_id_gerente_general_id_9d690726" ON premium."contratacionTenan_accionpersonal" USING btree (id_gerente_general_id);


--
-- Name: contratacionTenan_accionpersonal_id_gerente_rhu_id_8daf2c37; Type: INDEX; Schema: premium; Owner: postgres
--

CREATE INDEX "contratacionTenan_accionpersonal_id_gerente_rhu_id_8daf2c37" ON premium."contratacionTenan_accionpersonal" USING btree (id_gerente_rhu_id);


--
-- Name: contratacionTenan_accionpersonal_id_municipio_id_478b8450; Type: INDEX; Schema: premium; Owner: postgres
--

CREATE INDEX "contratacionTenan_accionpersonal_id_municipio_id_478b8450" ON premium."contratacionTenan_accionpersonal" USING btree (id_municipio_id);


--
-- Name: contratacionTenan_accionpersonal_id_sexo_id_316c8633; Type: INDEX; Schema: premium; Owner: postgres
--

CREATE INDEX "contratacionTenan_accionpersonal_id_sexo_id_316c8633" ON premium."contratacionTenan_accionpersonal" USING btree (id_sexo_id);


--
-- Name: contratacionTenan_accionpersonal_ubicacion_nuevo_id_6a25633f; Type: INDEX; Schema: premium; Owner: postgres
--

CREATE INDEX "contratacionTenan_accionpersonal_ubicacion_nuevo_id_6a25633f" ON premium."contratacionTenan_accionpersonal" USING btree (id_ubicacion_id);


--
-- Name: contratacionTenan_cargo_codigo_33e3e212_like; Type: INDEX; Schema: premium; Owner: postgres
--

CREATE INDEX "contratacionTenan_cargo_codigo_33e3e212_like" ON premium."contratacionTenan_cargo" USING btree (codigo varchar_pattern_ops);


--
-- Name: contratacionTenan_cargo_id_nivel_empleado_id_c93603a7; Type: INDEX; Schema: premium; Owner: postgres
--

CREATE INDEX "contratacionTenan_cargo_id_nivel_empleado_id_c93603a7" ON premium."contratacionTenan_cargo" USING btree (id_nivel_empleado_id);


--
-- Name: contratacionTenan_detallep_id_tipo_incremento_retenci_01ebf41f; Type: INDEX; Schema: premium; Owner: postgres
--

CREATE INDEX "contratacionTenan_detallep_id_tipo_incremento_retenci_01ebf41f" ON premium."contratacionTenan_detalleplanilla" USING btree (id_tipo_incremento_retencion_id);


--
-- Name: contratacionTenan_detalleplanilla_id_planilla_id_8e542d5c; Type: INDEX; Schema: premium; Owner: postgres
--

CREATE INDEX "contratacionTenan_detalleplanilla_id_planilla_id_8e542d5c" ON premium."contratacionTenan_detalleplanilla" USING btree (id_planilla_id);


--
-- Name: contratacionTenan_empleado_id_area_id_80f9410a; Type: INDEX; Schema: premium; Owner: postgres
--

CREATE INDEX "contratacionTenan_empleado_id_area_id_80f9410a" ON premium."contratacionTenan_empleado" USING btree (id_area_id);


--
-- Name: contratacionTenan_empleado_id_cargo_id_0320e08b; Type: INDEX; Schema: premium; Owner: postgres
--

CREATE INDEX "contratacionTenan_empleado_id_cargo_id_0320e08b" ON premium."contratacionTenan_empleado" USING btree (id_cargo_id);


--
-- Name: contratacionTenan_empleado_id_centro_de_costo_id_7b566395; Type: INDEX; Schema: premium; Owner: postgres
--

CREATE INDEX "contratacionTenan_empleado_id_centro_de_costo_id_7b566395" ON premium."contratacionTenan_empleado" USING btree (id_centro_de_costo_id);


--
-- Name: contratacionTenan_empleado_id_datos_personales_id_9d144ec6; Type: INDEX; Schema: premium; Owner: postgres
--

CREATE INDEX "contratacionTenan_empleado_id_datos_personales_id_9d144ec6" ON premium."contratacionTenan_empleado" USING btree (id_datos_personales_id);


--
-- Name: contratacionTenan_empleado_id_tipo_periodo_id_6b5e74fc; Type: INDEX; Schema: premium; Owner: postgres
--

CREATE INDEX "contratacionTenan_empleado_id_tipo_periodo_id_6b5e74fc" ON premium."contratacionTenan_empleado" USING btree (id_tipo_periodo_id);


--
-- Name: contratacionTenan_empleado_id_ubicacion_id_b4a7c449; Type: INDEX; Schema: premium; Owner: postgres
--

CREATE INDEX "contratacionTenan_empleado_id_ubicacion_id_b4a7c449" ON premium."contratacionTenan_empleado" USING btree (id_ubicacion_id);


--
-- Name: contratacionTenan_movaplic_id_movimiento_decremento_i_bdbcfb96; Type: INDEX; Schema: premium; Owner: postgres
--

CREATE INDEX "contratacionTenan_movaplic_id_movimiento_decremento_i_bdbcfb96" ON premium."contratacionTenan_movaplicadecremento" USING btree (id_movimiento_decremento_id);


--
-- Name: contratacionTenan_movaplic_id_movimiento_incremento_i_07aa0394; Type: INDEX; Schema: premium; Owner: postgres
--

CREATE INDEX "contratacionTenan_movaplic_id_movimiento_incremento_i_07aa0394" ON premium."contratacionTenan_movaplicaincremento" USING btree (id_movimiento_incremento_id);


--
-- Name: contratacionTenan_movaplic_id_periodo_planificado_id_d408ef9d; Type: INDEX; Schema: premium; Owner: postgres
--

CREATE INDEX "contratacionTenan_movaplic_id_periodo_planificado_id_d408ef9d" ON premium."contratacionTenan_movaplicaincremento" USING btree (id_periodo_planificado_id);


--
-- Name: contratacionTenan_movaplic_id_periodo_planificado_id_f27cf1fa; Type: INDEX; Schema: premium; Owner: postgres
--

CREATE INDEX "contratacionTenan_movaplic_id_periodo_planificado_id_f27cf1fa" ON premium."contratacionTenan_movaplicadecremento" USING btree (id_periodo_planificado_id);


--
-- Name: contratacionTenan_movaplicadecremento_id_empleado_id_a3f368a5; Type: INDEX; Schema: premium; Owner: postgres
--

CREATE INDEX "contratacionTenan_movaplicadecremento_id_empleado_id_a3f368a5" ON premium."contratacionTenan_movaplicadecremento" USING btree (id_empleado_id);


--
-- Name: contratacionTenan_movaplicadecremento_id_user_id_83c33d33; Type: INDEX; Schema: premium; Owner: postgres
--

CREATE INDEX "contratacionTenan_movaplicadecremento_id_user_id_83c33d33" ON premium."contratacionTenan_movaplicadecremento" USING btree (id_user_id);


--
-- Name: contratacionTenan_movaplicaincremento_id_empleado_id_99c41f91; Type: INDEX; Schema: premium; Owner: postgres
--

CREATE INDEX "contratacionTenan_movaplicaincremento_id_empleado_id_99c41f91" ON premium."contratacionTenan_movaplicaincremento" USING btree (id_empleado_id);


--
-- Name: contratacionTenan_movaplicaincremento_id_user_id_6efdeec4; Type: INDEX; Schema: premium; Owner: postgres
--

CREATE INDEX "contratacionTenan_movaplicaincremento_id_user_id_6efdeec4" ON premium."contratacionTenan_movaplicaincremento" USING btree (id_user_id);


--
-- Name: contratacionTenan_ordendes_id_institucion_financiera__e024dc45; Type: INDEX; Schema: premium; Owner: postgres
--

CREATE INDEX "contratacionTenan_ordendes_id_institucion_financiera__e024dc45" ON premium."contratacionTenan_ordendescuento" USING btree (id_institucion_financiera_id);


--
-- Name: contratacionTenan_ordendescuento_id_empleado_id_5ffcd081; Type: INDEX; Schema: premium; Owner: postgres
--

CREATE INDEX "contratacionTenan_ordendescuento_id_empleado_id_5ffcd081" ON premium."contratacionTenan_ordendescuento" USING btree (id_empleado_id);


--
-- Name: contratacionTenan_periodo_mes_id_3594d383; Type: INDEX; Schema: premium; Owner: postgres
--

CREATE INDEX "contratacionTenan_periodo_mes_id_3594d383" ON premium."contratacionTenan_periodo" USING btree (mes_id);


--
-- Name: contratacionTenan_planilla_id_empleado_id_36ed8364; Type: INDEX; Schema: premium; Owner: postgres
--

CREATE INDEX "contratacionTenan_planilla_id_empleado_id_36ed8364" ON premium."contratacionTenan_planilla" USING btree (id_empleado_id);


--
-- Name: contratacionTenan_planilla_id_encabezado_id_34d2cc29; Type: INDEX; Schema: premium; Owner: postgres
--

CREATE INDEX "contratacionTenan_planilla_id_encabezado_id_34d2cc29" ON premium."contratacionTenan_planilla" USING btree (id_encabezado_id);


--
-- Name: contratacionTenan_planillaencabezado_id_estado_id_34792738; Type: INDEX; Schema: premium; Owner: postgres
--

CREATE INDEX "contratacionTenan_planillaencabezado_id_estado_id_34792738" ON premium."contratacionTenan_planillaencabezado" USING btree (id_estado_id);


--
-- Name: contratacionTenan_planillaencabezado_id_periodo_id_19e91050; Type: INDEX; Schema: premium; Owner: postgres
--

CREATE INDEX "contratacionTenan_planillaencabezado_id_periodo_id_19e91050" ON premium."contratacionTenan_planillaencabezado" USING btree (id_periodo_id);


--
-- Name: contratacionTenan_planillaencabezado_id_tipo_id_f7d3d1a0; Type: INDEX; Schema: premium; Owner: postgres
--

CREATE INDEX "contratacionTenan_planillaencabezado_id_tipo_id_f7d3d1a0" ON premium."contratacionTenan_planillaencabezado" USING btree (id_tipo_id);


--
-- Name: contratacionTenan_planillaencabezado_id_user_id_8f2ddfdc; Type: INDEX; Schema: premium; Owner: postgres
--

CREATE INDEX "contratacionTenan_planillaencabezado_id_user_id_8f2ddfdc" ON premium."contratacionTenan_planillaencabezado" USING btree (id_user_id);


--
-- Name: contratacionTenan_prestamo_id_datos_personales_id_50dd566f; Type: INDEX; Schema: premium; Owner: postgres
--

CREATE INDEX "contratacionTenan_prestamo_id_datos_personales_id_50dd566f" ON premium."contratacionTenan_prestamosregistropagos" USING btree (id_datos_personales_id);


--
-- Name: contratacionTenan_prestamo_id_detalle_planilla_id_d6e1980d; Type: INDEX; Schema: premium; Owner: postgres
--

CREATE INDEX "contratacionTenan_prestamo_id_detalle_planilla_id_d6e1980d" ON premium."contratacionTenan_prestamosregistropagos" USING btree (id_detalle_planilla_id);


--
-- Name: contratacionTenan_recordcr_id_detalle_planilla_id_ff88943e; Type: INDEX; Schema: premium; Owner: postgres
--

CREATE INDEX "contratacionTenan_recordcr_id_detalle_planilla_id_ff88943e" ON premium."contratacionTenan_recordcrediticio" USING btree (id_detalle_planilla_id);


--
-- Name: contratacionTenan_recordcr_id_orden_descuento_id_f721ca05; Type: INDEX; Schema: premium; Owner: postgres
--

CREATE INDEX "contratacionTenan_recordcr_id_orden_descuento_id_f721ca05" ON premium."contratacionTenan_recordcrediticio" USING btree (id_orden_descuento_id);


--
-- Name: auth_group_name_a6ea08ec_like; Type: INDEX; Schema: public; Owner: postgres
--

CREATE INDEX auth_group_name_a6ea08ec_like ON public.auth_group USING btree (name varchar_pattern_ops);


--
-- Name: auth_group_permissions_group_id_b120cbf9; Type: INDEX; Schema: public; Owner: postgres
--

CREATE INDEX auth_group_permissions_group_id_b120cbf9 ON public.auth_group_permissions USING btree (group_id);


--
-- Name: auth_group_permissions_permission_id_84c5c92e; Type: INDEX; Schema: public; Owner: postgres
--

CREATE INDEX auth_group_permissions_permission_id_84c5c92e ON public.auth_group_permissions USING btree (permission_id);


--
-- Name: auth_permission_content_type_id_2f476e4b; Type: INDEX; Schema: public; Owner: postgres
--

CREATE INDEX auth_permission_content_type_id_2f476e4b ON public.auth_permission USING btree (content_type_id);


--
-- Name: authtoken_token_key_10f0b77e_like; Type: INDEX; Schema: public; Owner: postgres
--

CREATE INDEX authtoken_token_key_10f0b77e_like ON public.authtoken_token USING btree (key varchar_pattern_ops);


--
-- Name: central_client_schema_name_27021527_like; Type: INDEX; Schema: public; Owner: postgres
--

CREATE INDEX central_client_schema_name_27021527_like ON public.central_client USING btree (schema_name varchar_pattern_ops);


--
-- Name: central_departamento_codigo_9e8e19b2_like; Type: INDEX; Schema: public; Owner: postgres
--

CREATE INDEX central_departamento_codigo_9e8e19b2_like ON public.central_departamento USING btree (codigo varchar_pattern_ops);


--
-- Name: central_departamento_id_pais_id_d5a81324; Type: INDEX; Schema: public; Owner: postgres
--

CREATE INDEX central_departamento_id_pais_id_d5a81324 ON public.central_departamento USING btree (id_pais_id);


--
-- Name: central_departamento_id_zona_id_5549fa86; Type: INDEX; Schema: public; Owner: postgres
--

CREATE INDEX central_departamento_id_zona_id_5549fa86 ON public.central_departamento USING btree (id_zona_id);


--
-- Name: central_direccion_id_datos_personales_id_168a4520; Type: INDEX; Schema: public; Owner: postgres
--

CREATE INDEX central_direccion_id_datos_personales_id_168a4520 ON public.central_direccion USING btree (id_datos_personales_id);


--
-- Name: central_direccion_id_municipio_id_d464b0b5; Type: INDEX; Schema: public; Owner: postgres
--

CREATE INDEX central_direccion_id_municipio_id_d464b0b5 ON public.central_direccion USING btree (id_municipio_id);


--
-- Name: central_domain_domain_2267d513_like; Type: INDEX; Schema: public; Owner: postgres
--

CREATE INDEX central_domain_domain_2267d513_like ON public.central_domain USING btree (domain varchar_pattern_ops);


--
-- Name: central_domain_is_primary_d2c1b50a; Type: INDEX; Schema: public; Owner: postgres
--

CREATE INDEX central_domain_is_primary_d2c1b50a ON public.central_domain USING btree (is_primary);


--
-- Name: central_domain_tenant_id_d5a79617; Type: INDEX; Schema: public; Owner: postgres
--

CREATE INDEX central_domain_tenant_id_d5a79617 ON public.central_domain USING btree (tenant_id);


--
-- Name: central_institucionfinanciera_id_tipo_institucion_id_b8c3117d; Type: INDEX; Schema: public; Owner: postgres
--

CREATE INDEX central_institucionfinanciera_id_tipo_institucion_id_b8c3117d ON public.central_institucionfinanciera USING btree (id_tipo_institucion_id);


--
-- Name: central_institucionfinanciera_nombre_a2e6c9cb_like; Type: INDEX; Schema: public; Owner: postgres
--

CREATE INDEX central_institucionfinanciera_nombre_a2e6c9cb_like ON public.central_institucionfinanciera USING btree (nombre varchar_pattern_ops);


--
-- Name: central_municipio_id_departamento_id_d34bb882; Type: INDEX; Schema: public; Owner: postgres
--

CREATE INDEX central_municipio_id_departamento_id_d34bb882 ON public.central_municipio USING btree (id_departamento_id);


--
-- Name: central_pais_nombre_1840bded_like; Type: INDEX; Schema: public; Owner: postgres
--

CREATE INDEX central_pais_nombre_1840bded_like ON public.central_pais USING btree (nombre varchar_pattern_ops);


--
-- Name: central_sexo_nombre_09258c28_like; Type: INDEX; Schema: public; Owner: postgres
--

CREATE INDEX central_sexo_nombre_09258c28_like ON public.central_sexo USING btree (nombre varchar_pattern_ops);


--
-- Name: central_tipodeubicacion_nombre_8c6d862e_like; Type: INDEX; Schema: public; Owner: postgres
--

CREATE INDEX central_tipodeubicacion_nombre_8c6d862e_like ON public.central_tipodeubicacion USING btree (nombre varchar_pattern_ops);


--
-- Name: central_tipoinstitucion_nombre_db2cd979_like; Type: INDEX; Schema: public; Owner: postgres
--

CREATE INDEX central_tipoinstitucion_nombre_db2cd979_like ON public.central_tipoinstitucion USING btree (nombre varchar_pattern_ops);


--
-- Name: central_user_groups_group_id_f39896b8; Type: INDEX; Schema: public; Owner: postgres
--

CREATE INDEX central_user_groups_group_id_f39896b8 ON public.central_user_groups USING btree (group_id);


--
-- Name: central_user_groups_user_id_a71b7c68; Type: INDEX; Schema: public; Owner: postgres
--

CREATE INDEX central_user_groups_user_id_a71b7c68 ON public.central_user_groups USING btree (user_id);


--
-- Name: central_user_user_permissions_permission_id_489ac855; Type: INDEX; Schema: public; Owner: postgres
--

CREATE INDEX central_user_user_permissions_permission_id_489ac855 ON public.central_user_user_permissions USING btree (permission_id);


--
-- Name: central_user_user_permissions_user_id_f6e42334; Type: INDEX; Schema: public; Owner: postgres
--

CREATE INDEX central_user_user_permissions_user_id_f6e42334 ON public.central_user_user_permissions USING btree (user_id);


--
-- Name: central_user_username_74fd9459_like; Type: INDEX; Schema: public; Owner: postgres
--

CREATE INDEX central_user_username_74fd9459_like ON public.central_user USING btree (username varchar_pattern_ops);


--
-- Name: central_zona_nombre_5983deaa_like; Type: INDEX; Schema: public; Owner: postgres
--

CREATE INDEX central_zona_nombre_5983deaa_like ON public.central_zona USING btree (nombre varchar_pattern_ops);


--
-- Name: contratacion_cuentabanco_id_datos_personales_id_3b3b60a6; Type: INDEX; Schema: public; Owner: postgres
--

CREATE INDEX contratacion_cuentabanco_id_datos_personales_id_3b3b60a6 ON public.contratacion_cuentabanco USING btree (id_datos_personales_id);


--
-- Name: contratacion_cuentabanco_id_institucion_financiera_id_6b148017; Type: INDEX; Schema: public; Owner: postgres
--

CREATE INDEX contratacion_cuentabanco_id_institucion_financiera_id_6b148017 ON public.contratacion_cuentabanco USING btree (id_institucion_financiera_id);


--
-- Name: contratacion_datospersonales_dpi_d3e025ce_like; Type: INDEX; Schema: public; Owner: postgres
--

CREATE INDEX contratacion_datospersonales_dpi_d3e025ce_like ON public.contratacion_datospersonales USING btree (dpi varchar_pattern_ops);


--
-- Name: contratacion_datospersonales_dui_425e69d3_like; Type: INDEX; Schema: public; Owner: postgres
--

CREATE INDEX contratacion_datospersonales_dui_425e69d3_like ON public.contratacion_datospersonales USING btree (dui varchar_pattern_ops);


--
-- Name: contratacion_datospersonales_id_estado_civil_id_6b35b0b0; Type: INDEX; Schema: public; Owner: postgres
--

CREATE INDEX contratacion_datospersonales_id_estado_civil_id_6b35b0b0 ON public.contratacion_datospersonales USING btree (id_estado_civil_id);


--
-- Name: contratacion_datospersonales_id_ocupacion_id_37bb2979; Type: INDEX; Schema: public; Owner: postgres
--

CREATE INDEX contratacion_datospersonales_id_ocupacion_id_37bb2979 ON public.contratacion_datospersonales USING btree (id_ocupacion_id);


--
-- Name: contratacion_datospersonales_id_pais_nacimiento_id_9c9d64bd; Type: INDEX; Schema: public; Owner: postgres
--

CREATE INDEX contratacion_datospersonales_id_pais_nacimiento_id_9c9d64bd ON public.contratacion_datospersonales USING btree (id_pais_nacimiento_id);


--
-- Name: contratacion_datospersonales_id_profesion_dui_id_8f87d20d; Type: INDEX; Schema: public; Owner: postgres
--

CREATE INDEX contratacion_datospersonales_id_profesion_dui_id_8f87d20d ON public.contratacion_datospersonales USING btree (id_profesion_dui_id);


--
-- Name: contratacion_datospersonales_id_profesion_id_7eb91402; Type: INDEX; Schema: public; Owner: postgres
--

CREATE INDEX contratacion_datospersonales_id_profesion_id_7eb91402 ON public.contratacion_datospersonales USING btree (id_profesion_id);


--
-- Name: contratacion_datospersonales_id_sexo_id_c0e0fe51; Type: INDEX; Schema: public; Owner: postgres
--

CREATE INDEX contratacion_datospersonales_id_sexo_id_c0e0fe51 ON public.contratacion_datospersonales USING btree (id_sexo_id);


--
-- Name: contratacion_datospersonales_isss_70ec3be7_like; Type: INDEX; Schema: public; Owner: postgres
--

CREATE INDEX contratacion_datospersonales_isss_70ec3be7_like ON public.contratacion_datospersonales USING btree (isss varchar_pattern_ops);


--
-- Name: contratacion_datospersonales_itfa_3356d352_like; Type: INDEX; Schema: public; Owner: postgres
--

CREATE INDEX contratacion_datospersonales_itfa_3356d352_like ON public.contratacion_datospersonales USING btree (ipsfa varchar_pattern_ops);


--
-- Name: contratacion_datospersonales_nit_4f7ef8bf_like; Type: INDEX; Schema: public; Owner: postgres
--

CREATE INDEX contratacion_datospersonales_nit_4f7ef8bf_like ON public.contratacion_datospersonales USING btree (nit varchar_pattern_ops);


--
-- Name: contratacion_datospersonales_nup_833b5d03_like; Type: INDEX; Schema: public; Owner: postgres
--

CREATE INDEX contratacion_datospersonales_nup_833b5d03_like ON public.contratacion_datospersonales USING btree (nup varchar_pattern_ops);


--
-- Name: contratacion_dependiente_id_datos_personales_id_f9cb4c18; Type: INDEX; Schema: public; Owner: postgres
--

CREATE INDEX contratacion_dependiente_id_datos_personales_id_f9cb4c18 ON public.contratacion_dependiente USING btree (id_datos_personales_id);


--
-- Name: contratacion_dependiente_id_tipo_dependiente_id_a02ab081; Type: INDEX; Schema: public; Owner: postgres
--

CREATE INDEX contratacion_dependiente_id_tipo_dependiente_id_a02ab081 ON public.contratacion_dependiente USING btree (id_tipo_dependiente_id);


--
-- Name: contratacion_estadocivil_nombre_c5906e9a_like; Type: INDEX; Schema: public; Owner: postgres
--

CREATE INDEX contratacion_estadocivil_nombre_c5906e9a_like ON public.contratacion_estadocivil USING btree (nombre varchar_pattern_ops);


--
-- Name: contratacion_estudiopersona_estudio_id_2c138efd; Type: INDEX; Schema: public; Owner: postgres
--

CREATE INDEX contratacion_estudiopersona_estudio_id_2c138efd ON public.contratacion_estudiopersona USING btree (estudio_id);


--
-- Name: contratacion_estudiopersona_id_datos_personales_id_6c37048e; Type: INDEX; Schema: public; Owner: postgres
--

CREATE INDEX contratacion_estudiopersona_id_datos_personales_id_6c37048e ON public.contratacion_estudiopersona USING btree (id_datos_personales_id);


--
-- Name: contratacion_estudios_id_nivel_estudio_id_3a5d1875; Type: INDEX; Schema: public; Owner: postgres
--

CREATE INDEX contratacion_estudios_id_nivel_estudio_id_3a5d1875 ON public.contratacion_estudios USING btree (id_nivel_estudio_id);


--
-- Name: contratacion_incrementosre_id_tipo_incremento_retenci_96514334; Type: INDEX; Schema: public; Owner: postgres
--

CREATE INDEX contratacion_incrementosre_id_tipo_incremento_retenci_96514334 ON public.contratacion_incrementosretencionesrangos USING btree (id_tipo_incremento_retencion_id);


--
-- Name: contratacion_incrementosre_id_tipo_periodo_id_c55b294e; Type: INDEX; Schema: public; Owner: postgres
--

CREATE INDEX contratacion_incrementosre_id_tipo_periodo_id_c55b294e ON public.contratacion_incrementosretencionesrangos USING btree (id_tipo_periodo_id);


--
-- Name: contratacion_movimientodecremento_id_tipo_retencion_id_a0a54a21; Type: INDEX; Schema: public; Owner: postgres
--

CREATE INDEX contratacion_movimientodecremento_id_tipo_retencion_id_a0a54a21 ON public.contratacion_movimientodecremento USING btree (id_tipo_retencion_id);


--
-- Name: contratacion_movimientodecremento_id_user_id_68da9361; Type: INDEX; Schema: public; Owner: postgres
--

CREATE INDEX contratacion_movimientodecremento_id_user_id_68da9361 ON public.contratacion_movimientodecremento USING btree (id_user_id);


--
-- Name: contratacion_movimientoinc_id_tipo_incremento_id_a66cc9a4; Type: INDEX; Schema: public; Owner: postgres
--

CREATE INDEX contratacion_movimientoinc_id_tipo_incremento_id_a66cc9a4 ON public.contratacion_movimientoincremento USING btree (id_tipo_incremento_id);


--
-- Name: contratacion_movimientoincremento_id_user_id_e5477e1a; Type: INDEX; Schema: public; Owner: postgres
--

CREATE INDEX contratacion_movimientoincremento_id_user_id_e5477e1a ON public.contratacion_movimientoincremento USING btree (id_user_id);


--
-- Name: contratacion_personaalergia_id_datos_personales_id_f38e352e; Type: INDEX; Schema: public; Owner: postgres
--

CREATE INDEX contratacion_personaalergia_id_datos_personales_id_f38e352e ON public.contratacion_personaalergia USING btree (id_datos_personales_id);


--
-- Name: contratacion_personaalergia_id_tipo_de_alergia_id_08c55ee4; Type: INDEX; Schema: public; Owner: postgres
--

CREATE INDEX contratacion_personaalergia_id_tipo_de_alergia_id_08c55ee4 ON public.contratacion_personaalergia USING btree (id_tipo_de_alergia_id);


--
-- Name: contratacion_personadiscap_id_datos_personales_id_517f03ff; Type: INDEX; Schema: public; Owner: postgres
--

CREATE INDEX contratacion_personadiscap_id_datos_personales_id_517f03ff ON public.contratacion_personadiscapacidad USING btree (id_datos_personales_id);


--
-- Name: contratacion_personadiscap_id_tipo_de_discapacidad_id_59ddc8a7; Type: INDEX; Schema: public; Owner: postgres
--

CREATE INDEX contratacion_personadiscap_id_tipo_de_discapacidad_id_59ddc8a7 ON public.contratacion_personadiscapacidad USING btree (id_tipo_de_discapacidad_id);


--
-- Name: contratacion_personanombre_id_datos_personales_id_7ae2615a; Type: INDEX; Schema: public; Owner: postgres
--

CREATE INDEX contratacion_personanombre_id_datos_personales_id_7ae2615a ON public.contratacion_personanombrespordocumento USING btree (id_datos_personales_id);


--
-- Name: contratacion_personanombre_id_tipo_de_documento_id_c3bf5687; Type: INDEX; Schema: public; Owner: postgres
--

CREATE INDEX contratacion_personanombre_id_tipo_de_documento_id_c3bf5687 ON public.contratacion_personanombrespordocumento USING btree (id_tipo_de_documento_id);


--
-- Name: contratacion_personavacuna_id_datos_personales_id_945faeed; Type: INDEX; Schema: public; Owner: postgres
--

CREATE INDEX contratacion_personavacuna_id_datos_personales_id_945faeed ON public.contratacion_personavacuna USING btree (id_datos_personales_id);


--
-- Name: contratacion_personavacuna_id_tipo_de_vacuna_id_da6e466a; Type: INDEX; Schema: public; Owner: postgres
--

CREATE INDEX contratacion_personavacuna_id_tipo_de_vacuna_id_da6e466a ON public.contratacion_personavacuna USING btree (id_tipo_de_vacuna_id);


--
-- Name: contratacion_prestamosregi_id_datos_personales_id_4e3c66d1; Type: INDEX; Schema: public; Owner: postgres
--

CREATE INDEX contratacion_prestamosregi_id_datos_personales_id_4e3c66d1 ON public.contratacion_prestamosregistropagos USING btree (id_datos_personales_id);


--
-- Name: contratacion_tareas_project_id_cae65d72; Type: INDEX; Schema: public; Owner: postgres
--

CREATE INDEX contratacion_tareas_project_id_cae65d72 ON public.contratacion_tareas USING btree (project_id);


--
-- Name: contratacion_tipoaccionpersonal_nombre_4c3084d0_like; Type: INDEX; Schema: public; Owner: postgres
--

CREATE INDEX contratacion_tipoaccionpersonal_nombre_4c3084d0_like ON public.contratacion_tipoaccionpersonal USING btree (nombre varchar_pattern_ops);


--
-- Name: contratacion_tipocontrato_codigo_2c758c01_like; Type: INDEX; Schema: public; Owner: postgres
--

CREATE INDEX contratacion_tipocontrato_codigo_2c758c01_like ON public.contratacion_tipocontrato USING btree (codigo varchar_pattern_ops);


--
-- Name: contratacion_tipodealergia_nombre_16a746d6_like; Type: INDEX; Schema: public; Owner: postgres
--

CREATE INDEX contratacion_tipodealergia_nombre_16a746d6_like ON public.contratacion_tipodealergia USING btree (nombre varchar_pattern_ops);


--
-- Name: contratacion_tipodediscapacidad_nombre_6b417cb3_like; Type: INDEX; Schema: public; Owner: postgres
--

CREATE INDEX contratacion_tipodediscapacidad_nombre_6b417cb3_like ON public.contratacion_tipodediscapacidad USING btree (nombre varchar_pattern_ops);


--
-- Name: contratacion_tipodependiente_codigo_09d66964_like; Type: INDEX; Schema: public; Owner: postgres
--

CREATE INDEX contratacion_tipodependiente_codigo_09d66964_like ON public.contratacion_tipodependiente USING btree (codigo varchar_pattern_ops);


--
-- Name: contratacion_tipodependiente_nombre_a0339b14_like; Type: INDEX; Schema: public; Owner: postgres
--

CREATE INDEX contratacion_tipodependiente_nombre_a0339b14_like ON public.contratacion_tipodependiente USING btree (nombre varchar_pattern_ops);


--
-- Name: contratacion_tipodevacuna_nombre_a4f3361f_like; Type: INDEX; Schema: public; Owner: postgres
--

CREATE INDEX contratacion_tipodevacuna_nombre_a4f3361f_like ON public.contratacion_tipodevacuna USING btree (nombre varchar_pattern_ops);


--
-- Name: contratacion_tipohora_codigo_f0177390_like; Type: INDEX; Schema: public; Owner: postgres
--

CREATE INDEX contratacion_tipohora_codigo_f0177390_like ON public.contratacion_tipohora USING btree (codigo varchar_pattern_ops);


--
-- Name: contratacion_tipoincrementoretencion_nombre_3edaf921_like; Type: INDEX; Schema: public; Owner: postgres
--

CREATE INDEX contratacion_tipoincrementoretencion_nombre_3edaf921_like ON public.contratacion_tipoincrementoretencion USING btree (nombre varchar_pattern_ops);


--
-- Name: contratacion_tipoperiodo_nombre_7c39bf3b_like; Type: INDEX; Schema: public; Owner: postgres
--

CREATE INDEX contratacion_tipoperiodo_nombre_7c39bf3b_like ON public.contratacion_tipoperiodo USING btree (nombre varchar_pattern_ops);


--
-- Name: django_admin_log_content_type_id_c4bce8eb; Type: INDEX; Schema: public; Owner: postgres
--

CREATE INDEX django_admin_log_content_type_id_c4bce8eb ON public.django_admin_log USING btree (content_type_id);


--
-- Name: django_admin_log_user_id_c564eba6; Type: INDEX; Schema: public; Owner: postgres
--

CREATE INDEX django_admin_log_user_id_c564eba6 ON public.django_admin_log USING btree (user_id);


--
-- Name: django_session_expire_date_a5c62663; Type: INDEX; Schema: public; Owner: postgres
--

CREATE INDEX django_session_expire_date_a5c62663 ON public.django_session USING btree (expire_date);


--
-- Name: django_session_session_key_c0390e0f_like; Type: INDEX; Schema: public; Owner: postgres
--

CREATE INDEX django_session_session_key_c0390e0f_like ON public.django_session USING btree (session_key varchar_pattern_ops);


--
-- Name: token_blacklist_outstandingtoken_jti_hex_d9bdf6f7_like; Type: INDEX; Schema: public; Owner: postgres
--

CREATE INDEX token_blacklist_outstandingtoken_jti_hex_d9bdf6f7_like ON public.token_blacklist_outstandingtoken USING btree (jti varchar_pattern_ops);


--
-- Name: token_blacklist_outstandingtoken_user_id_83bc629a; Type: INDEX; Schema: public; Owner: postgres
--

CREATE INDEX token_blacklist_outstandingtoken_user_id_83bc629a ON public.token_blacklist_outstandingtoken USING btree (user_id);


--
-- Name: centralTenan_area_codigo_5cf0e872_like; Type: INDEX; Schema: svinprocasa; Owner: postgres
--

CREATE INDEX "centralTenan_area_codigo_5cf0e872_like" ON svinprocasa."centralTenan_area" USING btree (codigo varchar_pattern_ops);


--
-- Name: centralTenan_area_id_director_id_9aea4ac9; Type: INDEX; Schema: svinprocasa; Owner: postgres
--

CREATE INDEX "centralTenan_area_id_director_id_9aea4ac9" ON svinprocasa."centralTenan_area" USING btree (id_director_id);


--
-- Name: centralTenan_area_nombre_6fd05e5f_like; Type: INDEX; Schema: svinprocasa; Owner: postgres
--

CREATE INDEX "centralTenan_area_nombre_6fd05e5f_like" ON svinprocasa."centralTenan_area" USING btree (nombre varchar_pattern_ops);


--
-- Name: centralTenan_centrodecosto_codigo_9e998a8e_like; Type: INDEX; Schema: svinprocasa; Owner: postgres
--

CREATE INDEX "centralTenan_centrodecosto_codigo_9e998a8e_like" ON svinprocasa."centralTenan_centrodecosto" USING btree (codigo varchar_pattern_ops);


--
-- Name: centralTenan_centrodecosto_nombre_7583740c_like; Type: INDEX; Schema: svinprocasa; Owner: postgres
--

CREATE INDEX "centralTenan_centrodecosto_nombre_7583740c_like" ON svinprocasa."centralTenan_centrodecosto" USING btree (nombre varchar_pattern_ops);


--
-- Name: centralTenan_ubicacion_codigo_93e990c9_like; Type: INDEX; Schema: svinprocasa; Owner: postgres
--

CREATE INDEX "centralTenan_ubicacion_codigo_93e990c9_like" ON svinprocasa."centralTenan_ubicacion" USING btree (codigo varchar_pattern_ops);


--
-- Name: centralTenan_ubicacion_id_tipo_de_ubicacion_id_c0f66a04; Type: INDEX; Schema: svinprocasa; Owner: postgres
--

CREATE INDEX "centralTenan_ubicacion_id_tipo_de_ubicacion_id_c0f66a04" ON svinprocasa."centralTenan_ubicacion" USING btree (id_tipo_de_ubicacion_id);


--
-- Name: centralTenan_ubicacion_nombre_c58777a2_like; Type: INDEX; Schema: svinprocasa; Owner: postgres
--

CREATE INDEX "centralTenan_ubicacion_nombre_c58777a2_like" ON svinprocasa."centralTenan_ubicacion" USING btree (nombre varchar_pattern_ops);


--
-- Name: contratacionTenan_accionpe_id_tipo_accion_personal_id_809e8ae4; Type: INDEX; Schema: svinprocasa; Owner: postgres
--

CREATE INDEX "contratacionTenan_accionpe_id_tipo_accion_personal_id_809e8ae4" ON svinprocasa."contratacionTenan_accionpersonal" USING btree (id_tipo_accion_personal_id);


--
-- Name: contratacionTenan_accionpersonal_cargo_nuevo_id_56e694e5; Type: INDEX; Schema: svinprocasa; Owner: postgres
--

CREATE INDEX "contratacionTenan_accionpersonal_cargo_nuevo_id_56e694e5" ON svinprocasa."contratacionTenan_accionpersonal" USING btree (cargo_nuevo_id);


--
-- Name: contratacionTenan_accionpersonal_ccosto_nuevo_id_fa49b1bd; Type: INDEX; Schema: svinprocasa; Owner: postgres
--

CREATE INDEX "contratacionTenan_accionpersonal_ccosto_nuevo_id_fa49b1bd" ON svinprocasa."contratacionTenan_accionpersonal" USING btree (id_centro_de_costo_id);


--
-- Name: contratacionTenan_accionpersonal_departamento_nuevo_id_2915a084; Type: INDEX; Schema: svinprocasa; Owner: postgres
--

CREATE INDEX "contratacionTenan_accionpersonal_departamento_nuevo_id_2915a084" ON svinprocasa."contratacionTenan_accionpersonal" USING btree (departamento_nuevo_id);


--
-- Name: contratacionTenan_accionpersonal_id_afectado_id_496816fa; Type: INDEX; Schema: svinprocasa; Owner: postgres
--

CREATE INDEX "contratacionTenan_accionpersonal_id_afectado_id_496816fa" ON svinprocasa."contratacionTenan_accionpersonal" USING btree (id_afectado_id);


--
-- Name: contratacionTenan_accionpersonal_id_cargo_id_2702d0b5; Type: INDEX; Schema: svinprocasa; Owner: postgres
--

CREATE INDEX "contratacionTenan_accionpersonal_id_cargo_id_2702d0b5" ON svinprocasa."contratacionTenan_accionpersonal" USING btree (id_cargo_id);


--
-- Name: contratacionTenan_accionpersonal_id_departamento_id_399ca0d8; Type: INDEX; Schema: svinprocasa; Owner: postgres
--

CREATE INDEX "contratacionTenan_accionpersonal_id_departamento_id_399ca0d8" ON svinprocasa."contratacionTenan_accionpersonal" USING btree (id_departamento_id);


--
-- Name: contratacionTenan_accionpersonal_id_director_area_id_6301dfb0; Type: INDEX; Schema: svinprocasa; Owner: postgres
--

CREATE INDEX "contratacionTenan_accionpersonal_id_director_area_id_6301dfb0" ON svinprocasa."contratacionTenan_accionpersonal" USING btree (id_director_area_id);


--
-- Name: contratacionTenan_accionpersonal_id_encargado_id_094e9892; Type: INDEX; Schema: svinprocasa; Owner: postgres
--

CREATE INDEX "contratacionTenan_accionpersonal_id_encargado_id_094e9892" ON svinprocasa."contratacionTenan_accionpersonal" USING btree (id_encargado_id);


--
-- Name: contratacionTenan_accionpersonal_id_gerente_general_id_9d690726; Type: INDEX; Schema: svinprocasa; Owner: postgres
--

CREATE INDEX "contratacionTenan_accionpersonal_id_gerente_general_id_9d690726" ON svinprocasa."contratacionTenan_accionpersonal" USING btree (id_gerente_general_id);


--
-- Name: contratacionTenan_accionpersonal_id_gerente_rhu_id_8daf2c37; Type: INDEX; Schema: svinprocasa; Owner: postgres
--

CREATE INDEX "contratacionTenan_accionpersonal_id_gerente_rhu_id_8daf2c37" ON svinprocasa."contratacionTenan_accionpersonal" USING btree (id_gerente_rhu_id);


--
-- Name: contratacionTenan_accionpersonal_id_municipio_id_478b8450; Type: INDEX; Schema: svinprocasa; Owner: postgres
--

CREATE INDEX "contratacionTenan_accionpersonal_id_municipio_id_478b8450" ON svinprocasa."contratacionTenan_accionpersonal" USING btree (id_municipio_id);


--
-- Name: contratacionTenan_accionpersonal_id_sexo_id_316c8633; Type: INDEX; Schema: svinprocasa; Owner: postgres
--

CREATE INDEX "contratacionTenan_accionpersonal_id_sexo_id_316c8633" ON svinprocasa."contratacionTenan_accionpersonal" USING btree (id_sexo_id);


--
-- Name: contratacionTenan_accionpersonal_ubicacion_nuevo_id_6a25633f; Type: INDEX; Schema: svinprocasa; Owner: postgres
--

CREATE INDEX "contratacionTenan_accionpersonal_ubicacion_nuevo_id_6a25633f" ON svinprocasa."contratacionTenan_accionpersonal" USING btree (id_ubicacion_id);


--
-- Name: contratacionTenan_cargo_codigo_33e3e212_like; Type: INDEX; Schema: svinprocasa; Owner: postgres
--

CREATE INDEX "contratacionTenan_cargo_codigo_33e3e212_like" ON svinprocasa."contratacionTenan_cargo" USING btree (codigo varchar_pattern_ops);


--
-- Name: contratacionTenan_cargo_id_nivel_empleado_id_c93603a7; Type: INDEX; Schema: svinprocasa; Owner: postgres
--

CREATE INDEX "contratacionTenan_cargo_id_nivel_empleado_id_c93603a7" ON svinprocasa."contratacionTenan_cargo" USING btree (id_nivel_empleado_id);


--
-- Name: contratacionTenan_detallep_id_tipo_incremento_retenci_01ebf41f; Type: INDEX; Schema: svinprocasa; Owner: postgres
--

CREATE INDEX "contratacionTenan_detallep_id_tipo_incremento_retenci_01ebf41f" ON svinprocasa."contratacionTenan_detalleplanilla" USING btree (id_tipo_incremento_retencion_id);


--
-- Name: contratacionTenan_detalleplanilla_id_planilla_id_8e542d5c; Type: INDEX; Schema: svinprocasa; Owner: postgres
--

CREATE INDEX "contratacionTenan_detalleplanilla_id_planilla_id_8e542d5c" ON svinprocasa."contratacionTenan_detalleplanilla" USING btree (id_planilla_id);


--
-- Name: contratacionTenan_empleado_id_area_id_80f9410a; Type: INDEX; Schema: svinprocasa; Owner: postgres
--

CREATE INDEX "contratacionTenan_empleado_id_area_id_80f9410a" ON svinprocasa."contratacionTenan_empleado" USING btree (id_area_id);


--
-- Name: contratacionTenan_empleado_id_cargo_id_0320e08b; Type: INDEX; Schema: svinprocasa; Owner: postgres
--

CREATE INDEX "contratacionTenan_empleado_id_cargo_id_0320e08b" ON svinprocasa."contratacionTenan_empleado" USING btree (id_cargo_id);


--
-- Name: contratacionTenan_empleado_id_centro_de_costo_id_7b566395; Type: INDEX; Schema: svinprocasa; Owner: postgres
--

CREATE INDEX "contratacionTenan_empleado_id_centro_de_costo_id_7b566395" ON svinprocasa."contratacionTenan_empleado" USING btree (id_centro_de_costo_id);


--
-- Name: contratacionTenan_empleado_id_datos_personales_id_9d144ec6; Type: INDEX; Schema: svinprocasa; Owner: postgres
--

CREATE INDEX "contratacionTenan_empleado_id_datos_personales_id_9d144ec6" ON svinprocasa."contratacionTenan_empleado" USING btree (id_datos_personales_id);


--
-- Name: contratacionTenan_empleado_id_tipo_periodo_id_6b5e74fc; Type: INDEX; Schema: svinprocasa; Owner: postgres
--

CREATE INDEX "contratacionTenan_empleado_id_tipo_periodo_id_6b5e74fc" ON svinprocasa."contratacionTenan_empleado" USING btree (id_tipo_periodo_id);


--
-- Name: contratacionTenan_empleado_id_ubicacion_id_b4a7c449; Type: INDEX; Schema: svinprocasa; Owner: postgres
--

CREATE INDEX "contratacionTenan_empleado_id_ubicacion_id_b4a7c449" ON svinprocasa."contratacionTenan_empleado" USING btree (id_ubicacion_id);


--
-- Name: contratacionTenan_movaplic_id_movimiento_decremento_i_bdbcfb96; Type: INDEX; Schema: svinprocasa; Owner: postgres
--

CREATE INDEX "contratacionTenan_movaplic_id_movimiento_decremento_i_bdbcfb96" ON svinprocasa."contratacionTenan_movaplicadecremento" USING btree (id_movimiento_decremento_id);


--
-- Name: contratacionTenan_movaplic_id_movimiento_incremento_i_07aa0394; Type: INDEX; Schema: svinprocasa; Owner: postgres
--

CREATE INDEX "contratacionTenan_movaplic_id_movimiento_incremento_i_07aa0394" ON svinprocasa."contratacionTenan_movaplicaincremento" USING btree (id_movimiento_incremento_id);


--
-- Name: contratacionTenan_movaplic_id_periodo_planificado_id_d408ef9d; Type: INDEX; Schema: svinprocasa; Owner: postgres
--

CREATE INDEX "contratacionTenan_movaplic_id_periodo_planificado_id_d408ef9d" ON svinprocasa."contratacionTenan_movaplicaincremento" USING btree (id_periodo_planificado_id);


--
-- Name: contratacionTenan_movaplic_id_periodo_planificado_id_f27cf1fa; Type: INDEX; Schema: svinprocasa; Owner: postgres
--

CREATE INDEX "contratacionTenan_movaplic_id_periodo_planificado_id_f27cf1fa" ON svinprocasa."contratacionTenan_movaplicadecremento" USING btree (id_periodo_planificado_id);


--
-- Name: contratacionTenan_movaplicadecremento_id_empleado_id_a3f368a5; Type: INDEX; Schema: svinprocasa; Owner: postgres
--

CREATE INDEX "contratacionTenan_movaplicadecremento_id_empleado_id_a3f368a5" ON svinprocasa."contratacionTenan_movaplicadecremento" USING btree (id_empleado_id);


--
-- Name: contratacionTenan_movaplicadecremento_id_user_id_83c33d33; Type: INDEX; Schema: svinprocasa; Owner: postgres
--

CREATE INDEX "contratacionTenan_movaplicadecremento_id_user_id_83c33d33" ON svinprocasa."contratacionTenan_movaplicadecremento" USING btree (id_user_id);


--
-- Name: contratacionTenan_movaplicaincremento_id_empleado_id_99c41f91; Type: INDEX; Schema: svinprocasa; Owner: postgres
--

CREATE INDEX "contratacionTenan_movaplicaincremento_id_empleado_id_99c41f91" ON svinprocasa."contratacionTenan_movaplicaincremento" USING btree (id_empleado_id);


--
-- Name: contratacionTenan_movaplicaincremento_id_user_id_6efdeec4; Type: INDEX; Schema: svinprocasa; Owner: postgres
--

CREATE INDEX "contratacionTenan_movaplicaincremento_id_user_id_6efdeec4" ON svinprocasa."contratacionTenan_movaplicaincremento" USING btree (id_user_id);


--
-- Name: contratacionTenan_ordendes_id_institucion_financiera__e024dc45; Type: INDEX; Schema: svinprocasa; Owner: postgres
--

CREATE INDEX "contratacionTenan_ordendes_id_institucion_financiera__e024dc45" ON svinprocasa."contratacionTenan_ordendescuento" USING btree (id_institucion_financiera_id);


--
-- Name: contratacionTenan_ordendescuento_id_empleado_id_5ffcd081; Type: INDEX; Schema: svinprocasa; Owner: postgres
--

CREATE INDEX "contratacionTenan_ordendescuento_id_empleado_id_5ffcd081" ON svinprocasa."contratacionTenan_ordendescuento" USING btree (id_empleado_id);


--
-- Name: contratacionTenan_periodo_mes_id_3594d383; Type: INDEX; Schema: svinprocasa; Owner: postgres
--

CREATE INDEX "contratacionTenan_periodo_mes_id_3594d383" ON svinprocasa."contratacionTenan_periodo" USING btree (mes_id);


--
-- Name: contratacionTenan_planilla_id_empleado_id_36ed8364; Type: INDEX; Schema: svinprocasa; Owner: postgres
--

CREATE INDEX "contratacionTenan_planilla_id_empleado_id_36ed8364" ON svinprocasa."contratacionTenan_planilla" USING btree (id_empleado_id);


--
-- Name: contratacionTenan_planilla_id_encabezado_id_34d2cc29; Type: INDEX; Schema: svinprocasa; Owner: postgres
--

CREATE INDEX "contratacionTenan_planilla_id_encabezado_id_34d2cc29" ON svinprocasa."contratacionTenan_planilla" USING btree (id_encabezado_id);


--
-- Name: contratacionTenan_planillaencabezado_id_estado_id_34792738; Type: INDEX; Schema: svinprocasa; Owner: postgres
--

CREATE INDEX "contratacionTenan_planillaencabezado_id_estado_id_34792738" ON svinprocasa."contratacionTenan_planillaencabezado" USING btree (id_estado_id);


--
-- Name: contratacionTenan_planillaencabezado_id_periodo_id_19e91050; Type: INDEX; Schema: svinprocasa; Owner: postgres
--

CREATE INDEX "contratacionTenan_planillaencabezado_id_periodo_id_19e91050" ON svinprocasa."contratacionTenan_planillaencabezado" USING btree (id_periodo_id);


--
-- Name: contratacionTenan_planillaencabezado_id_tipo_id_f7d3d1a0; Type: INDEX; Schema: svinprocasa; Owner: postgres
--

CREATE INDEX "contratacionTenan_planillaencabezado_id_tipo_id_f7d3d1a0" ON svinprocasa."contratacionTenan_planillaencabezado" USING btree (id_tipo_id);


--
-- Name: contratacionTenan_planillaencabezado_id_user_id_8f2ddfdc; Type: INDEX; Schema: svinprocasa; Owner: postgres
--

CREATE INDEX "contratacionTenan_planillaencabezado_id_user_id_8f2ddfdc" ON svinprocasa."contratacionTenan_planillaencabezado" USING btree (id_user_id);


--
-- Name: contratacionTenan_prestamo_id_datos_personales_id_50dd566f; Type: INDEX; Schema: svinprocasa; Owner: postgres
--

CREATE INDEX "contratacionTenan_prestamo_id_datos_personales_id_50dd566f" ON svinprocasa."contratacionTenan_prestamosregistropagos" USING btree (id_datos_personales_id);


--
-- Name: contratacionTenan_prestamo_id_detalle_planilla_id_d6e1980d; Type: INDEX; Schema: svinprocasa; Owner: postgres
--

CREATE INDEX "contratacionTenan_prestamo_id_detalle_planilla_id_d6e1980d" ON svinprocasa."contratacionTenan_prestamosregistropagos" USING btree (id_detalle_planilla_id);


--
-- Name: contratacionTenan_recordcr_id_detalle_planilla_id_ff88943e; Type: INDEX; Schema: svinprocasa; Owner: postgres
--

CREATE INDEX "contratacionTenan_recordcr_id_detalle_planilla_id_ff88943e" ON svinprocasa."contratacionTenan_recordcrediticio" USING btree (id_detalle_planilla_id);


--
-- Name: contratacionTenan_recordcr_id_orden_descuento_id_f721ca05; Type: INDEX; Schema: svinprocasa; Owner: postgres
--

CREATE INDEX "contratacionTenan_recordcr_id_orden_descuento_id_f721ca05" ON svinprocasa."contratacionTenan_recordcrediticio" USING btree (id_orden_descuento_id);


--
-- Name: centralTenan_area_codigo_5cf0e872_like; Type: INDEX; Schema: svmegatelas; Owner: postgres
--

CREATE INDEX "centralTenan_area_codigo_5cf0e872_like" ON svmegatelas."centralTenan_area" USING btree (codigo varchar_pattern_ops);


--
-- Name: centralTenan_area_id_director_id_9aea4ac9; Type: INDEX; Schema: svmegatelas; Owner: postgres
--

CREATE INDEX "centralTenan_area_id_director_id_9aea4ac9" ON svmegatelas."centralTenan_area" USING btree (id_director_id);


--
-- Name: centralTenan_area_nombre_6fd05e5f_like; Type: INDEX; Schema: svmegatelas; Owner: postgres
--

CREATE INDEX "centralTenan_area_nombre_6fd05e5f_like" ON svmegatelas."centralTenan_area" USING btree (nombre varchar_pattern_ops);


--
-- Name: centralTenan_centrodecosto_codigo_9e998a8e_like; Type: INDEX; Schema: svmegatelas; Owner: postgres
--

CREATE INDEX "centralTenan_centrodecosto_codigo_9e998a8e_like" ON svmegatelas."centralTenan_centrodecosto" USING btree (codigo varchar_pattern_ops);


--
-- Name: centralTenan_centrodecosto_nombre_7583740c_like; Type: INDEX; Schema: svmegatelas; Owner: postgres
--

CREATE INDEX "centralTenan_centrodecosto_nombre_7583740c_like" ON svmegatelas."centralTenan_centrodecosto" USING btree (nombre varchar_pattern_ops);


--
-- Name: centralTenan_ubicacion_codigo_93e990c9_like; Type: INDEX; Schema: svmegatelas; Owner: postgres
--

CREATE INDEX "centralTenan_ubicacion_codigo_93e990c9_like" ON svmegatelas."centralTenan_ubicacion" USING btree (codigo varchar_pattern_ops);


--
-- Name: centralTenan_ubicacion_id_tipo_de_ubicacion_id_c0f66a04; Type: INDEX; Schema: svmegatelas; Owner: postgres
--

CREATE INDEX "centralTenan_ubicacion_id_tipo_de_ubicacion_id_c0f66a04" ON svmegatelas."centralTenan_ubicacion" USING btree (id_tipo_de_ubicacion_id);


--
-- Name: centralTenan_ubicacion_nombre_c58777a2_like; Type: INDEX; Schema: svmegatelas; Owner: postgres
--

CREATE INDEX "centralTenan_ubicacion_nombre_c58777a2_like" ON svmegatelas."centralTenan_ubicacion" USING btree (nombre varchar_pattern_ops);


--
-- Name: contratacionTenan_accionpe_id_tipo_accion_personal_id_809e8ae4; Type: INDEX; Schema: svmegatelas; Owner: postgres
--

CREATE INDEX "contratacionTenan_accionpe_id_tipo_accion_personal_id_809e8ae4" ON svmegatelas."contratacionTenan_accionpersonal" USING btree (id_tipo_accion_personal_id);


--
-- Name: contratacionTenan_accionpersonal_cargo_nuevo_id_56e694e5; Type: INDEX; Schema: svmegatelas; Owner: postgres
--

CREATE INDEX "contratacionTenan_accionpersonal_cargo_nuevo_id_56e694e5" ON svmegatelas."contratacionTenan_accionpersonal" USING btree (cargo_nuevo_id);


--
-- Name: contratacionTenan_accionpersonal_ccosto_nuevo_id_fa49b1bd; Type: INDEX; Schema: svmegatelas; Owner: postgres
--

CREATE INDEX "contratacionTenan_accionpersonal_ccosto_nuevo_id_fa49b1bd" ON svmegatelas."contratacionTenan_accionpersonal" USING btree (id_centro_de_costo_id);


--
-- Name: contratacionTenan_accionpersonal_departamento_nuevo_id_2915a084; Type: INDEX; Schema: svmegatelas; Owner: postgres
--

CREATE INDEX "contratacionTenan_accionpersonal_departamento_nuevo_id_2915a084" ON svmegatelas."contratacionTenan_accionpersonal" USING btree (departamento_nuevo_id);


--
-- Name: contratacionTenan_accionpersonal_id_afectado_id_496816fa; Type: INDEX; Schema: svmegatelas; Owner: postgres
--

CREATE INDEX "contratacionTenan_accionpersonal_id_afectado_id_496816fa" ON svmegatelas."contratacionTenan_accionpersonal" USING btree (id_afectado_id);


--
-- Name: contratacionTenan_accionpersonal_id_cargo_id_2702d0b5; Type: INDEX; Schema: svmegatelas; Owner: postgres
--

CREATE INDEX "contratacionTenan_accionpersonal_id_cargo_id_2702d0b5" ON svmegatelas."contratacionTenan_accionpersonal" USING btree (id_cargo_id);


--
-- Name: contratacionTenan_accionpersonal_id_departamento_id_399ca0d8; Type: INDEX; Schema: svmegatelas; Owner: postgres
--

CREATE INDEX "contratacionTenan_accionpersonal_id_departamento_id_399ca0d8" ON svmegatelas."contratacionTenan_accionpersonal" USING btree (id_departamento_id);


--
-- Name: contratacionTenan_accionpersonal_id_director_area_id_6301dfb0; Type: INDEX; Schema: svmegatelas; Owner: postgres
--

CREATE INDEX "contratacionTenan_accionpersonal_id_director_area_id_6301dfb0" ON svmegatelas."contratacionTenan_accionpersonal" USING btree (id_director_area_id);


--
-- Name: contratacionTenan_accionpersonal_id_encargado_id_094e9892; Type: INDEX; Schema: svmegatelas; Owner: postgres
--

CREATE INDEX "contratacionTenan_accionpersonal_id_encargado_id_094e9892" ON svmegatelas."contratacionTenan_accionpersonal" USING btree (id_encargado_id);


--
-- Name: contratacionTenan_accionpersonal_id_gerente_general_id_9d690726; Type: INDEX; Schema: svmegatelas; Owner: postgres
--

CREATE INDEX "contratacionTenan_accionpersonal_id_gerente_general_id_9d690726" ON svmegatelas."contratacionTenan_accionpersonal" USING btree (id_gerente_general_id);


--
-- Name: contratacionTenan_accionpersonal_id_gerente_rhu_id_8daf2c37; Type: INDEX; Schema: svmegatelas; Owner: postgres
--

CREATE INDEX "contratacionTenan_accionpersonal_id_gerente_rhu_id_8daf2c37" ON svmegatelas."contratacionTenan_accionpersonal" USING btree (id_gerente_rhu_id);


--
-- Name: contratacionTenan_accionpersonal_id_municipio_id_478b8450; Type: INDEX; Schema: svmegatelas; Owner: postgres
--

CREATE INDEX "contratacionTenan_accionpersonal_id_municipio_id_478b8450" ON svmegatelas."contratacionTenan_accionpersonal" USING btree (id_municipio_id);


--
-- Name: contratacionTenan_accionpersonal_id_sexo_id_316c8633; Type: INDEX; Schema: svmegatelas; Owner: postgres
--

CREATE INDEX "contratacionTenan_accionpersonal_id_sexo_id_316c8633" ON svmegatelas."contratacionTenan_accionpersonal" USING btree (id_sexo_id);


--
-- Name: contratacionTenan_accionpersonal_ubicacion_nuevo_id_6a25633f; Type: INDEX; Schema: svmegatelas; Owner: postgres
--

CREATE INDEX "contratacionTenan_accionpersonal_ubicacion_nuevo_id_6a25633f" ON svmegatelas."contratacionTenan_accionpersonal" USING btree (id_ubicacion_id);


--
-- Name: contratacionTenan_cargo_codigo_33e3e212_like; Type: INDEX; Schema: svmegatelas; Owner: postgres
--

CREATE INDEX "contratacionTenan_cargo_codigo_33e3e212_like" ON svmegatelas."contratacionTenan_cargo" USING btree (codigo varchar_pattern_ops);


--
-- Name: contratacionTenan_cargo_id_nivel_empleado_id_c93603a7; Type: INDEX; Schema: svmegatelas; Owner: postgres
--

CREATE INDEX "contratacionTenan_cargo_id_nivel_empleado_id_c93603a7" ON svmegatelas."contratacionTenan_cargo" USING btree (id_nivel_empleado_id);


--
-- Name: contratacionTenan_detallep_id_tipo_incremento_retenci_01ebf41f; Type: INDEX; Schema: svmegatelas; Owner: postgres
--

CREATE INDEX "contratacionTenan_detallep_id_tipo_incremento_retenci_01ebf41f" ON svmegatelas."contratacionTenan_detalleplanilla" USING btree (id_tipo_incremento_retencion_id);


--
-- Name: contratacionTenan_detalleplanilla_id_planilla_id_8e542d5c; Type: INDEX; Schema: svmegatelas; Owner: postgres
--

CREATE INDEX "contratacionTenan_detalleplanilla_id_planilla_id_8e542d5c" ON svmegatelas."contratacionTenan_detalleplanilla" USING btree (id_planilla_id);


--
-- Name: contratacionTenan_empleado_id_area_id_80f9410a; Type: INDEX; Schema: svmegatelas; Owner: postgres
--

CREATE INDEX "contratacionTenan_empleado_id_area_id_80f9410a" ON svmegatelas."contratacionTenan_empleado" USING btree (id_area_id);


--
-- Name: contratacionTenan_empleado_id_cargo_id_0320e08b; Type: INDEX; Schema: svmegatelas; Owner: postgres
--

CREATE INDEX "contratacionTenan_empleado_id_cargo_id_0320e08b" ON svmegatelas."contratacionTenan_empleado" USING btree (id_cargo_id);


--
-- Name: contratacionTenan_empleado_id_centro_de_costo_id_7b566395; Type: INDEX; Schema: svmegatelas; Owner: postgres
--

CREATE INDEX "contratacionTenan_empleado_id_centro_de_costo_id_7b566395" ON svmegatelas."contratacionTenan_empleado" USING btree (id_centro_de_costo_id);


--
-- Name: contratacionTenan_empleado_id_datos_personales_id_9d144ec6; Type: INDEX; Schema: svmegatelas; Owner: postgres
--

CREATE INDEX "contratacionTenan_empleado_id_datos_personales_id_9d144ec6" ON svmegatelas."contratacionTenan_empleado" USING btree (id_datos_personales_id);


--
-- Name: contratacionTenan_empleado_id_tipo_periodo_id_6b5e74fc; Type: INDEX; Schema: svmegatelas; Owner: postgres
--

CREATE INDEX "contratacionTenan_empleado_id_tipo_periodo_id_6b5e74fc" ON svmegatelas."contratacionTenan_empleado" USING btree (id_tipo_periodo_id);


--
-- Name: contratacionTenan_empleado_id_ubicacion_id_b4a7c449; Type: INDEX; Schema: svmegatelas; Owner: postgres
--

CREATE INDEX "contratacionTenan_empleado_id_ubicacion_id_b4a7c449" ON svmegatelas."contratacionTenan_empleado" USING btree (id_ubicacion_id);


--
-- Name: contratacionTenan_movaplic_id_movimiento_decremento_i_bdbcfb96; Type: INDEX; Schema: svmegatelas; Owner: postgres
--

CREATE INDEX "contratacionTenan_movaplic_id_movimiento_decremento_i_bdbcfb96" ON svmegatelas."contratacionTenan_movaplicadecremento" USING btree (id_movimiento_decremento_id);


--
-- Name: contratacionTenan_movaplic_id_movimiento_incremento_i_07aa0394; Type: INDEX; Schema: svmegatelas; Owner: postgres
--

CREATE INDEX "contratacionTenan_movaplic_id_movimiento_incremento_i_07aa0394" ON svmegatelas."contratacionTenan_movaplicaincremento" USING btree (id_movimiento_incremento_id);


--
-- Name: contratacionTenan_movaplic_id_periodo_planificado_id_d408ef9d; Type: INDEX; Schema: svmegatelas; Owner: postgres
--

CREATE INDEX "contratacionTenan_movaplic_id_periodo_planificado_id_d408ef9d" ON svmegatelas."contratacionTenan_movaplicaincremento" USING btree (id_periodo_planificado_id);


--
-- Name: contratacionTenan_movaplic_id_periodo_planificado_id_f27cf1fa; Type: INDEX; Schema: svmegatelas; Owner: postgres
--

CREATE INDEX "contratacionTenan_movaplic_id_periodo_planificado_id_f27cf1fa" ON svmegatelas."contratacionTenan_movaplicadecremento" USING btree (id_periodo_planificado_id);


--
-- Name: contratacionTenan_movaplicadecremento_id_empleado_id_a3f368a5; Type: INDEX; Schema: svmegatelas; Owner: postgres
--

CREATE INDEX "contratacionTenan_movaplicadecremento_id_empleado_id_a3f368a5" ON svmegatelas."contratacionTenan_movaplicadecremento" USING btree (id_empleado_id);


--
-- Name: contratacionTenan_movaplicadecremento_id_user_id_83c33d33; Type: INDEX; Schema: svmegatelas; Owner: postgres
--

CREATE INDEX "contratacionTenan_movaplicadecremento_id_user_id_83c33d33" ON svmegatelas."contratacionTenan_movaplicadecremento" USING btree (id_user_id);


--
-- Name: contratacionTenan_movaplicaincremento_id_empleado_id_99c41f91; Type: INDEX; Schema: svmegatelas; Owner: postgres
--

CREATE INDEX "contratacionTenan_movaplicaincremento_id_empleado_id_99c41f91" ON svmegatelas."contratacionTenan_movaplicaincremento" USING btree (id_empleado_id);


--
-- Name: contratacionTenan_movaplicaincremento_id_user_id_6efdeec4; Type: INDEX; Schema: svmegatelas; Owner: postgres
--

CREATE INDEX "contratacionTenan_movaplicaincremento_id_user_id_6efdeec4" ON svmegatelas."contratacionTenan_movaplicaincremento" USING btree (id_user_id);


--
-- Name: contratacionTenan_ordendes_id_institucion_financiera__e024dc45; Type: INDEX; Schema: svmegatelas; Owner: postgres
--

CREATE INDEX "contratacionTenan_ordendes_id_institucion_financiera__e024dc45" ON svmegatelas."contratacionTenan_ordendescuento" USING btree (id_institucion_financiera_id);


--
-- Name: contratacionTenan_ordendescuento_id_empleado_id_5ffcd081; Type: INDEX; Schema: svmegatelas; Owner: postgres
--

CREATE INDEX "contratacionTenan_ordendescuento_id_empleado_id_5ffcd081" ON svmegatelas."contratacionTenan_ordendescuento" USING btree (id_empleado_id);


--
-- Name: contratacionTenan_periodo_mes_id_3594d383; Type: INDEX; Schema: svmegatelas; Owner: postgres
--

CREATE INDEX "contratacionTenan_periodo_mes_id_3594d383" ON svmegatelas."contratacionTenan_periodo" USING btree (mes_id);


--
-- Name: contratacionTenan_planilla_id_empleado_id_36ed8364; Type: INDEX; Schema: svmegatelas; Owner: postgres
--

CREATE INDEX "contratacionTenan_planilla_id_empleado_id_36ed8364" ON svmegatelas."contratacionTenan_planilla" USING btree (id_empleado_id);


--
-- Name: contratacionTenan_planilla_id_encabezado_id_34d2cc29; Type: INDEX; Schema: svmegatelas; Owner: postgres
--

CREATE INDEX "contratacionTenan_planilla_id_encabezado_id_34d2cc29" ON svmegatelas."contratacionTenan_planilla" USING btree (id_encabezado_id);


--
-- Name: contratacionTenan_planillaencabezado_id_estado_id_34792738; Type: INDEX; Schema: svmegatelas; Owner: postgres
--

CREATE INDEX "contratacionTenan_planillaencabezado_id_estado_id_34792738" ON svmegatelas."contratacionTenan_planillaencabezado" USING btree (id_estado_id);


--
-- Name: contratacionTenan_planillaencabezado_id_periodo_id_19e91050; Type: INDEX; Schema: svmegatelas; Owner: postgres
--

CREATE INDEX "contratacionTenan_planillaencabezado_id_periodo_id_19e91050" ON svmegatelas."contratacionTenan_planillaencabezado" USING btree (id_periodo_id);


--
-- Name: contratacionTenan_planillaencabezado_id_tipo_id_f7d3d1a0; Type: INDEX; Schema: svmegatelas; Owner: postgres
--

CREATE INDEX "contratacionTenan_planillaencabezado_id_tipo_id_f7d3d1a0" ON svmegatelas."contratacionTenan_planillaencabezado" USING btree (id_tipo_id);


--
-- Name: contratacionTenan_planillaencabezado_id_user_id_8f2ddfdc; Type: INDEX; Schema: svmegatelas; Owner: postgres
--

CREATE INDEX "contratacionTenan_planillaencabezado_id_user_id_8f2ddfdc" ON svmegatelas."contratacionTenan_planillaencabezado" USING btree (id_user_id);


--
-- Name: contratacionTenan_prestamo_id_datos_personales_id_50dd566f; Type: INDEX; Schema: svmegatelas; Owner: postgres
--

CREATE INDEX "contratacionTenan_prestamo_id_datos_personales_id_50dd566f" ON svmegatelas."contratacionTenan_prestamosregistropagos" USING btree (id_datos_personales_id);


--
-- Name: contratacionTenan_prestamo_id_detalle_planilla_id_d6e1980d; Type: INDEX; Schema: svmegatelas; Owner: postgres
--

CREATE INDEX "contratacionTenan_prestamo_id_detalle_planilla_id_d6e1980d" ON svmegatelas."contratacionTenan_prestamosregistropagos" USING btree (id_detalle_planilla_id);


--
-- Name: contratacionTenan_recordcr_id_detalle_planilla_id_ff88943e; Type: INDEX; Schema: svmegatelas; Owner: postgres
--

CREATE INDEX "contratacionTenan_recordcr_id_detalle_planilla_id_ff88943e" ON svmegatelas."contratacionTenan_recordcrediticio" USING btree (id_detalle_planilla_id);


--
-- Name: contratacionTenan_recordcr_id_orden_descuento_id_f721ca05; Type: INDEX; Schema: svmegatelas; Owner: postgres
--

CREATE INDEX "contratacionTenan_recordcr_id_orden_descuento_id_f721ca05" ON svmegatelas."contratacionTenan_recordcrediticio" USING btree (id_orden_descuento_id);


--
-- Name: centralTenan_area centralTenan_area_id_director_id_9aea4ac9_fk_contratac; Type: FK CONSTRAINT; Schema: bomba; Owner: postgres
--

ALTER TABLE ONLY bomba."centralTenan_area"
    ADD CONSTRAINT "centralTenan_area_id_director_id_9aea4ac9_fk_contratac" FOREIGN KEY (id_director_id) REFERENCES public.contratacion_datospersonales(id) DEFERRABLE INITIALLY DEFERRED;


--
-- Name: centralTenan_ubicacion centralTenan_ubicaci_id_tipo_de_ubicacion_c0f66a04_fk_central_t; Type: FK CONSTRAINT; Schema: bomba; Owner: postgres
--

ALTER TABLE ONLY bomba."centralTenan_ubicacion"
    ADD CONSTRAINT "centralTenan_ubicaci_id_tipo_de_ubicacion_c0f66a04_fk_central_t" FOREIGN KEY (id_tipo_de_ubicacion_id) REFERENCES public.central_tipodeubicacion(id) DEFERRABLE INITIALLY DEFERRED;


--
-- Name: contratacionTenan_accionpersonal contratacionTenan_ac_cargo_nuevo_id_56e694e5_fk_contratac; Type: FK CONSTRAINT; Schema: bomba; Owner: postgres
--

ALTER TABLE ONLY bomba."contratacionTenan_accionpersonal"
    ADD CONSTRAINT "contratacionTenan_ac_cargo_nuevo_id_56e694e5_fk_contratac" FOREIGN KEY (cargo_nuevo_id) REFERENCES bomba."contratacionTenan_cargo"(id) DEFERRABLE INITIALLY DEFERRED;


--
-- Name: contratacionTenan_accionpersonal contratacionTenan_ac_departamento_nuevo_i_2915a084_fk_centralTe; Type: FK CONSTRAINT; Schema: bomba; Owner: postgres
--

ALTER TABLE ONLY bomba."contratacionTenan_accionpersonal"
    ADD CONSTRAINT "contratacionTenan_ac_departamento_nuevo_i_2915a084_fk_centralTe" FOREIGN KEY (departamento_nuevo_id) REFERENCES bomba."centralTenan_area"(id) DEFERRABLE INITIALLY DEFERRED;


--
-- Name: contratacionTenan_accionpersonal contratacionTenan_ac_id_afectado_id_496816fa_fk_contratac; Type: FK CONSTRAINT; Schema: bomba; Owner: postgres
--

ALTER TABLE ONLY bomba."contratacionTenan_accionpersonal"
    ADD CONSTRAINT "contratacionTenan_ac_id_afectado_id_496816fa_fk_contratac" FOREIGN KEY (id_afectado_id) REFERENCES bomba."contratacionTenan_empleado"(id) DEFERRABLE INITIALLY DEFERRED;


--
-- Name: contratacionTenan_accionpersonal contratacionTenan_ac_id_cargo_id_2702d0b5_fk_contratac; Type: FK CONSTRAINT; Schema: bomba; Owner: postgres
--

ALTER TABLE ONLY bomba."contratacionTenan_accionpersonal"
    ADD CONSTRAINT "contratacionTenan_ac_id_cargo_id_2702d0b5_fk_contratac" FOREIGN KEY (id_cargo_id) REFERENCES bomba."contratacionTenan_cargo"(id) DEFERRABLE INITIALLY DEFERRED;


--
-- Name: contratacionTenan_accionpersonal contratacionTenan_ac_id_centro_de_costo_i_dde7aafb_fk_centralTe; Type: FK CONSTRAINT; Schema: bomba; Owner: postgres
--

ALTER TABLE ONLY bomba."contratacionTenan_accionpersonal"
    ADD CONSTRAINT "contratacionTenan_ac_id_centro_de_costo_i_dde7aafb_fk_centralTe" FOREIGN KEY (id_centro_de_costo_id) REFERENCES bomba."centralTenan_centrodecosto"(id) DEFERRABLE INITIALLY DEFERRED;


--
-- Name: contratacionTenan_accionpersonal contratacionTenan_ac_id_departamento_id_399ca0d8_fk_central_d; Type: FK CONSTRAINT; Schema: bomba; Owner: postgres
--

ALTER TABLE ONLY bomba."contratacionTenan_accionpersonal"
    ADD CONSTRAINT "contratacionTenan_ac_id_departamento_id_399ca0d8_fk_central_d" FOREIGN KEY (id_departamento_id) REFERENCES public.central_departamento(id) DEFERRABLE INITIALLY DEFERRED;


--
-- Name: contratacionTenan_accionpersonal contratacionTenan_ac_id_director_area_id_6301dfb0_fk_contratac; Type: FK CONSTRAINT; Schema: bomba; Owner: postgres
--

ALTER TABLE ONLY bomba."contratacionTenan_accionpersonal"
    ADD CONSTRAINT "contratacionTenan_ac_id_director_area_id_6301dfb0_fk_contratac" FOREIGN KEY (id_director_area_id) REFERENCES bomba."contratacionTenan_empleado"(id) DEFERRABLE INITIALLY DEFERRED;


--
-- Name: contratacionTenan_accionpersonal contratacionTenan_ac_id_encargado_id_094e9892_fk_contratac; Type: FK CONSTRAINT; Schema: bomba; Owner: postgres
--

ALTER TABLE ONLY bomba."contratacionTenan_accionpersonal"
    ADD CONSTRAINT "contratacionTenan_ac_id_encargado_id_094e9892_fk_contratac" FOREIGN KEY (id_encargado_id) REFERENCES bomba."contratacionTenan_empleado"(id) DEFERRABLE INITIALLY DEFERRED;


--
-- Name: contratacionTenan_accionpersonal contratacionTenan_ac_id_gerente_general_i_9d690726_fk_contratac; Type: FK CONSTRAINT; Schema: bomba; Owner: postgres
--

ALTER TABLE ONLY bomba."contratacionTenan_accionpersonal"
    ADD CONSTRAINT "contratacionTenan_ac_id_gerente_general_i_9d690726_fk_contratac" FOREIGN KEY (id_gerente_general_id) REFERENCES bomba."contratacionTenan_empleado"(id) DEFERRABLE INITIALLY DEFERRED;


--
-- Name: contratacionTenan_accionpersonal contratacionTenan_ac_id_gerente_rhu_id_8daf2c37_fk_contratac; Type: FK CONSTRAINT; Schema: bomba; Owner: postgres
--

ALTER TABLE ONLY bomba."contratacionTenan_accionpersonal"
    ADD CONSTRAINT "contratacionTenan_ac_id_gerente_rhu_id_8daf2c37_fk_contratac" FOREIGN KEY (id_gerente_rhu_id) REFERENCES bomba."contratacionTenan_empleado"(id) DEFERRABLE INITIALLY DEFERRED;


--
-- Name: contratacionTenan_accionpersonal contratacionTenan_ac_id_municipio_id_478b8450_fk_central_m; Type: FK CONSTRAINT; Schema: bomba; Owner: postgres
--

ALTER TABLE ONLY bomba."contratacionTenan_accionpersonal"
    ADD CONSTRAINT "contratacionTenan_ac_id_municipio_id_478b8450_fk_central_m" FOREIGN KEY (id_municipio_id) REFERENCES public.central_municipio(id) DEFERRABLE INITIALLY DEFERRED;


--
-- Name: contratacionTenan_accionpersonal contratacionTenan_ac_id_sexo_id_316c8633_fk_central_s; Type: FK CONSTRAINT; Schema: bomba; Owner: postgres
--

ALTER TABLE ONLY bomba."contratacionTenan_accionpersonal"
    ADD CONSTRAINT "contratacionTenan_ac_id_sexo_id_316c8633_fk_central_s" FOREIGN KEY (id_sexo_id) REFERENCES public.central_sexo(id) DEFERRABLE INITIALLY DEFERRED;


--
-- Name: contratacionTenan_accionpersonal contratacionTenan_ac_id_tipo_accion_perso_809e8ae4_fk_contratac; Type: FK CONSTRAINT; Schema: bomba; Owner: postgres
--

ALTER TABLE ONLY bomba."contratacionTenan_accionpersonal"
    ADD CONSTRAINT "contratacionTenan_ac_id_tipo_accion_perso_809e8ae4_fk_contratac" FOREIGN KEY (id_tipo_accion_personal_id) REFERENCES public.contratacion_tipoaccionpersonal(id) DEFERRABLE INITIALLY DEFERRED;


--
-- Name: contratacionTenan_accionpersonal contratacionTenan_ac_id_ubicacion_id_1fd49641_fk_centralTe; Type: FK CONSTRAINT; Schema: bomba; Owner: postgres
--

ALTER TABLE ONLY bomba."contratacionTenan_accionpersonal"
    ADD CONSTRAINT "contratacionTenan_ac_id_ubicacion_id_1fd49641_fk_centralTe" FOREIGN KEY (id_ubicacion_id) REFERENCES bomba."centralTenan_ubicacion"(id) DEFERRABLE INITIALLY DEFERRED;


--
-- Name: contratacionTenan_cargo contratacionTenan_ca_id_nivel_empleado_id_c93603a7_fk_contratac; Type: FK CONSTRAINT; Schema: bomba; Owner: postgres
--

ALTER TABLE ONLY bomba."contratacionTenan_cargo"
    ADD CONSTRAINT "contratacionTenan_ca_id_nivel_empleado_id_c93603a7_fk_contratac" FOREIGN KEY (id_nivel_empleado_id) REFERENCES public.contratacion_nivelempleado(id) DEFERRABLE INITIALLY DEFERRED;


--
-- Name: contratacionTenan_detalleplanilla contratacionTenan_de_id_planilla_id_8e542d5c_fk_contratac; Type: FK CONSTRAINT; Schema: bomba; Owner: postgres
--

ALTER TABLE ONLY bomba."contratacionTenan_detalleplanilla"
    ADD CONSTRAINT "contratacionTenan_de_id_planilla_id_8e542d5c_fk_contratac" FOREIGN KEY (id_planilla_id) REFERENCES bomba."contratacionTenan_planilla"(id) DEFERRABLE INITIALLY DEFERRED;


--
-- Name: contratacionTenan_detalleplanilla contratacionTenan_de_id_tipo_incremento_r_01ebf41f_fk_contratac; Type: FK CONSTRAINT; Schema: bomba; Owner: postgres
--

ALTER TABLE ONLY bomba."contratacionTenan_detalleplanilla"
    ADD CONSTRAINT "contratacionTenan_de_id_tipo_incremento_r_01ebf41f_fk_contratac" FOREIGN KEY (id_tipo_incremento_retencion_id) REFERENCES public.contratacion_tipoincrementoretencion(id) DEFERRABLE INITIALLY DEFERRED;


--
-- Name: contratacionTenan_empleado contratacionTenan_em_id_area_id_80f9410a_fk_centralTe; Type: FK CONSTRAINT; Schema: bomba; Owner: postgres
--

ALTER TABLE ONLY bomba."contratacionTenan_empleado"
    ADD CONSTRAINT "contratacionTenan_em_id_area_id_80f9410a_fk_centralTe" FOREIGN KEY (id_area_id) REFERENCES bomba."centralTenan_area"(id) DEFERRABLE INITIALLY DEFERRED;


--
-- Name: contratacionTenan_empleado contratacionTenan_em_id_cargo_id_0320e08b_fk_contratac; Type: FK CONSTRAINT; Schema: bomba; Owner: postgres
--

ALTER TABLE ONLY bomba."contratacionTenan_empleado"
    ADD CONSTRAINT "contratacionTenan_em_id_cargo_id_0320e08b_fk_contratac" FOREIGN KEY (id_cargo_id) REFERENCES bomba."contratacionTenan_cargo"(id) DEFERRABLE INITIALLY DEFERRED;


--
-- Name: contratacionTenan_empleado contratacionTenan_em_id_centro_de_costo_i_7b566395_fk_centralTe; Type: FK CONSTRAINT; Schema: bomba; Owner: postgres
--

ALTER TABLE ONLY bomba."contratacionTenan_empleado"
    ADD CONSTRAINT "contratacionTenan_em_id_centro_de_costo_i_7b566395_fk_centralTe" FOREIGN KEY (id_centro_de_costo_id) REFERENCES bomba."centralTenan_centrodecosto"(id) DEFERRABLE INITIALLY DEFERRED;


--
-- Name: contratacionTenan_empleado contratacionTenan_em_id_datos_personales__9d144ec6_fk_contratac; Type: FK CONSTRAINT; Schema: bomba; Owner: postgres
--

ALTER TABLE ONLY bomba."contratacionTenan_empleado"
    ADD CONSTRAINT "contratacionTenan_em_id_datos_personales__9d144ec6_fk_contratac" FOREIGN KEY (id_datos_personales_id) REFERENCES public.contratacion_datospersonales(id) DEFERRABLE INITIALLY DEFERRED;


--
-- Name: contratacionTenan_empleado contratacionTenan_em_id_tipo_periodo_id_6b5e74fc_fk_contratac; Type: FK CONSTRAINT; Schema: bomba; Owner: postgres
--

ALTER TABLE ONLY bomba."contratacionTenan_empleado"
    ADD CONSTRAINT "contratacionTenan_em_id_tipo_periodo_id_6b5e74fc_fk_contratac" FOREIGN KEY (id_tipo_periodo_id) REFERENCES public.contratacion_tipoperiodo(id) DEFERRABLE INITIALLY DEFERRED;


--
-- Name: contratacionTenan_empleado contratacionTenan_em_id_ubicacion_id_b4a7c449_fk_centralTe; Type: FK CONSTRAINT; Schema: bomba; Owner: postgres
--

ALTER TABLE ONLY bomba."contratacionTenan_empleado"
    ADD CONSTRAINT "contratacionTenan_em_id_ubicacion_id_b4a7c449_fk_centralTe" FOREIGN KEY (id_ubicacion_id) REFERENCES bomba."centralTenan_ubicacion"(id) DEFERRABLE INITIALLY DEFERRED;


--
-- Name: contratacionTenan_movaplicaincremento contratacionTenan_mo_id_empleado_id_99c41f91_fk_contratac; Type: FK CONSTRAINT; Schema: bomba; Owner: postgres
--

ALTER TABLE ONLY bomba."contratacionTenan_movaplicaincremento"
    ADD CONSTRAINT "contratacionTenan_mo_id_empleado_id_99c41f91_fk_contratac" FOREIGN KEY (id_empleado_id) REFERENCES bomba."contratacionTenan_empleado"(id) DEFERRABLE INITIALLY DEFERRED;


--
-- Name: contratacionTenan_movaplicadecremento contratacionTenan_mo_id_empleado_id_a3f368a5_fk_contratac; Type: FK CONSTRAINT; Schema: bomba; Owner: postgres
--

ALTER TABLE ONLY bomba."contratacionTenan_movaplicadecremento"
    ADD CONSTRAINT "contratacionTenan_mo_id_empleado_id_a3f368a5_fk_contratac" FOREIGN KEY (id_empleado_id) REFERENCES bomba."contratacionTenan_empleado"(id) DEFERRABLE INITIALLY DEFERRED;


--
-- Name: contratacionTenan_movaplicadecremento contratacionTenan_mo_id_movimiento_decrem_bdbcfb96_fk_contratac; Type: FK CONSTRAINT; Schema: bomba; Owner: postgres
--

ALTER TABLE ONLY bomba."contratacionTenan_movaplicadecremento"
    ADD CONSTRAINT "contratacionTenan_mo_id_movimiento_decrem_bdbcfb96_fk_contratac" FOREIGN KEY (id_movimiento_decremento_id) REFERENCES public.contratacion_movimientodecremento(id) DEFERRABLE INITIALLY DEFERRED;


--
-- Name: contratacionTenan_movaplicaincremento contratacionTenan_mo_id_movimiento_increm_07aa0394_fk_contratac; Type: FK CONSTRAINT; Schema: bomba; Owner: postgres
--

ALTER TABLE ONLY bomba."contratacionTenan_movaplicaincremento"
    ADD CONSTRAINT "contratacionTenan_mo_id_movimiento_increm_07aa0394_fk_contratac" FOREIGN KEY (id_movimiento_incremento_id) REFERENCES public.contratacion_movimientoincremento(id) DEFERRABLE INITIALLY DEFERRED;


--
-- Name: contratacionTenan_movaplicaincremento contratacionTenan_mo_id_periodo_planifica_d408ef9d_fk_contratac; Type: FK CONSTRAINT; Schema: bomba; Owner: postgres
--

ALTER TABLE ONLY bomba."contratacionTenan_movaplicaincremento"
    ADD CONSTRAINT "contratacionTenan_mo_id_periodo_planifica_d408ef9d_fk_contratac" FOREIGN KEY (id_periodo_planificado_id) REFERENCES bomba."contratacionTenan_periodo"(id) DEFERRABLE INITIALLY DEFERRED;


--
-- Name: contratacionTenan_movaplicadecremento contratacionTenan_mo_id_periodo_planifica_f27cf1fa_fk_contratac; Type: FK CONSTRAINT; Schema: bomba; Owner: postgres
--

ALTER TABLE ONLY bomba."contratacionTenan_movaplicadecremento"
    ADD CONSTRAINT "contratacionTenan_mo_id_periodo_planifica_f27cf1fa_fk_contratac" FOREIGN KEY (id_periodo_planificado_id) REFERENCES bomba."contratacionTenan_periodo"(id) DEFERRABLE INITIALLY DEFERRED;


--
-- Name: contratacionTenan_movaplicaincremento contratacionTenan_mo_id_user_id_6efdeec4_fk_central_u; Type: FK CONSTRAINT; Schema: bomba; Owner: postgres
--

ALTER TABLE ONLY bomba."contratacionTenan_movaplicaincremento"
    ADD CONSTRAINT "contratacionTenan_mo_id_user_id_6efdeec4_fk_central_u" FOREIGN KEY (id_user_id) REFERENCES public.central_user(id) DEFERRABLE INITIALLY DEFERRED;


--
-- Name: contratacionTenan_movaplicadecremento contratacionTenan_mo_id_user_id_83c33d33_fk_central_u; Type: FK CONSTRAINT; Schema: bomba; Owner: postgres
--

ALTER TABLE ONLY bomba."contratacionTenan_movaplicadecremento"
    ADD CONSTRAINT "contratacionTenan_mo_id_user_id_83c33d33_fk_central_u" FOREIGN KEY (id_user_id) REFERENCES public.central_user(id) DEFERRABLE INITIALLY DEFERRED;


--
-- Name: contratacionTenan_ordendescuento contratacionTenan_or_id_empleado_id_5ffcd081_fk_contratac; Type: FK CONSTRAINT; Schema: bomba; Owner: postgres
--

ALTER TABLE ONLY bomba."contratacionTenan_ordendescuento"
    ADD CONSTRAINT "contratacionTenan_or_id_empleado_id_5ffcd081_fk_contratac" FOREIGN KEY (id_empleado_id) REFERENCES bomba."contratacionTenan_empleado"(id) DEFERRABLE INITIALLY DEFERRED;


--
-- Name: contratacionTenan_ordendescuento contratacionTenan_or_id_institucion_finan_e024dc45_fk_central_i; Type: FK CONSTRAINT; Schema: bomba; Owner: postgres
--

ALTER TABLE ONLY bomba."contratacionTenan_ordendescuento"
    ADD CONSTRAINT "contratacionTenan_or_id_institucion_finan_e024dc45_fk_central_i" FOREIGN KEY (id_institucion_financiera_id) REFERENCES public.central_institucionfinanciera(id) DEFERRABLE INITIALLY DEFERRED;


--
-- Name: contratacionTenan_periodo contratacionTenan_periodo_mes_id_3594d383_fk_central_mes_id; Type: FK CONSTRAINT; Schema: bomba; Owner: postgres
--

ALTER TABLE ONLY bomba."contratacionTenan_periodo"
    ADD CONSTRAINT "contratacionTenan_periodo_mes_id_3594d383_fk_central_mes_id" FOREIGN KEY (mes_id) REFERENCES public.central_mes(id) DEFERRABLE INITIALLY DEFERRED;


--
-- Name: contratacionTenan_planilla contratacionTenan_pl_id_empleado_id_36ed8364_fk_contratac; Type: FK CONSTRAINT; Schema: bomba; Owner: postgres
--

ALTER TABLE ONLY bomba."contratacionTenan_planilla"
    ADD CONSTRAINT "contratacionTenan_pl_id_empleado_id_36ed8364_fk_contratac" FOREIGN KEY (id_empleado_id) REFERENCES bomba."contratacionTenan_empleado"(id) DEFERRABLE INITIALLY DEFERRED;


--
-- Name: contratacionTenan_planilla contratacionTenan_pl_id_encabezado_id_34d2cc29_fk_contratac; Type: FK CONSTRAINT; Schema: bomba; Owner: postgres
--

ALTER TABLE ONLY bomba."contratacionTenan_planilla"
    ADD CONSTRAINT "contratacionTenan_pl_id_encabezado_id_34d2cc29_fk_contratac" FOREIGN KEY (id_encabezado_id) REFERENCES bomba."contratacionTenan_planillaencabezado"(id) DEFERRABLE INITIALLY DEFERRED;


--
-- Name: contratacionTenan_planillaencabezado contratacionTenan_pl_id_estado_id_34792738_fk_contratac; Type: FK CONSTRAINT; Schema: bomba; Owner: postgres
--

ALTER TABLE ONLY bomba."contratacionTenan_planillaencabezado"
    ADD CONSTRAINT "contratacionTenan_pl_id_estado_id_34792738_fk_contratac" FOREIGN KEY (id_estado_id) REFERENCES public.contratacion_planillaestado(id) DEFERRABLE INITIALLY DEFERRED;


--
-- Name: contratacionTenan_planillaencabezado contratacionTenan_pl_id_periodo_id_19e91050_fk_contratac; Type: FK CONSTRAINT; Schema: bomba; Owner: postgres
--

ALTER TABLE ONLY bomba."contratacionTenan_planillaencabezado"
    ADD CONSTRAINT "contratacionTenan_pl_id_periodo_id_19e91050_fk_contratac" FOREIGN KEY (id_periodo_id) REFERENCES bomba."contratacionTenan_periodo"(id) DEFERRABLE INITIALLY DEFERRED;


--
-- Name: contratacionTenan_planillaencabezado contratacionTenan_pl_id_tipo_id_f7d3d1a0_fk_contratac; Type: FK CONSTRAINT; Schema: bomba; Owner: postgres
--

ALTER TABLE ONLY bomba."contratacionTenan_planillaencabezado"
    ADD CONSTRAINT "contratacionTenan_pl_id_tipo_id_f7d3d1a0_fk_contratac" FOREIGN KEY (id_tipo_id) REFERENCES public.contratacion_planillatipo(id) DEFERRABLE INITIALLY DEFERRED;


--
-- Name: contratacionTenan_planillaencabezado contratacionTenan_pl_id_user_id_8f2ddfdc_fk_central_u; Type: FK CONSTRAINT; Schema: bomba; Owner: postgres
--

ALTER TABLE ONLY bomba."contratacionTenan_planillaencabezado"
    ADD CONSTRAINT "contratacionTenan_pl_id_user_id_8f2ddfdc_fk_central_u" FOREIGN KEY (id_user_id) REFERENCES public.central_user(id) DEFERRABLE INITIALLY DEFERRED;


--
-- Name: contratacionTenan_prestamosregistropagos contratacionTenan_pr_id_datos_personales__50dd566f_fk_contratac; Type: FK CONSTRAINT; Schema: bomba; Owner: postgres
--

ALTER TABLE ONLY bomba."contratacionTenan_prestamosregistropagos"
    ADD CONSTRAINT "contratacionTenan_pr_id_datos_personales__50dd566f_fk_contratac" FOREIGN KEY (id_datos_personales_id) REFERENCES public.contratacion_datospersonales(id) DEFERRABLE INITIALLY DEFERRED;


--
-- Name: contratacionTenan_prestamosregistropagos contratacionTenan_pr_id_detalle_planilla__d6e1980d_fk_contratac; Type: FK CONSTRAINT; Schema: bomba; Owner: postgres
--

ALTER TABLE ONLY bomba."contratacionTenan_prestamosregistropagos"
    ADD CONSTRAINT "contratacionTenan_pr_id_detalle_planilla__d6e1980d_fk_contratac" FOREIGN KEY (id_detalle_planilla_id) REFERENCES bomba."contratacionTenan_detalleplanilla"(id) DEFERRABLE INITIALLY DEFERRED;


--
-- Name: contratacionTenan_recordcrediticio contratacionTenan_re_id_detalle_planilla__ff88943e_fk_contratac; Type: FK CONSTRAINT; Schema: bomba; Owner: postgres
--

ALTER TABLE ONLY bomba."contratacionTenan_recordcrediticio"
    ADD CONSTRAINT "contratacionTenan_re_id_detalle_planilla__ff88943e_fk_contratac" FOREIGN KEY (id_detalle_planilla_id) REFERENCES bomba."contratacionTenan_detalleplanilla"(id) DEFERRABLE INITIALLY DEFERRED;


--
-- Name: contratacionTenan_recordcrediticio contratacionTenan_re_id_orden_descuento_i_f721ca05_fk_contratac; Type: FK CONSTRAINT; Schema: bomba; Owner: postgres
--

ALTER TABLE ONLY bomba."contratacionTenan_recordcrediticio"
    ADD CONSTRAINT "contratacionTenan_re_id_orden_descuento_i_f721ca05_fk_contratac" FOREIGN KEY (id_orden_descuento_id) REFERENCES bomba."contratacionTenan_ordendescuento"(id) DEFERRABLE INITIALLY DEFERRED;


--
-- Name: centralTenan_area centralTenan_area_id_director_id_9aea4ac9_fk_contratac; Type: FK CONSTRAINT; Schema: gtboom; Owner: postgres
--

ALTER TABLE ONLY gtboom."centralTenan_area"
    ADD CONSTRAINT "centralTenan_area_id_director_id_9aea4ac9_fk_contratac" FOREIGN KEY (id_director_id) REFERENCES public.contratacion_datospersonales(id) DEFERRABLE INITIALLY DEFERRED;


--
-- Name: centralTenan_ubicacion centralTenan_ubicaci_id_tipo_de_ubicacion_c0f66a04_fk_central_t; Type: FK CONSTRAINT; Schema: gtboom; Owner: postgres
--

ALTER TABLE ONLY gtboom."centralTenan_ubicacion"
    ADD CONSTRAINT "centralTenan_ubicaci_id_tipo_de_ubicacion_c0f66a04_fk_central_t" FOREIGN KEY (id_tipo_de_ubicacion_id) REFERENCES public.central_tipodeubicacion(id) DEFERRABLE INITIALLY DEFERRED;


--
-- Name: contratacionTenan_accionpersonal contratacionTenan_ac_cargo_nuevo_id_56e694e5_fk_contratac; Type: FK CONSTRAINT; Schema: gtboom; Owner: postgres
--

ALTER TABLE ONLY gtboom."contratacionTenan_accionpersonal"
    ADD CONSTRAINT "contratacionTenan_ac_cargo_nuevo_id_56e694e5_fk_contratac" FOREIGN KEY (cargo_nuevo_id) REFERENCES gtboom."contratacionTenan_cargo"(id) DEFERRABLE INITIALLY DEFERRED;


--
-- Name: contratacionTenan_accionpersonal contratacionTenan_ac_departamento_nuevo_i_2915a084_fk_centralTe; Type: FK CONSTRAINT; Schema: gtboom; Owner: postgres
--

ALTER TABLE ONLY gtboom."contratacionTenan_accionpersonal"
    ADD CONSTRAINT "contratacionTenan_ac_departamento_nuevo_i_2915a084_fk_centralTe" FOREIGN KEY (departamento_nuevo_id) REFERENCES gtboom."centralTenan_area"(id) DEFERRABLE INITIALLY DEFERRED;


--
-- Name: contratacionTenan_accionpersonal contratacionTenan_ac_id_afectado_id_496816fa_fk_contratac; Type: FK CONSTRAINT; Schema: gtboom; Owner: postgres
--

ALTER TABLE ONLY gtboom."contratacionTenan_accionpersonal"
    ADD CONSTRAINT "contratacionTenan_ac_id_afectado_id_496816fa_fk_contratac" FOREIGN KEY (id_afectado_id) REFERENCES gtboom."contratacionTenan_empleado"(id) DEFERRABLE INITIALLY DEFERRED;


--
-- Name: contratacionTenan_accionpersonal contratacionTenan_ac_id_cargo_id_2702d0b5_fk_contratac; Type: FK CONSTRAINT; Schema: gtboom; Owner: postgres
--

ALTER TABLE ONLY gtboom."contratacionTenan_accionpersonal"
    ADD CONSTRAINT "contratacionTenan_ac_id_cargo_id_2702d0b5_fk_contratac" FOREIGN KEY (id_cargo_id) REFERENCES gtboom."contratacionTenan_cargo"(id) DEFERRABLE INITIALLY DEFERRED;


--
-- Name: contratacionTenan_accionpersonal contratacionTenan_ac_id_centro_de_costo_i_dde7aafb_fk_centralTe; Type: FK CONSTRAINT; Schema: gtboom; Owner: postgres
--

ALTER TABLE ONLY gtboom."contratacionTenan_accionpersonal"
    ADD CONSTRAINT "contratacionTenan_ac_id_centro_de_costo_i_dde7aafb_fk_centralTe" FOREIGN KEY (id_centro_de_costo_id) REFERENCES gtboom."centralTenan_centrodecosto"(id) DEFERRABLE INITIALLY DEFERRED;


--
-- Name: contratacionTenan_accionpersonal contratacionTenan_ac_id_departamento_id_399ca0d8_fk_central_d; Type: FK CONSTRAINT; Schema: gtboom; Owner: postgres
--

ALTER TABLE ONLY gtboom."contratacionTenan_accionpersonal"
    ADD CONSTRAINT "contratacionTenan_ac_id_departamento_id_399ca0d8_fk_central_d" FOREIGN KEY (id_departamento_id) REFERENCES public.central_departamento(id) DEFERRABLE INITIALLY DEFERRED;


--
-- Name: contratacionTenan_accionpersonal contratacionTenan_ac_id_director_area_id_6301dfb0_fk_contratac; Type: FK CONSTRAINT; Schema: gtboom; Owner: postgres
--

ALTER TABLE ONLY gtboom."contratacionTenan_accionpersonal"
    ADD CONSTRAINT "contratacionTenan_ac_id_director_area_id_6301dfb0_fk_contratac" FOREIGN KEY (id_director_area_id) REFERENCES gtboom."contratacionTenan_empleado"(id) DEFERRABLE INITIALLY DEFERRED;


--
-- Name: contratacionTenan_accionpersonal contratacionTenan_ac_id_encargado_id_094e9892_fk_contratac; Type: FK CONSTRAINT; Schema: gtboom; Owner: postgres
--

ALTER TABLE ONLY gtboom."contratacionTenan_accionpersonal"
    ADD CONSTRAINT "contratacionTenan_ac_id_encargado_id_094e9892_fk_contratac" FOREIGN KEY (id_encargado_id) REFERENCES gtboom."contratacionTenan_empleado"(id) DEFERRABLE INITIALLY DEFERRED;


--
-- Name: contratacionTenan_accionpersonal contratacionTenan_ac_id_gerente_general_i_9d690726_fk_contratac; Type: FK CONSTRAINT; Schema: gtboom; Owner: postgres
--

ALTER TABLE ONLY gtboom."contratacionTenan_accionpersonal"
    ADD CONSTRAINT "contratacionTenan_ac_id_gerente_general_i_9d690726_fk_contratac" FOREIGN KEY (id_gerente_general_id) REFERENCES gtboom."contratacionTenan_empleado"(id) DEFERRABLE INITIALLY DEFERRED;


--
-- Name: contratacionTenan_accionpersonal contratacionTenan_ac_id_gerente_rhu_id_8daf2c37_fk_contratac; Type: FK CONSTRAINT; Schema: gtboom; Owner: postgres
--

ALTER TABLE ONLY gtboom."contratacionTenan_accionpersonal"
    ADD CONSTRAINT "contratacionTenan_ac_id_gerente_rhu_id_8daf2c37_fk_contratac" FOREIGN KEY (id_gerente_rhu_id) REFERENCES gtboom."contratacionTenan_empleado"(id) DEFERRABLE INITIALLY DEFERRED;


--
-- Name: contratacionTenan_accionpersonal contratacionTenan_ac_id_municipio_id_478b8450_fk_central_m; Type: FK CONSTRAINT; Schema: gtboom; Owner: postgres
--

ALTER TABLE ONLY gtboom."contratacionTenan_accionpersonal"
    ADD CONSTRAINT "contratacionTenan_ac_id_municipio_id_478b8450_fk_central_m" FOREIGN KEY (id_municipio_id) REFERENCES public.central_municipio(id) DEFERRABLE INITIALLY DEFERRED;


--
-- Name: contratacionTenan_accionpersonal contratacionTenan_ac_id_sexo_id_316c8633_fk_central_s; Type: FK CONSTRAINT; Schema: gtboom; Owner: postgres
--

ALTER TABLE ONLY gtboom."contratacionTenan_accionpersonal"
    ADD CONSTRAINT "contratacionTenan_ac_id_sexo_id_316c8633_fk_central_s" FOREIGN KEY (id_sexo_id) REFERENCES public.central_sexo(id) DEFERRABLE INITIALLY DEFERRED;


--
-- Name: contratacionTenan_accionpersonal contratacionTenan_ac_id_tipo_accion_perso_809e8ae4_fk_contratac; Type: FK CONSTRAINT; Schema: gtboom; Owner: postgres
--

ALTER TABLE ONLY gtboom."contratacionTenan_accionpersonal"
    ADD CONSTRAINT "contratacionTenan_ac_id_tipo_accion_perso_809e8ae4_fk_contratac" FOREIGN KEY (id_tipo_accion_personal_id) REFERENCES public.contratacion_tipoaccionpersonal(id) DEFERRABLE INITIALLY DEFERRED;


--
-- Name: contratacionTenan_accionpersonal contratacionTenan_ac_id_ubicacion_id_1fd49641_fk_centralTe; Type: FK CONSTRAINT; Schema: gtboom; Owner: postgres
--

ALTER TABLE ONLY gtboom."contratacionTenan_accionpersonal"
    ADD CONSTRAINT "contratacionTenan_ac_id_ubicacion_id_1fd49641_fk_centralTe" FOREIGN KEY (id_ubicacion_id) REFERENCES gtboom."centralTenan_ubicacion"(id) DEFERRABLE INITIALLY DEFERRED;


--
-- Name: contratacionTenan_cargo contratacionTenan_ca_id_nivel_empleado_id_c93603a7_fk_contratac; Type: FK CONSTRAINT; Schema: gtboom; Owner: postgres
--

ALTER TABLE ONLY gtboom."contratacionTenan_cargo"
    ADD CONSTRAINT "contratacionTenan_ca_id_nivel_empleado_id_c93603a7_fk_contratac" FOREIGN KEY (id_nivel_empleado_id) REFERENCES public.contratacion_nivelempleado(id) DEFERRABLE INITIALLY DEFERRED;


--
-- Name: contratacionTenan_detalleplanilla contratacionTenan_de_id_planilla_id_8e542d5c_fk_contratac; Type: FK CONSTRAINT; Schema: gtboom; Owner: postgres
--

ALTER TABLE ONLY gtboom."contratacionTenan_detalleplanilla"
    ADD CONSTRAINT "contratacionTenan_de_id_planilla_id_8e542d5c_fk_contratac" FOREIGN KEY (id_planilla_id) REFERENCES gtboom."contratacionTenan_planilla"(id) DEFERRABLE INITIALLY DEFERRED;


--
-- Name: contratacionTenan_detalleplanilla contratacionTenan_de_id_tipo_incremento_r_01ebf41f_fk_contratac; Type: FK CONSTRAINT; Schema: gtboom; Owner: postgres
--

ALTER TABLE ONLY gtboom."contratacionTenan_detalleplanilla"
    ADD CONSTRAINT "contratacionTenan_de_id_tipo_incremento_r_01ebf41f_fk_contratac" FOREIGN KEY (id_tipo_incremento_retencion_id) REFERENCES public.contratacion_tipoincrementoretencion(id) DEFERRABLE INITIALLY DEFERRED;


--
-- Name: contratacionTenan_empleado contratacionTenan_em_id_area_id_80f9410a_fk_centralTe; Type: FK CONSTRAINT; Schema: gtboom; Owner: postgres
--

ALTER TABLE ONLY gtboom."contratacionTenan_empleado"
    ADD CONSTRAINT "contratacionTenan_em_id_area_id_80f9410a_fk_centralTe" FOREIGN KEY (id_area_id) REFERENCES gtboom."centralTenan_area"(id) DEFERRABLE INITIALLY DEFERRED;


--
-- Name: contratacionTenan_empleado contratacionTenan_em_id_cargo_id_0320e08b_fk_contratac; Type: FK CONSTRAINT; Schema: gtboom; Owner: postgres
--

ALTER TABLE ONLY gtboom."contratacionTenan_empleado"
    ADD CONSTRAINT "contratacionTenan_em_id_cargo_id_0320e08b_fk_contratac" FOREIGN KEY (id_cargo_id) REFERENCES gtboom."contratacionTenan_cargo"(id) DEFERRABLE INITIALLY DEFERRED;


--
-- Name: contratacionTenan_empleado contratacionTenan_em_id_centro_de_costo_i_7b566395_fk_centralTe; Type: FK CONSTRAINT; Schema: gtboom; Owner: postgres
--

ALTER TABLE ONLY gtboom."contratacionTenan_empleado"
    ADD CONSTRAINT "contratacionTenan_em_id_centro_de_costo_i_7b566395_fk_centralTe" FOREIGN KEY (id_centro_de_costo_id) REFERENCES gtboom."centralTenan_centrodecosto"(id) DEFERRABLE INITIALLY DEFERRED;


--
-- Name: contratacionTenan_empleado contratacionTenan_em_id_datos_personales__9d144ec6_fk_contratac; Type: FK CONSTRAINT; Schema: gtboom; Owner: postgres
--

ALTER TABLE ONLY gtboom."contratacionTenan_empleado"
    ADD CONSTRAINT "contratacionTenan_em_id_datos_personales__9d144ec6_fk_contratac" FOREIGN KEY (id_datos_personales_id) REFERENCES public.contratacion_datospersonales(id) DEFERRABLE INITIALLY DEFERRED;


--
-- Name: contratacionTenan_empleado contratacionTenan_em_id_tipo_periodo_id_6b5e74fc_fk_contratac; Type: FK CONSTRAINT; Schema: gtboom; Owner: postgres
--

ALTER TABLE ONLY gtboom."contratacionTenan_empleado"
    ADD CONSTRAINT "contratacionTenan_em_id_tipo_periodo_id_6b5e74fc_fk_contratac" FOREIGN KEY (id_tipo_periodo_id) REFERENCES public.contratacion_tipoperiodo(id) DEFERRABLE INITIALLY DEFERRED;


--
-- Name: contratacionTenan_empleado contratacionTenan_em_id_ubicacion_id_b4a7c449_fk_centralTe; Type: FK CONSTRAINT; Schema: gtboom; Owner: postgres
--

ALTER TABLE ONLY gtboom."contratacionTenan_empleado"
    ADD CONSTRAINT "contratacionTenan_em_id_ubicacion_id_b4a7c449_fk_centralTe" FOREIGN KEY (id_ubicacion_id) REFERENCES gtboom."centralTenan_ubicacion"(id) DEFERRABLE INITIALLY DEFERRED;


--
-- Name: contratacionTenan_movaplicaincremento contratacionTenan_mo_id_empleado_id_99c41f91_fk_contratac; Type: FK CONSTRAINT; Schema: gtboom; Owner: postgres
--

ALTER TABLE ONLY gtboom."contratacionTenan_movaplicaincremento"
    ADD CONSTRAINT "contratacionTenan_mo_id_empleado_id_99c41f91_fk_contratac" FOREIGN KEY (id_empleado_id) REFERENCES gtboom."contratacionTenan_empleado"(id) DEFERRABLE INITIALLY DEFERRED;


--
-- Name: contratacionTenan_movaplicadecremento contratacionTenan_mo_id_empleado_id_a3f368a5_fk_contratac; Type: FK CONSTRAINT; Schema: gtboom; Owner: postgres
--

ALTER TABLE ONLY gtboom."contratacionTenan_movaplicadecremento"
    ADD CONSTRAINT "contratacionTenan_mo_id_empleado_id_a3f368a5_fk_contratac" FOREIGN KEY (id_empleado_id) REFERENCES gtboom."contratacionTenan_empleado"(id) DEFERRABLE INITIALLY DEFERRED;


--
-- Name: contratacionTenan_movaplicadecremento contratacionTenan_mo_id_movimiento_decrem_bdbcfb96_fk_contratac; Type: FK CONSTRAINT; Schema: gtboom; Owner: postgres
--

ALTER TABLE ONLY gtboom."contratacionTenan_movaplicadecremento"
    ADD CONSTRAINT "contratacionTenan_mo_id_movimiento_decrem_bdbcfb96_fk_contratac" FOREIGN KEY (id_movimiento_decremento_id) REFERENCES public.contratacion_movimientodecremento(id) DEFERRABLE INITIALLY DEFERRED;


--
-- Name: contratacionTenan_movaplicaincremento contratacionTenan_mo_id_movimiento_increm_07aa0394_fk_contratac; Type: FK CONSTRAINT; Schema: gtboom; Owner: postgres
--

ALTER TABLE ONLY gtboom."contratacionTenan_movaplicaincremento"
    ADD CONSTRAINT "contratacionTenan_mo_id_movimiento_increm_07aa0394_fk_contratac" FOREIGN KEY (id_movimiento_incremento_id) REFERENCES public.contratacion_movimientoincremento(id) DEFERRABLE INITIALLY DEFERRED;


--
-- Name: contratacionTenan_movaplicaincremento contratacionTenan_mo_id_periodo_planifica_d408ef9d_fk_contratac; Type: FK CONSTRAINT; Schema: gtboom; Owner: postgres
--

ALTER TABLE ONLY gtboom."contratacionTenan_movaplicaincremento"
    ADD CONSTRAINT "contratacionTenan_mo_id_periodo_planifica_d408ef9d_fk_contratac" FOREIGN KEY (id_periodo_planificado_id) REFERENCES gtboom."contratacionTenan_periodo"(id) DEFERRABLE INITIALLY DEFERRED;


--
-- Name: contratacionTenan_movaplicadecremento contratacionTenan_mo_id_periodo_planifica_f27cf1fa_fk_contratac; Type: FK CONSTRAINT; Schema: gtboom; Owner: postgres
--

ALTER TABLE ONLY gtboom."contratacionTenan_movaplicadecremento"
    ADD CONSTRAINT "contratacionTenan_mo_id_periodo_planifica_f27cf1fa_fk_contratac" FOREIGN KEY (id_periodo_planificado_id) REFERENCES gtboom."contratacionTenan_periodo"(id) DEFERRABLE INITIALLY DEFERRED;


--
-- Name: contratacionTenan_movaplicaincremento contratacionTenan_mo_id_user_id_6efdeec4_fk_central_u; Type: FK CONSTRAINT; Schema: gtboom; Owner: postgres
--

ALTER TABLE ONLY gtboom."contratacionTenan_movaplicaincremento"
    ADD CONSTRAINT "contratacionTenan_mo_id_user_id_6efdeec4_fk_central_u" FOREIGN KEY (id_user_id) REFERENCES public.central_user(id) DEFERRABLE INITIALLY DEFERRED;


--
-- Name: contratacionTenan_movaplicadecremento contratacionTenan_mo_id_user_id_83c33d33_fk_central_u; Type: FK CONSTRAINT; Schema: gtboom; Owner: postgres
--

ALTER TABLE ONLY gtboom."contratacionTenan_movaplicadecremento"
    ADD CONSTRAINT "contratacionTenan_mo_id_user_id_83c33d33_fk_central_u" FOREIGN KEY (id_user_id) REFERENCES public.central_user(id) DEFERRABLE INITIALLY DEFERRED;


--
-- Name: contratacionTenan_ordendescuento contratacionTenan_or_id_empleado_id_5ffcd081_fk_contratac; Type: FK CONSTRAINT; Schema: gtboom; Owner: postgres
--

ALTER TABLE ONLY gtboom."contratacionTenan_ordendescuento"
    ADD CONSTRAINT "contratacionTenan_or_id_empleado_id_5ffcd081_fk_contratac" FOREIGN KEY (id_empleado_id) REFERENCES gtboom."contratacionTenan_empleado"(id) DEFERRABLE INITIALLY DEFERRED;


--
-- Name: contratacionTenan_ordendescuento contratacionTenan_or_id_institucion_finan_e024dc45_fk_central_i; Type: FK CONSTRAINT; Schema: gtboom; Owner: postgres
--

ALTER TABLE ONLY gtboom."contratacionTenan_ordendescuento"
    ADD CONSTRAINT "contratacionTenan_or_id_institucion_finan_e024dc45_fk_central_i" FOREIGN KEY (id_institucion_financiera_id) REFERENCES public.central_institucionfinanciera(id) DEFERRABLE INITIALLY DEFERRED;


--
-- Name: contratacionTenan_periodo contratacionTenan_periodo_mes_id_3594d383_fk_central_mes_id; Type: FK CONSTRAINT; Schema: gtboom; Owner: postgres
--

ALTER TABLE ONLY gtboom."contratacionTenan_periodo"
    ADD CONSTRAINT "contratacionTenan_periodo_mes_id_3594d383_fk_central_mes_id" FOREIGN KEY (mes_id) REFERENCES public.central_mes(id) DEFERRABLE INITIALLY DEFERRED;


--
-- Name: contratacionTenan_planilla contratacionTenan_pl_id_empleado_id_36ed8364_fk_contratac; Type: FK CONSTRAINT; Schema: gtboom; Owner: postgres
--

ALTER TABLE ONLY gtboom."contratacionTenan_planilla"
    ADD CONSTRAINT "contratacionTenan_pl_id_empleado_id_36ed8364_fk_contratac" FOREIGN KEY (id_empleado_id) REFERENCES gtboom."contratacionTenan_empleado"(id) DEFERRABLE INITIALLY DEFERRED;


--
-- Name: contratacionTenan_planilla contratacionTenan_pl_id_encabezado_id_34d2cc29_fk_contratac; Type: FK CONSTRAINT; Schema: gtboom; Owner: postgres
--

ALTER TABLE ONLY gtboom."contratacionTenan_planilla"
    ADD CONSTRAINT "contratacionTenan_pl_id_encabezado_id_34d2cc29_fk_contratac" FOREIGN KEY (id_encabezado_id) REFERENCES gtboom."contratacionTenan_planillaencabezado"(id) DEFERRABLE INITIALLY DEFERRED;


--
-- Name: contratacionTenan_planillaencabezado contratacionTenan_pl_id_estado_id_34792738_fk_contratac; Type: FK CONSTRAINT; Schema: gtboom; Owner: postgres
--

ALTER TABLE ONLY gtboom."contratacionTenan_planillaencabezado"
    ADD CONSTRAINT "contratacionTenan_pl_id_estado_id_34792738_fk_contratac" FOREIGN KEY (id_estado_id) REFERENCES public.contratacion_planillaestado(id) DEFERRABLE INITIALLY DEFERRED;


--
-- Name: contratacionTenan_planillaencabezado contratacionTenan_pl_id_periodo_id_19e91050_fk_contratac; Type: FK CONSTRAINT; Schema: gtboom; Owner: postgres
--

ALTER TABLE ONLY gtboom."contratacionTenan_planillaencabezado"
    ADD CONSTRAINT "contratacionTenan_pl_id_periodo_id_19e91050_fk_contratac" FOREIGN KEY (id_periodo_id) REFERENCES gtboom."contratacionTenan_periodo"(id) DEFERRABLE INITIALLY DEFERRED;


--
-- Name: contratacionTenan_planillaencabezado contratacionTenan_pl_id_tipo_id_f7d3d1a0_fk_contratac; Type: FK CONSTRAINT; Schema: gtboom; Owner: postgres
--

ALTER TABLE ONLY gtboom."contratacionTenan_planillaencabezado"
    ADD CONSTRAINT "contratacionTenan_pl_id_tipo_id_f7d3d1a0_fk_contratac" FOREIGN KEY (id_tipo_id) REFERENCES public.contratacion_planillatipo(id) DEFERRABLE INITIALLY DEFERRED;


--
-- Name: contratacionTenan_planillaencabezado contratacionTenan_pl_id_user_id_8f2ddfdc_fk_central_u; Type: FK CONSTRAINT; Schema: gtboom; Owner: postgres
--

ALTER TABLE ONLY gtboom."contratacionTenan_planillaencabezado"
    ADD CONSTRAINT "contratacionTenan_pl_id_user_id_8f2ddfdc_fk_central_u" FOREIGN KEY (id_user_id) REFERENCES public.central_user(id) DEFERRABLE INITIALLY DEFERRED;


--
-- Name: contratacionTenan_prestamosregistropagos contratacionTenan_pr_id_datos_personales__50dd566f_fk_contratac; Type: FK CONSTRAINT; Schema: gtboom; Owner: postgres
--

ALTER TABLE ONLY gtboom."contratacionTenan_prestamosregistropagos"
    ADD CONSTRAINT "contratacionTenan_pr_id_datos_personales__50dd566f_fk_contratac" FOREIGN KEY (id_datos_personales_id) REFERENCES public.contratacion_datospersonales(id) DEFERRABLE INITIALLY DEFERRED;


--
-- Name: contratacionTenan_prestamosregistropagos contratacionTenan_pr_id_detalle_planilla__d6e1980d_fk_contratac; Type: FK CONSTRAINT; Schema: gtboom; Owner: postgres
--

ALTER TABLE ONLY gtboom."contratacionTenan_prestamosregistropagos"
    ADD CONSTRAINT "contratacionTenan_pr_id_detalle_planilla__d6e1980d_fk_contratac" FOREIGN KEY (id_detalle_planilla_id) REFERENCES gtboom."contratacionTenan_detalleplanilla"(id) DEFERRABLE INITIALLY DEFERRED;


--
-- Name: contratacionTenan_recordcrediticio contratacionTenan_re_id_detalle_planilla__ff88943e_fk_contratac; Type: FK CONSTRAINT; Schema: gtboom; Owner: postgres
--

ALTER TABLE ONLY gtboom."contratacionTenan_recordcrediticio"
    ADD CONSTRAINT "contratacionTenan_re_id_detalle_planilla__ff88943e_fk_contratac" FOREIGN KEY (id_detalle_planilla_id) REFERENCES gtboom."contratacionTenan_detalleplanilla"(id) DEFERRABLE INITIALLY DEFERRED;


--
-- Name: contratacionTenan_recordcrediticio contratacionTenan_re_id_orden_descuento_i_f721ca05_fk_contratac; Type: FK CONSTRAINT; Schema: gtboom; Owner: postgres
--

ALTER TABLE ONLY gtboom."contratacionTenan_recordcrediticio"
    ADD CONSTRAINT "contratacionTenan_re_id_orden_descuento_i_f721ca05_fk_contratac" FOREIGN KEY (id_orden_descuento_id) REFERENCES gtboom."contratacionTenan_ordendescuento"(id) DEFERRABLE INITIALLY DEFERRED;


--
-- Name: centralTenan_area centralTenan_area_id_director_id_9aea4ac9_fk_contratac; Type: FK CONSTRAINT; Schema: gtpremium; Owner: postgres
--

ALTER TABLE ONLY gtpremium."centralTenan_area"
    ADD CONSTRAINT "centralTenan_area_id_director_id_9aea4ac9_fk_contratac" FOREIGN KEY (id_director_id) REFERENCES public.contratacion_datospersonales(id) DEFERRABLE INITIALLY DEFERRED;


--
-- Name: centralTenan_ubicacion centralTenan_ubicaci_id_tipo_de_ubicacion_c0f66a04_fk_central_t; Type: FK CONSTRAINT; Schema: gtpremium; Owner: postgres
--

ALTER TABLE ONLY gtpremium."centralTenan_ubicacion"
    ADD CONSTRAINT "centralTenan_ubicaci_id_tipo_de_ubicacion_c0f66a04_fk_central_t" FOREIGN KEY (id_tipo_de_ubicacion_id) REFERENCES public.central_tipodeubicacion(id) DEFERRABLE INITIALLY DEFERRED;


--
-- Name: contratacionTenan_accionpersonal contratacionTenan_ac_cargo_nuevo_id_56e694e5_fk_contratac; Type: FK CONSTRAINT; Schema: gtpremium; Owner: postgres
--

ALTER TABLE ONLY gtpremium."contratacionTenan_accionpersonal"
    ADD CONSTRAINT "contratacionTenan_ac_cargo_nuevo_id_56e694e5_fk_contratac" FOREIGN KEY (cargo_nuevo_id) REFERENCES gtpremium."contratacionTenan_cargo"(id) DEFERRABLE INITIALLY DEFERRED;


--
-- Name: contratacionTenan_accionpersonal contratacionTenan_ac_departamento_nuevo_i_2915a084_fk_centralTe; Type: FK CONSTRAINT; Schema: gtpremium; Owner: postgres
--

ALTER TABLE ONLY gtpremium."contratacionTenan_accionpersonal"
    ADD CONSTRAINT "contratacionTenan_ac_departamento_nuevo_i_2915a084_fk_centralTe" FOREIGN KEY (departamento_nuevo_id) REFERENCES gtpremium."centralTenan_area"(id) DEFERRABLE INITIALLY DEFERRED;


--
-- Name: contratacionTenan_accionpersonal contratacionTenan_ac_id_afectado_id_496816fa_fk_contratac; Type: FK CONSTRAINT; Schema: gtpremium; Owner: postgres
--

ALTER TABLE ONLY gtpremium."contratacionTenan_accionpersonal"
    ADD CONSTRAINT "contratacionTenan_ac_id_afectado_id_496816fa_fk_contratac" FOREIGN KEY (id_afectado_id) REFERENCES gtpremium."contratacionTenan_empleado"(id) DEFERRABLE INITIALLY DEFERRED;


--
-- Name: contratacionTenan_accionpersonal contratacionTenan_ac_id_cargo_id_2702d0b5_fk_contratac; Type: FK CONSTRAINT; Schema: gtpremium; Owner: postgres
--

ALTER TABLE ONLY gtpremium."contratacionTenan_accionpersonal"
    ADD CONSTRAINT "contratacionTenan_ac_id_cargo_id_2702d0b5_fk_contratac" FOREIGN KEY (id_cargo_id) REFERENCES gtpremium."contratacionTenan_cargo"(id) DEFERRABLE INITIALLY DEFERRED;


--
-- Name: contratacionTenan_accionpersonal contratacionTenan_ac_id_centro_de_costo_i_dde7aafb_fk_centralTe; Type: FK CONSTRAINT; Schema: gtpremium; Owner: postgres
--

ALTER TABLE ONLY gtpremium."contratacionTenan_accionpersonal"
    ADD CONSTRAINT "contratacionTenan_ac_id_centro_de_costo_i_dde7aafb_fk_centralTe" FOREIGN KEY (id_centro_de_costo_id) REFERENCES gtpremium."centralTenan_centrodecosto"(id) DEFERRABLE INITIALLY DEFERRED;


--
-- Name: contratacionTenan_accionpersonal contratacionTenan_ac_id_departamento_id_399ca0d8_fk_central_d; Type: FK CONSTRAINT; Schema: gtpremium; Owner: postgres
--

ALTER TABLE ONLY gtpremium."contratacionTenan_accionpersonal"
    ADD CONSTRAINT "contratacionTenan_ac_id_departamento_id_399ca0d8_fk_central_d" FOREIGN KEY (id_departamento_id) REFERENCES public.central_departamento(id) DEFERRABLE INITIALLY DEFERRED;


--
-- Name: contratacionTenan_accionpersonal contratacionTenan_ac_id_director_area_id_6301dfb0_fk_contratac; Type: FK CONSTRAINT; Schema: gtpremium; Owner: postgres
--

ALTER TABLE ONLY gtpremium."contratacionTenan_accionpersonal"
    ADD CONSTRAINT "contratacionTenan_ac_id_director_area_id_6301dfb0_fk_contratac" FOREIGN KEY (id_director_area_id) REFERENCES gtpremium."contratacionTenan_empleado"(id) DEFERRABLE INITIALLY DEFERRED;


--
-- Name: contratacionTenan_accionpersonal contratacionTenan_ac_id_encargado_id_094e9892_fk_contratac; Type: FK CONSTRAINT; Schema: gtpremium; Owner: postgres
--

ALTER TABLE ONLY gtpremium."contratacionTenan_accionpersonal"
    ADD CONSTRAINT "contratacionTenan_ac_id_encargado_id_094e9892_fk_contratac" FOREIGN KEY (id_encargado_id) REFERENCES gtpremium."contratacionTenan_empleado"(id) DEFERRABLE INITIALLY DEFERRED;


--
-- Name: contratacionTenan_accionpersonal contratacionTenan_ac_id_gerente_general_i_9d690726_fk_contratac; Type: FK CONSTRAINT; Schema: gtpremium; Owner: postgres
--

ALTER TABLE ONLY gtpremium."contratacionTenan_accionpersonal"
    ADD CONSTRAINT "contratacionTenan_ac_id_gerente_general_i_9d690726_fk_contratac" FOREIGN KEY (id_gerente_general_id) REFERENCES gtpremium."contratacionTenan_empleado"(id) DEFERRABLE INITIALLY DEFERRED;


--
-- Name: contratacionTenan_accionpersonal contratacionTenan_ac_id_gerente_rhu_id_8daf2c37_fk_contratac; Type: FK CONSTRAINT; Schema: gtpremium; Owner: postgres
--

ALTER TABLE ONLY gtpremium."contratacionTenan_accionpersonal"
    ADD CONSTRAINT "contratacionTenan_ac_id_gerente_rhu_id_8daf2c37_fk_contratac" FOREIGN KEY (id_gerente_rhu_id) REFERENCES gtpremium."contratacionTenan_empleado"(id) DEFERRABLE INITIALLY DEFERRED;


--
-- Name: contratacionTenan_accionpersonal contratacionTenan_ac_id_municipio_id_478b8450_fk_central_m; Type: FK CONSTRAINT; Schema: gtpremium; Owner: postgres
--

ALTER TABLE ONLY gtpremium."contratacionTenan_accionpersonal"
    ADD CONSTRAINT "contratacionTenan_ac_id_municipio_id_478b8450_fk_central_m" FOREIGN KEY (id_municipio_id) REFERENCES public.central_municipio(id) DEFERRABLE INITIALLY DEFERRED;


--
-- Name: contratacionTenan_accionpersonal contratacionTenan_ac_id_sexo_id_316c8633_fk_central_s; Type: FK CONSTRAINT; Schema: gtpremium; Owner: postgres
--

ALTER TABLE ONLY gtpremium."contratacionTenan_accionpersonal"
    ADD CONSTRAINT "contratacionTenan_ac_id_sexo_id_316c8633_fk_central_s" FOREIGN KEY (id_sexo_id) REFERENCES public.central_sexo(id) DEFERRABLE INITIALLY DEFERRED;


--
-- Name: contratacionTenan_accionpersonal contratacionTenan_ac_id_tipo_accion_perso_809e8ae4_fk_contratac; Type: FK CONSTRAINT; Schema: gtpremium; Owner: postgres
--

ALTER TABLE ONLY gtpremium."contratacionTenan_accionpersonal"
    ADD CONSTRAINT "contratacionTenan_ac_id_tipo_accion_perso_809e8ae4_fk_contratac" FOREIGN KEY (id_tipo_accion_personal_id) REFERENCES public.contratacion_tipoaccionpersonal(id) DEFERRABLE INITIALLY DEFERRED;


--
-- Name: contratacionTenan_accionpersonal contratacionTenan_ac_id_ubicacion_id_1fd49641_fk_centralTe; Type: FK CONSTRAINT; Schema: gtpremium; Owner: postgres
--

ALTER TABLE ONLY gtpremium."contratacionTenan_accionpersonal"
    ADD CONSTRAINT "contratacionTenan_ac_id_ubicacion_id_1fd49641_fk_centralTe" FOREIGN KEY (id_ubicacion_id) REFERENCES gtpremium."centralTenan_ubicacion"(id) DEFERRABLE INITIALLY DEFERRED;


--
-- Name: contratacionTenan_cargo contratacionTenan_ca_id_nivel_empleado_id_c93603a7_fk_contratac; Type: FK CONSTRAINT; Schema: gtpremium; Owner: postgres
--

ALTER TABLE ONLY gtpremium."contratacionTenan_cargo"
    ADD CONSTRAINT "contratacionTenan_ca_id_nivel_empleado_id_c93603a7_fk_contratac" FOREIGN KEY (id_nivel_empleado_id) REFERENCES public.contratacion_nivelempleado(id) DEFERRABLE INITIALLY DEFERRED;


--
-- Name: contratacionTenan_detalleplanilla contratacionTenan_de_id_planilla_id_8e542d5c_fk_contratac; Type: FK CONSTRAINT; Schema: gtpremium; Owner: postgres
--

ALTER TABLE ONLY gtpremium."contratacionTenan_detalleplanilla"
    ADD CONSTRAINT "contratacionTenan_de_id_planilla_id_8e542d5c_fk_contratac" FOREIGN KEY (id_planilla_id) REFERENCES gtpremium."contratacionTenan_planilla"(id) DEFERRABLE INITIALLY DEFERRED;


--
-- Name: contratacionTenan_detalleplanilla contratacionTenan_de_id_tipo_incremento_r_01ebf41f_fk_contratac; Type: FK CONSTRAINT; Schema: gtpremium; Owner: postgres
--

ALTER TABLE ONLY gtpremium."contratacionTenan_detalleplanilla"
    ADD CONSTRAINT "contratacionTenan_de_id_tipo_incremento_r_01ebf41f_fk_contratac" FOREIGN KEY (id_tipo_incremento_retencion_id) REFERENCES public.contratacion_tipoincrementoretencion(id) DEFERRABLE INITIALLY DEFERRED;


--
-- Name: contratacionTenan_empleado contratacionTenan_em_id_area_id_80f9410a_fk_centralTe; Type: FK CONSTRAINT; Schema: gtpremium; Owner: postgres
--

ALTER TABLE ONLY gtpremium."contratacionTenan_empleado"
    ADD CONSTRAINT "contratacionTenan_em_id_area_id_80f9410a_fk_centralTe" FOREIGN KEY (id_area_id) REFERENCES gtpremium."centralTenan_area"(id) DEFERRABLE INITIALLY DEFERRED;


--
-- Name: contratacionTenan_empleado contratacionTenan_em_id_cargo_id_0320e08b_fk_contratac; Type: FK CONSTRAINT; Schema: gtpremium; Owner: postgres
--

ALTER TABLE ONLY gtpremium."contratacionTenan_empleado"
    ADD CONSTRAINT "contratacionTenan_em_id_cargo_id_0320e08b_fk_contratac" FOREIGN KEY (id_cargo_id) REFERENCES gtpremium."contratacionTenan_cargo"(id) DEFERRABLE INITIALLY DEFERRED;


--
-- Name: contratacionTenan_empleado contratacionTenan_em_id_centro_de_costo_i_7b566395_fk_centralTe; Type: FK CONSTRAINT; Schema: gtpremium; Owner: postgres
--

ALTER TABLE ONLY gtpremium."contratacionTenan_empleado"
    ADD CONSTRAINT "contratacionTenan_em_id_centro_de_costo_i_7b566395_fk_centralTe" FOREIGN KEY (id_centro_de_costo_id) REFERENCES gtpremium."centralTenan_centrodecosto"(id) DEFERRABLE INITIALLY DEFERRED;


--
-- Name: contratacionTenan_empleado contratacionTenan_em_id_datos_personales__9d144ec6_fk_contratac; Type: FK CONSTRAINT; Schema: gtpremium; Owner: postgres
--

ALTER TABLE ONLY gtpremium."contratacionTenan_empleado"
    ADD CONSTRAINT "contratacionTenan_em_id_datos_personales__9d144ec6_fk_contratac" FOREIGN KEY (id_datos_personales_id) REFERENCES public.contratacion_datospersonales(id) DEFERRABLE INITIALLY DEFERRED;


--
-- Name: contratacionTenan_empleado contratacionTenan_em_id_tipo_periodo_id_6b5e74fc_fk_contratac; Type: FK CONSTRAINT; Schema: gtpremium; Owner: postgres
--

ALTER TABLE ONLY gtpremium."contratacionTenan_empleado"
    ADD CONSTRAINT "contratacionTenan_em_id_tipo_periodo_id_6b5e74fc_fk_contratac" FOREIGN KEY (id_tipo_periodo_id) REFERENCES public.contratacion_tipoperiodo(id) DEFERRABLE INITIALLY DEFERRED;


--
-- Name: contratacionTenan_empleado contratacionTenan_em_id_ubicacion_id_b4a7c449_fk_centralTe; Type: FK CONSTRAINT; Schema: gtpremium; Owner: postgres
--

ALTER TABLE ONLY gtpremium."contratacionTenan_empleado"
    ADD CONSTRAINT "contratacionTenan_em_id_ubicacion_id_b4a7c449_fk_centralTe" FOREIGN KEY (id_ubicacion_id) REFERENCES gtpremium."centralTenan_ubicacion"(id) DEFERRABLE INITIALLY DEFERRED;


--
-- Name: contratacionTenan_movaplicaincremento contratacionTenan_mo_id_empleado_id_99c41f91_fk_contratac; Type: FK CONSTRAINT; Schema: gtpremium; Owner: postgres
--

ALTER TABLE ONLY gtpremium."contratacionTenan_movaplicaincremento"
    ADD CONSTRAINT "contratacionTenan_mo_id_empleado_id_99c41f91_fk_contratac" FOREIGN KEY (id_empleado_id) REFERENCES gtpremium."contratacionTenan_empleado"(id) DEFERRABLE INITIALLY DEFERRED;


--
-- Name: contratacionTenan_movaplicadecremento contratacionTenan_mo_id_empleado_id_a3f368a5_fk_contratac; Type: FK CONSTRAINT; Schema: gtpremium; Owner: postgres
--

ALTER TABLE ONLY gtpremium."contratacionTenan_movaplicadecremento"
    ADD CONSTRAINT "contratacionTenan_mo_id_empleado_id_a3f368a5_fk_contratac" FOREIGN KEY (id_empleado_id) REFERENCES gtpremium."contratacionTenan_empleado"(id) DEFERRABLE INITIALLY DEFERRED;


--
-- Name: contratacionTenan_movaplicadecremento contratacionTenan_mo_id_movimiento_decrem_bdbcfb96_fk_contratac; Type: FK CONSTRAINT; Schema: gtpremium; Owner: postgres
--

ALTER TABLE ONLY gtpremium."contratacionTenan_movaplicadecremento"
    ADD CONSTRAINT "contratacionTenan_mo_id_movimiento_decrem_bdbcfb96_fk_contratac" FOREIGN KEY (id_movimiento_decremento_id) REFERENCES public.contratacion_movimientodecremento(id) DEFERRABLE INITIALLY DEFERRED;


--
-- Name: contratacionTenan_movaplicaincremento contratacionTenan_mo_id_movimiento_increm_07aa0394_fk_contratac; Type: FK CONSTRAINT; Schema: gtpremium; Owner: postgres
--

ALTER TABLE ONLY gtpremium."contratacionTenan_movaplicaincremento"
    ADD CONSTRAINT "contratacionTenan_mo_id_movimiento_increm_07aa0394_fk_contratac" FOREIGN KEY (id_movimiento_incremento_id) REFERENCES public.contratacion_movimientoincremento(id) DEFERRABLE INITIALLY DEFERRED;


--
-- Name: contratacionTenan_movaplicaincremento contratacionTenan_mo_id_periodo_planifica_d408ef9d_fk_contratac; Type: FK CONSTRAINT; Schema: gtpremium; Owner: postgres
--

ALTER TABLE ONLY gtpremium."contratacionTenan_movaplicaincremento"
    ADD CONSTRAINT "contratacionTenan_mo_id_periodo_planifica_d408ef9d_fk_contratac" FOREIGN KEY (id_periodo_planificado_id) REFERENCES gtpremium."contratacionTenan_periodo"(id) DEFERRABLE INITIALLY DEFERRED;


--
-- Name: contratacionTenan_movaplicadecremento contratacionTenan_mo_id_periodo_planifica_f27cf1fa_fk_contratac; Type: FK CONSTRAINT; Schema: gtpremium; Owner: postgres
--

ALTER TABLE ONLY gtpremium."contratacionTenan_movaplicadecremento"
    ADD CONSTRAINT "contratacionTenan_mo_id_periodo_planifica_f27cf1fa_fk_contratac" FOREIGN KEY (id_periodo_planificado_id) REFERENCES gtpremium."contratacionTenan_periodo"(id) DEFERRABLE INITIALLY DEFERRED;


--
-- Name: contratacionTenan_movaplicaincremento contratacionTenan_mo_id_user_id_6efdeec4_fk_central_u; Type: FK CONSTRAINT; Schema: gtpremium; Owner: postgres
--

ALTER TABLE ONLY gtpremium."contratacionTenan_movaplicaincremento"
    ADD CONSTRAINT "contratacionTenan_mo_id_user_id_6efdeec4_fk_central_u" FOREIGN KEY (id_user_id) REFERENCES public.central_user(id) DEFERRABLE INITIALLY DEFERRED;


--
-- Name: contratacionTenan_movaplicadecremento contratacionTenan_mo_id_user_id_83c33d33_fk_central_u; Type: FK CONSTRAINT; Schema: gtpremium; Owner: postgres
--

ALTER TABLE ONLY gtpremium."contratacionTenan_movaplicadecremento"
    ADD CONSTRAINT "contratacionTenan_mo_id_user_id_83c33d33_fk_central_u" FOREIGN KEY (id_user_id) REFERENCES public.central_user(id) DEFERRABLE INITIALLY DEFERRED;


--
-- Name: contratacionTenan_ordendescuento contratacionTenan_or_id_empleado_id_5ffcd081_fk_contratac; Type: FK CONSTRAINT; Schema: gtpremium; Owner: postgres
--

ALTER TABLE ONLY gtpremium."contratacionTenan_ordendescuento"
    ADD CONSTRAINT "contratacionTenan_or_id_empleado_id_5ffcd081_fk_contratac" FOREIGN KEY (id_empleado_id) REFERENCES gtpremium."contratacionTenan_empleado"(id) DEFERRABLE INITIALLY DEFERRED;


--
-- Name: contratacionTenan_ordendescuento contratacionTenan_or_id_institucion_finan_e024dc45_fk_central_i; Type: FK CONSTRAINT; Schema: gtpremium; Owner: postgres
--

ALTER TABLE ONLY gtpremium."contratacionTenan_ordendescuento"
    ADD CONSTRAINT "contratacionTenan_or_id_institucion_finan_e024dc45_fk_central_i" FOREIGN KEY (id_institucion_financiera_id) REFERENCES public.central_institucionfinanciera(id) DEFERRABLE INITIALLY DEFERRED;


--
-- Name: contratacionTenan_periodo contratacionTenan_periodo_mes_id_3594d383_fk_central_mes_id; Type: FK CONSTRAINT; Schema: gtpremium; Owner: postgres
--

ALTER TABLE ONLY gtpremium."contratacionTenan_periodo"
    ADD CONSTRAINT "contratacionTenan_periodo_mes_id_3594d383_fk_central_mes_id" FOREIGN KEY (mes_id) REFERENCES public.central_mes(id) DEFERRABLE INITIALLY DEFERRED;


--
-- Name: contratacionTenan_planilla contratacionTenan_pl_id_empleado_id_36ed8364_fk_contratac; Type: FK CONSTRAINT; Schema: gtpremium; Owner: postgres
--

ALTER TABLE ONLY gtpremium."contratacionTenan_planilla"
    ADD CONSTRAINT "contratacionTenan_pl_id_empleado_id_36ed8364_fk_contratac" FOREIGN KEY (id_empleado_id) REFERENCES gtpremium."contratacionTenan_empleado"(id) DEFERRABLE INITIALLY DEFERRED;


--
-- Name: contratacionTenan_planilla contratacionTenan_pl_id_encabezado_id_34d2cc29_fk_contratac; Type: FK CONSTRAINT; Schema: gtpremium; Owner: postgres
--

ALTER TABLE ONLY gtpremium."contratacionTenan_planilla"
    ADD CONSTRAINT "contratacionTenan_pl_id_encabezado_id_34d2cc29_fk_contratac" FOREIGN KEY (id_encabezado_id) REFERENCES gtpremium."contratacionTenan_planillaencabezado"(id) DEFERRABLE INITIALLY DEFERRED;


--
-- Name: contratacionTenan_planillaencabezado contratacionTenan_pl_id_estado_id_34792738_fk_contratac; Type: FK CONSTRAINT; Schema: gtpremium; Owner: postgres
--

ALTER TABLE ONLY gtpremium."contratacionTenan_planillaencabezado"
    ADD CONSTRAINT "contratacionTenan_pl_id_estado_id_34792738_fk_contratac" FOREIGN KEY (id_estado_id) REFERENCES public.contratacion_planillaestado(id) DEFERRABLE INITIALLY DEFERRED;


--
-- Name: contratacionTenan_planillaencabezado contratacionTenan_pl_id_periodo_id_19e91050_fk_contratac; Type: FK CONSTRAINT; Schema: gtpremium; Owner: postgres
--

ALTER TABLE ONLY gtpremium."contratacionTenan_planillaencabezado"
    ADD CONSTRAINT "contratacionTenan_pl_id_periodo_id_19e91050_fk_contratac" FOREIGN KEY (id_periodo_id) REFERENCES gtpremium."contratacionTenan_periodo"(id) DEFERRABLE INITIALLY DEFERRED;


--
-- Name: contratacionTenan_planillaencabezado contratacionTenan_pl_id_tipo_id_f7d3d1a0_fk_contratac; Type: FK CONSTRAINT; Schema: gtpremium; Owner: postgres
--

ALTER TABLE ONLY gtpremium."contratacionTenan_planillaencabezado"
    ADD CONSTRAINT "contratacionTenan_pl_id_tipo_id_f7d3d1a0_fk_contratac" FOREIGN KEY (id_tipo_id) REFERENCES public.contratacion_planillatipo(id) DEFERRABLE INITIALLY DEFERRED;


--
-- Name: contratacionTenan_planillaencabezado contratacionTenan_pl_id_user_id_8f2ddfdc_fk_central_u; Type: FK CONSTRAINT; Schema: gtpremium; Owner: postgres
--

ALTER TABLE ONLY gtpremium."contratacionTenan_planillaencabezado"
    ADD CONSTRAINT "contratacionTenan_pl_id_user_id_8f2ddfdc_fk_central_u" FOREIGN KEY (id_user_id) REFERENCES public.central_user(id) DEFERRABLE INITIALLY DEFERRED;


--
-- Name: contratacionTenan_prestamosregistropagos contratacionTenan_pr_id_datos_personales__50dd566f_fk_contratac; Type: FK CONSTRAINT; Schema: gtpremium; Owner: postgres
--

ALTER TABLE ONLY gtpremium."contratacionTenan_prestamosregistropagos"
    ADD CONSTRAINT "contratacionTenan_pr_id_datos_personales__50dd566f_fk_contratac" FOREIGN KEY (id_datos_personales_id) REFERENCES public.contratacion_datospersonales(id) DEFERRABLE INITIALLY DEFERRED;


--
-- Name: contratacionTenan_prestamosregistropagos contratacionTenan_pr_id_detalle_planilla__d6e1980d_fk_contratac; Type: FK CONSTRAINT; Schema: gtpremium; Owner: postgres
--

ALTER TABLE ONLY gtpremium."contratacionTenan_prestamosregistropagos"
    ADD CONSTRAINT "contratacionTenan_pr_id_detalle_planilla__d6e1980d_fk_contratac" FOREIGN KEY (id_detalle_planilla_id) REFERENCES gtpremium."contratacionTenan_detalleplanilla"(id) DEFERRABLE INITIALLY DEFERRED;


--
-- Name: contratacionTenan_recordcrediticio contratacionTenan_re_id_detalle_planilla__ff88943e_fk_contratac; Type: FK CONSTRAINT; Schema: gtpremium; Owner: postgres
--

ALTER TABLE ONLY gtpremium."contratacionTenan_recordcrediticio"
    ADD CONSTRAINT "contratacionTenan_re_id_detalle_planilla__ff88943e_fk_contratac" FOREIGN KEY (id_detalle_planilla_id) REFERENCES gtpremium."contratacionTenan_detalleplanilla"(id) DEFERRABLE INITIALLY DEFERRED;


--
-- Name: contratacionTenan_recordcrediticio contratacionTenan_re_id_orden_descuento_i_f721ca05_fk_contratac; Type: FK CONSTRAINT; Schema: gtpremium; Owner: postgres
--

ALTER TABLE ONLY gtpremium."contratacionTenan_recordcrediticio"
    ADD CONSTRAINT "contratacionTenan_re_id_orden_descuento_i_f721ca05_fk_contratac" FOREIGN KEY (id_orden_descuento_id) REFERENCES gtpremium."contratacionTenan_ordendescuento"(id) DEFERRABLE INITIALLY DEFERRED;


--
-- Name: centralTenan_area centralTenan_area_id_director_id_9aea4ac9_fk_contratac; Type: FK CONSTRAINT; Schema: premium; Owner: postgres
--

ALTER TABLE ONLY premium."centralTenan_area"
    ADD CONSTRAINT "centralTenan_area_id_director_id_9aea4ac9_fk_contratac" FOREIGN KEY (id_director_id) REFERENCES public.contratacion_datospersonales(id) DEFERRABLE INITIALLY DEFERRED;


--
-- Name: centralTenan_ubicacion centralTenan_ubicaci_id_tipo_de_ubicacion_c0f66a04_fk_central_t; Type: FK CONSTRAINT; Schema: premium; Owner: postgres
--

ALTER TABLE ONLY premium."centralTenan_ubicacion"
    ADD CONSTRAINT "centralTenan_ubicaci_id_tipo_de_ubicacion_c0f66a04_fk_central_t" FOREIGN KEY (id_tipo_de_ubicacion_id) REFERENCES public.central_tipodeubicacion(id) DEFERRABLE INITIALLY DEFERRED;


--
-- Name: contratacionTenan_accionpersonal contratacionTenan_ac_cargo_nuevo_id_56e694e5_fk_contratac; Type: FK CONSTRAINT; Schema: premium; Owner: postgres
--

ALTER TABLE ONLY premium."contratacionTenan_accionpersonal"
    ADD CONSTRAINT "contratacionTenan_ac_cargo_nuevo_id_56e694e5_fk_contratac" FOREIGN KEY (cargo_nuevo_id) REFERENCES premium."contratacionTenan_cargo"(id) DEFERRABLE INITIALLY DEFERRED;


--
-- Name: contratacionTenan_accionpersonal contratacionTenan_ac_departamento_nuevo_i_2915a084_fk_centralTe; Type: FK CONSTRAINT; Schema: premium; Owner: postgres
--

ALTER TABLE ONLY premium."contratacionTenan_accionpersonal"
    ADD CONSTRAINT "contratacionTenan_ac_departamento_nuevo_i_2915a084_fk_centralTe" FOREIGN KEY (departamento_nuevo_id) REFERENCES premium."centralTenan_area"(id) DEFERRABLE INITIALLY DEFERRED;


--
-- Name: contratacionTenan_accionpersonal contratacionTenan_ac_id_afectado_id_496816fa_fk_contratac; Type: FK CONSTRAINT; Schema: premium; Owner: postgres
--

ALTER TABLE ONLY premium."contratacionTenan_accionpersonal"
    ADD CONSTRAINT "contratacionTenan_ac_id_afectado_id_496816fa_fk_contratac" FOREIGN KEY (id_afectado_id) REFERENCES premium."contratacionTenan_empleado"(id) DEFERRABLE INITIALLY DEFERRED;


--
-- Name: contratacionTenan_accionpersonal contratacionTenan_ac_id_cargo_id_2702d0b5_fk_contratac; Type: FK CONSTRAINT; Schema: premium; Owner: postgres
--

ALTER TABLE ONLY premium."contratacionTenan_accionpersonal"
    ADD CONSTRAINT "contratacionTenan_ac_id_cargo_id_2702d0b5_fk_contratac" FOREIGN KEY (id_cargo_id) REFERENCES premium."contratacionTenan_cargo"(id) DEFERRABLE INITIALLY DEFERRED;


--
-- Name: contratacionTenan_accionpersonal contratacionTenan_ac_id_centro_de_costo_i_dde7aafb_fk_centralTe; Type: FK CONSTRAINT; Schema: premium; Owner: postgres
--

ALTER TABLE ONLY premium."contratacionTenan_accionpersonal"
    ADD CONSTRAINT "contratacionTenan_ac_id_centro_de_costo_i_dde7aafb_fk_centralTe" FOREIGN KEY (id_centro_de_costo_id) REFERENCES premium."centralTenan_centrodecosto"(id) DEFERRABLE INITIALLY DEFERRED;


--
-- Name: contratacionTenan_accionpersonal contratacionTenan_ac_id_departamento_id_399ca0d8_fk_central_d; Type: FK CONSTRAINT; Schema: premium; Owner: postgres
--

ALTER TABLE ONLY premium."contratacionTenan_accionpersonal"
    ADD CONSTRAINT "contratacionTenan_ac_id_departamento_id_399ca0d8_fk_central_d" FOREIGN KEY (id_departamento_id) REFERENCES public.central_departamento(id) DEFERRABLE INITIALLY DEFERRED;


--
-- Name: contratacionTenan_accionpersonal contratacionTenan_ac_id_director_area_id_6301dfb0_fk_contratac; Type: FK CONSTRAINT; Schema: premium; Owner: postgres
--

ALTER TABLE ONLY premium."contratacionTenan_accionpersonal"
    ADD CONSTRAINT "contratacionTenan_ac_id_director_area_id_6301dfb0_fk_contratac" FOREIGN KEY (id_director_area_id) REFERENCES premium."contratacionTenan_empleado"(id) DEFERRABLE INITIALLY DEFERRED;


--
-- Name: contratacionTenan_accionpersonal contratacionTenan_ac_id_encargado_id_094e9892_fk_contratac; Type: FK CONSTRAINT; Schema: premium; Owner: postgres
--

ALTER TABLE ONLY premium."contratacionTenan_accionpersonal"
    ADD CONSTRAINT "contratacionTenan_ac_id_encargado_id_094e9892_fk_contratac" FOREIGN KEY (id_encargado_id) REFERENCES premium."contratacionTenan_empleado"(id) DEFERRABLE INITIALLY DEFERRED;


--
-- Name: contratacionTenan_accionpersonal contratacionTenan_ac_id_gerente_general_i_9d690726_fk_contratac; Type: FK CONSTRAINT; Schema: premium; Owner: postgres
--

ALTER TABLE ONLY premium."contratacionTenan_accionpersonal"
    ADD CONSTRAINT "contratacionTenan_ac_id_gerente_general_i_9d690726_fk_contratac" FOREIGN KEY (id_gerente_general_id) REFERENCES premium."contratacionTenan_empleado"(id) DEFERRABLE INITIALLY DEFERRED;


--
-- Name: contratacionTenan_accionpersonal contratacionTenan_ac_id_gerente_rhu_id_8daf2c37_fk_contratac; Type: FK CONSTRAINT; Schema: premium; Owner: postgres
--

ALTER TABLE ONLY premium."contratacionTenan_accionpersonal"
    ADD CONSTRAINT "contratacionTenan_ac_id_gerente_rhu_id_8daf2c37_fk_contratac" FOREIGN KEY (id_gerente_rhu_id) REFERENCES premium."contratacionTenan_empleado"(id) DEFERRABLE INITIALLY DEFERRED;


--
-- Name: contratacionTenan_accionpersonal contratacionTenan_ac_id_municipio_id_478b8450_fk_central_m; Type: FK CONSTRAINT; Schema: premium; Owner: postgres
--

ALTER TABLE ONLY premium."contratacionTenan_accionpersonal"
    ADD CONSTRAINT "contratacionTenan_ac_id_municipio_id_478b8450_fk_central_m" FOREIGN KEY (id_municipio_id) REFERENCES public.central_municipio(id) DEFERRABLE INITIALLY DEFERRED;


--
-- Name: contratacionTenan_accionpersonal contratacionTenan_ac_id_sexo_id_316c8633_fk_central_s; Type: FK CONSTRAINT; Schema: premium; Owner: postgres
--

ALTER TABLE ONLY premium."contratacionTenan_accionpersonal"
    ADD CONSTRAINT "contratacionTenan_ac_id_sexo_id_316c8633_fk_central_s" FOREIGN KEY (id_sexo_id) REFERENCES public.central_sexo(id) DEFERRABLE INITIALLY DEFERRED;


--
-- Name: contratacionTenan_accionpersonal contratacionTenan_ac_id_tipo_accion_perso_809e8ae4_fk_contratac; Type: FK CONSTRAINT; Schema: premium; Owner: postgres
--

ALTER TABLE ONLY premium."contratacionTenan_accionpersonal"
    ADD CONSTRAINT "contratacionTenan_ac_id_tipo_accion_perso_809e8ae4_fk_contratac" FOREIGN KEY (id_tipo_accion_personal_id) REFERENCES public.contratacion_tipoaccionpersonal(id) DEFERRABLE INITIALLY DEFERRED;


--
-- Name: contratacionTenan_accionpersonal contratacionTenan_ac_id_ubicacion_id_1fd49641_fk_centralTe; Type: FK CONSTRAINT; Schema: premium; Owner: postgres
--

ALTER TABLE ONLY premium."contratacionTenan_accionpersonal"
    ADD CONSTRAINT "contratacionTenan_ac_id_ubicacion_id_1fd49641_fk_centralTe" FOREIGN KEY (id_ubicacion_id) REFERENCES premium."centralTenan_ubicacion"(id) DEFERRABLE INITIALLY DEFERRED;


--
-- Name: contratacionTenan_cargo contratacionTenan_ca_id_nivel_empleado_id_c93603a7_fk_contratac; Type: FK CONSTRAINT; Schema: premium; Owner: postgres
--

ALTER TABLE ONLY premium."contratacionTenan_cargo"
    ADD CONSTRAINT "contratacionTenan_ca_id_nivel_empleado_id_c93603a7_fk_contratac" FOREIGN KEY (id_nivel_empleado_id) REFERENCES public.contratacion_nivelempleado(id) DEFERRABLE INITIALLY DEFERRED;


--
-- Name: contratacionTenan_detalleplanilla contratacionTenan_de_id_planilla_id_8e542d5c_fk_contratac; Type: FK CONSTRAINT; Schema: premium; Owner: postgres
--

ALTER TABLE ONLY premium."contratacionTenan_detalleplanilla"
    ADD CONSTRAINT "contratacionTenan_de_id_planilla_id_8e542d5c_fk_contratac" FOREIGN KEY (id_planilla_id) REFERENCES premium."contratacionTenan_planilla"(id) DEFERRABLE INITIALLY DEFERRED;


--
-- Name: contratacionTenan_detalleplanilla contratacionTenan_de_id_tipo_incremento_r_01ebf41f_fk_contratac; Type: FK CONSTRAINT; Schema: premium; Owner: postgres
--

ALTER TABLE ONLY premium."contratacionTenan_detalleplanilla"
    ADD CONSTRAINT "contratacionTenan_de_id_tipo_incremento_r_01ebf41f_fk_contratac" FOREIGN KEY (id_tipo_incremento_retencion_id) REFERENCES public.contratacion_tipoincrementoretencion(id) DEFERRABLE INITIALLY DEFERRED;


--
-- Name: contratacionTenan_empleado contratacionTenan_em_id_area_id_80f9410a_fk_centralTe; Type: FK CONSTRAINT; Schema: premium; Owner: postgres
--

ALTER TABLE ONLY premium."contratacionTenan_empleado"
    ADD CONSTRAINT "contratacionTenan_em_id_area_id_80f9410a_fk_centralTe" FOREIGN KEY (id_area_id) REFERENCES premium."centralTenan_area"(id) DEFERRABLE INITIALLY DEFERRED;


--
-- Name: contratacionTenan_empleado contratacionTenan_em_id_cargo_id_0320e08b_fk_contratac; Type: FK CONSTRAINT; Schema: premium; Owner: postgres
--

ALTER TABLE ONLY premium."contratacionTenan_empleado"
    ADD CONSTRAINT "contratacionTenan_em_id_cargo_id_0320e08b_fk_contratac" FOREIGN KEY (id_cargo_id) REFERENCES premium."contratacionTenan_cargo"(id) DEFERRABLE INITIALLY DEFERRED;


--
-- Name: contratacionTenan_empleado contratacionTenan_em_id_centro_de_costo_i_7b566395_fk_centralTe; Type: FK CONSTRAINT; Schema: premium; Owner: postgres
--

ALTER TABLE ONLY premium."contratacionTenan_empleado"
    ADD CONSTRAINT "contratacionTenan_em_id_centro_de_costo_i_7b566395_fk_centralTe" FOREIGN KEY (id_centro_de_costo_id) REFERENCES premium."centralTenan_centrodecosto"(id) DEFERRABLE INITIALLY DEFERRED;


--
-- Name: contratacionTenan_empleado contratacionTenan_em_id_datos_personales__9d144ec6_fk_contratac; Type: FK CONSTRAINT; Schema: premium; Owner: postgres
--

ALTER TABLE ONLY premium."contratacionTenan_empleado"
    ADD CONSTRAINT "contratacionTenan_em_id_datos_personales__9d144ec6_fk_contratac" FOREIGN KEY (id_datos_personales_id) REFERENCES public.contratacion_datospersonales(id) DEFERRABLE INITIALLY DEFERRED;


--
-- Name: contratacionTenan_empleado contratacionTenan_em_id_tipo_periodo_id_6b5e74fc_fk_contratac; Type: FK CONSTRAINT; Schema: premium; Owner: postgres
--

ALTER TABLE ONLY premium."contratacionTenan_empleado"
    ADD CONSTRAINT "contratacionTenan_em_id_tipo_periodo_id_6b5e74fc_fk_contratac" FOREIGN KEY (id_tipo_periodo_id) REFERENCES public.contratacion_tipoperiodo(id) DEFERRABLE INITIALLY DEFERRED;


--
-- Name: contratacionTenan_empleado contratacionTenan_em_id_ubicacion_id_b4a7c449_fk_centralTe; Type: FK CONSTRAINT; Schema: premium; Owner: postgres
--

ALTER TABLE ONLY premium."contratacionTenan_empleado"
    ADD CONSTRAINT "contratacionTenan_em_id_ubicacion_id_b4a7c449_fk_centralTe" FOREIGN KEY (id_ubicacion_id) REFERENCES premium."centralTenan_ubicacion"(id) DEFERRABLE INITIALLY DEFERRED;


--
-- Name: contratacionTenan_movaplicaincremento contratacionTenan_mo_id_empleado_id_99c41f91_fk_contratac; Type: FK CONSTRAINT; Schema: premium; Owner: postgres
--

ALTER TABLE ONLY premium."contratacionTenan_movaplicaincremento"
    ADD CONSTRAINT "contratacionTenan_mo_id_empleado_id_99c41f91_fk_contratac" FOREIGN KEY (id_empleado_id) REFERENCES premium."contratacionTenan_empleado"(id) DEFERRABLE INITIALLY DEFERRED;


--
-- Name: contratacionTenan_movaplicadecremento contratacionTenan_mo_id_empleado_id_a3f368a5_fk_contratac; Type: FK CONSTRAINT; Schema: premium; Owner: postgres
--

ALTER TABLE ONLY premium."contratacionTenan_movaplicadecremento"
    ADD CONSTRAINT "contratacionTenan_mo_id_empleado_id_a3f368a5_fk_contratac" FOREIGN KEY (id_empleado_id) REFERENCES premium."contratacionTenan_empleado"(id) DEFERRABLE INITIALLY DEFERRED;


--
-- Name: contratacionTenan_movaplicadecremento contratacionTenan_mo_id_movimiento_decrem_bdbcfb96_fk_contratac; Type: FK CONSTRAINT; Schema: premium; Owner: postgres
--

ALTER TABLE ONLY premium."contratacionTenan_movaplicadecremento"
    ADD CONSTRAINT "contratacionTenan_mo_id_movimiento_decrem_bdbcfb96_fk_contratac" FOREIGN KEY (id_movimiento_decremento_id) REFERENCES public.contratacion_movimientodecremento(id) DEFERRABLE INITIALLY DEFERRED;


--
-- Name: contratacionTenan_movaplicaincremento contratacionTenan_mo_id_movimiento_increm_07aa0394_fk_contratac; Type: FK CONSTRAINT; Schema: premium; Owner: postgres
--

ALTER TABLE ONLY premium."contratacionTenan_movaplicaincremento"
    ADD CONSTRAINT "contratacionTenan_mo_id_movimiento_increm_07aa0394_fk_contratac" FOREIGN KEY (id_movimiento_incremento_id) REFERENCES public.contratacion_movimientoincremento(id) DEFERRABLE INITIALLY DEFERRED;


--
-- Name: contratacionTenan_movaplicaincremento contratacionTenan_mo_id_periodo_planifica_d408ef9d_fk_contratac; Type: FK CONSTRAINT; Schema: premium; Owner: postgres
--

ALTER TABLE ONLY premium."contratacionTenan_movaplicaincremento"
    ADD CONSTRAINT "contratacionTenan_mo_id_periodo_planifica_d408ef9d_fk_contratac" FOREIGN KEY (id_periodo_planificado_id) REFERENCES premium."contratacionTenan_periodo"(id) DEFERRABLE INITIALLY DEFERRED;


--
-- Name: contratacionTenan_movaplicadecremento contratacionTenan_mo_id_periodo_planifica_f27cf1fa_fk_contratac; Type: FK CONSTRAINT; Schema: premium; Owner: postgres
--

ALTER TABLE ONLY premium."contratacionTenan_movaplicadecremento"
    ADD CONSTRAINT "contratacionTenan_mo_id_periodo_planifica_f27cf1fa_fk_contratac" FOREIGN KEY (id_periodo_planificado_id) REFERENCES premium."contratacionTenan_periodo"(id) DEFERRABLE INITIALLY DEFERRED;


--
-- Name: contratacionTenan_movaplicaincremento contratacionTenan_mo_id_user_id_6efdeec4_fk_central_u; Type: FK CONSTRAINT; Schema: premium; Owner: postgres
--

ALTER TABLE ONLY premium."contratacionTenan_movaplicaincremento"
    ADD CONSTRAINT "contratacionTenan_mo_id_user_id_6efdeec4_fk_central_u" FOREIGN KEY (id_user_id) REFERENCES public.central_user(id) DEFERRABLE INITIALLY DEFERRED;


--
-- Name: contratacionTenan_movaplicadecremento contratacionTenan_mo_id_user_id_83c33d33_fk_central_u; Type: FK CONSTRAINT; Schema: premium; Owner: postgres
--

ALTER TABLE ONLY premium."contratacionTenan_movaplicadecremento"
    ADD CONSTRAINT "contratacionTenan_mo_id_user_id_83c33d33_fk_central_u" FOREIGN KEY (id_user_id) REFERENCES public.central_user(id) DEFERRABLE INITIALLY DEFERRED;


--
-- Name: contratacionTenan_ordendescuento contratacionTenan_or_id_empleado_id_5ffcd081_fk_contratac; Type: FK CONSTRAINT; Schema: premium; Owner: postgres
--

ALTER TABLE ONLY premium."contratacionTenan_ordendescuento"
    ADD CONSTRAINT "contratacionTenan_or_id_empleado_id_5ffcd081_fk_contratac" FOREIGN KEY (id_empleado_id) REFERENCES premium."contratacionTenan_empleado"(id) DEFERRABLE INITIALLY DEFERRED;


--
-- Name: contratacionTenan_ordendescuento contratacionTenan_or_id_institucion_finan_e024dc45_fk_central_i; Type: FK CONSTRAINT; Schema: premium; Owner: postgres
--

ALTER TABLE ONLY premium."contratacionTenan_ordendescuento"
    ADD CONSTRAINT "contratacionTenan_or_id_institucion_finan_e024dc45_fk_central_i" FOREIGN KEY (id_institucion_financiera_id) REFERENCES public.central_institucionfinanciera(id) DEFERRABLE INITIALLY DEFERRED;


--
-- Name: contratacionTenan_periodo contratacionTenan_periodo_mes_id_3594d383_fk_central_mes_id; Type: FK CONSTRAINT; Schema: premium; Owner: postgres
--

ALTER TABLE ONLY premium."contratacionTenan_periodo"
    ADD CONSTRAINT "contratacionTenan_periodo_mes_id_3594d383_fk_central_mes_id" FOREIGN KEY (mes_id) REFERENCES public.central_mes(id) DEFERRABLE INITIALLY DEFERRED;


--
-- Name: contratacionTenan_planilla contratacionTenan_pl_id_empleado_id_36ed8364_fk_contratac; Type: FK CONSTRAINT; Schema: premium; Owner: postgres
--

ALTER TABLE ONLY premium."contratacionTenan_planilla"
    ADD CONSTRAINT "contratacionTenan_pl_id_empleado_id_36ed8364_fk_contratac" FOREIGN KEY (id_empleado_id) REFERENCES premium."contratacionTenan_empleado"(id) DEFERRABLE INITIALLY DEFERRED;


--
-- Name: contratacionTenan_planilla contratacionTenan_pl_id_encabezado_id_34d2cc29_fk_contratac; Type: FK CONSTRAINT; Schema: premium; Owner: postgres
--

ALTER TABLE ONLY premium."contratacionTenan_planilla"
    ADD CONSTRAINT "contratacionTenan_pl_id_encabezado_id_34d2cc29_fk_contratac" FOREIGN KEY (id_encabezado_id) REFERENCES premium."contratacionTenan_planillaencabezado"(id) DEFERRABLE INITIALLY DEFERRED;


--
-- Name: contratacionTenan_planillaencabezado contratacionTenan_pl_id_estado_id_34792738_fk_contratac; Type: FK CONSTRAINT; Schema: premium; Owner: postgres
--

ALTER TABLE ONLY premium."contratacionTenan_planillaencabezado"
    ADD CONSTRAINT "contratacionTenan_pl_id_estado_id_34792738_fk_contratac" FOREIGN KEY (id_estado_id) REFERENCES public.contratacion_planillaestado(id) DEFERRABLE INITIALLY DEFERRED;


--
-- Name: contratacionTenan_planillaencabezado contratacionTenan_pl_id_periodo_id_19e91050_fk_contratac; Type: FK CONSTRAINT; Schema: premium; Owner: postgres
--

ALTER TABLE ONLY premium."contratacionTenan_planillaencabezado"
    ADD CONSTRAINT "contratacionTenan_pl_id_periodo_id_19e91050_fk_contratac" FOREIGN KEY (id_periodo_id) REFERENCES premium."contratacionTenan_periodo"(id) DEFERRABLE INITIALLY DEFERRED;


--
-- Name: contratacionTenan_planillaencabezado contratacionTenan_pl_id_tipo_id_f7d3d1a0_fk_contratac; Type: FK CONSTRAINT; Schema: premium; Owner: postgres
--

ALTER TABLE ONLY premium."contratacionTenan_planillaencabezado"
    ADD CONSTRAINT "contratacionTenan_pl_id_tipo_id_f7d3d1a0_fk_contratac" FOREIGN KEY (id_tipo_id) REFERENCES public.contratacion_planillatipo(id) DEFERRABLE INITIALLY DEFERRED;


--
-- Name: contratacionTenan_planillaencabezado contratacionTenan_pl_id_user_id_8f2ddfdc_fk_central_u; Type: FK CONSTRAINT; Schema: premium; Owner: postgres
--

ALTER TABLE ONLY premium."contratacionTenan_planillaencabezado"
    ADD CONSTRAINT "contratacionTenan_pl_id_user_id_8f2ddfdc_fk_central_u" FOREIGN KEY (id_user_id) REFERENCES public.central_user(id) DEFERRABLE INITIALLY DEFERRED;


--
-- Name: contratacionTenan_prestamosregistropagos contratacionTenan_pr_id_datos_personales__50dd566f_fk_contratac; Type: FK CONSTRAINT; Schema: premium; Owner: postgres
--

ALTER TABLE ONLY premium."contratacionTenan_prestamosregistropagos"
    ADD CONSTRAINT "contratacionTenan_pr_id_datos_personales__50dd566f_fk_contratac" FOREIGN KEY (id_datos_personales_id) REFERENCES public.contratacion_datospersonales(id) DEFERRABLE INITIALLY DEFERRED;


--
-- Name: contratacionTenan_prestamosregistropagos contratacionTenan_pr_id_detalle_planilla__d6e1980d_fk_contratac; Type: FK CONSTRAINT; Schema: premium; Owner: postgres
--

ALTER TABLE ONLY premium."contratacionTenan_prestamosregistropagos"
    ADD CONSTRAINT "contratacionTenan_pr_id_detalle_planilla__d6e1980d_fk_contratac" FOREIGN KEY (id_detalle_planilla_id) REFERENCES premium."contratacionTenan_detalleplanilla"(id) DEFERRABLE INITIALLY DEFERRED;


--
-- Name: contratacionTenan_recordcrediticio contratacionTenan_re_id_detalle_planilla__ff88943e_fk_contratac; Type: FK CONSTRAINT; Schema: premium; Owner: postgres
--

ALTER TABLE ONLY premium."contratacionTenan_recordcrediticio"
    ADD CONSTRAINT "contratacionTenan_re_id_detalle_planilla__ff88943e_fk_contratac" FOREIGN KEY (id_detalle_planilla_id) REFERENCES premium."contratacionTenan_detalleplanilla"(id) DEFERRABLE INITIALLY DEFERRED;


--
-- Name: contratacionTenan_recordcrediticio contratacionTenan_re_id_orden_descuento_i_f721ca05_fk_contratac; Type: FK CONSTRAINT; Schema: premium; Owner: postgres
--

ALTER TABLE ONLY premium."contratacionTenan_recordcrediticio"
    ADD CONSTRAINT "contratacionTenan_re_id_orden_descuento_i_f721ca05_fk_contratac" FOREIGN KEY (id_orden_descuento_id) REFERENCES premium."contratacionTenan_ordendescuento"(id) DEFERRABLE INITIALLY DEFERRED;


--
-- Name: auth_group_permissions auth_group_permissio_permission_id_84c5c92e_fk_auth_perm; Type: FK CONSTRAINT; Schema: public; Owner: postgres
--

ALTER TABLE ONLY public.auth_group_permissions
    ADD CONSTRAINT auth_group_permissio_permission_id_84c5c92e_fk_auth_perm FOREIGN KEY (permission_id) REFERENCES public.auth_permission(id) DEFERRABLE INITIALLY DEFERRED;


--
-- Name: auth_group_permissions auth_group_permissions_group_id_b120cbf9_fk_auth_group_id; Type: FK CONSTRAINT; Schema: public; Owner: postgres
--

ALTER TABLE ONLY public.auth_group_permissions
    ADD CONSTRAINT auth_group_permissions_group_id_b120cbf9_fk_auth_group_id FOREIGN KEY (group_id) REFERENCES public.auth_group(id) DEFERRABLE INITIALLY DEFERRED;


--
-- Name: auth_permission auth_permission_content_type_id_2f476e4b_fk_django_co; Type: FK CONSTRAINT; Schema: public; Owner: postgres
--

ALTER TABLE ONLY public.auth_permission
    ADD CONSTRAINT auth_permission_content_type_id_2f476e4b_fk_django_co FOREIGN KEY (content_type_id) REFERENCES public.django_content_type(id) DEFERRABLE INITIALLY DEFERRED;


--
-- Name: authtoken_token authtoken_token_user_id_35299eff_fk_central_user_id; Type: FK CONSTRAINT; Schema: public; Owner: postgres
--

ALTER TABLE ONLY public.authtoken_token
    ADD CONSTRAINT authtoken_token_user_id_35299eff_fk_central_user_id FOREIGN KEY (user_id) REFERENCES public.central_user(id) DEFERRABLE INITIALLY DEFERRED;


--
-- Name: central_departamento central_departamento_id_pais_id_d5a81324_fk_central_pais_id; Type: FK CONSTRAINT; Schema: public; Owner: postgres
--

ALTER TABLE ONLY public.central_departamento
    ADD CONSTRAINT central_departamento_id_pais_id_d5a81324_fk_central_pais_id FOREIGN KEY (id_pais_id) REFERENCES public.central_pais(id) DEFERRABLE INITIALLY DEFERRED;


--
-- Name: central_departamento central_departamento_id_zona_id_5549fa86_fk_central_zona_id; Type: FK CONSTRAINT; Schema: public; Owner: postgres
--

ALTER TABLE ONLY public.central_departamento
    ADD CONSTRAINT central_departamento_id_zona_id_5549fa86_fk_central_zona_id FOREIGN KEY (id_zona_id) REFERENCES public.central_zona(id) DEFERRABLE INITIALLY DEFERRED;


--
-- Name: central_direccion central_direccion_id_datos_personales__168a4520_fk_contratac; Type: FK CONSTRAINT; Schema: public; Owner: postgres
--

ALTER TABLE ONLY public.central_direccion
    ADD CONSTRAINT central_direccion_id_datos_personales__168a4520_fk_contratac FOREIGN KEY (id_datos_personales_id) REFERENCES public.contratacion_datospersonales(id) DEFERRABLE INITIALLY DEFERRED;


--
-- Name: central_direccion central_direccion_id_municipio_id_d464b0b5_fk_central_m; Type: FK CONSTRAINT; Schema: public; Owner: postgres
--

ALTER TABLE ONLY public.central_direccion
    ADD CONSTRAINT central_direccion_id_municipio_id_d464b0b5_fk_central_m FOREIGN KEY (id_municipio_id) REFERENCES public.central_municipio(id) DEFERRABLE INITIALLY DEFERRED;


--
-- Name: central_domain central_domain_tenant_id_d5a79617_fk_central_client_id; Type: FK CONSTRAINT; Schema: public; Owner: postgres
--

ALTER TABLE ONLY public.central_domain
    ADD CONSTRAINT central_domain_tenant_id_d5a79617_fk_central_client_id FOREIGN KEY (tenant_id) REFERENCES public.central_client(id) DEFERRABLE INITIALLY DEFERRED;


--
-- Name: central_institucionfinanciera central_institucionf_id_tipo_institucion__b8c3117d_fk_central_t; Type: FK CONSTRAINT; Schema: public; Owner: postgres
--

ALTER TABLE ONLY public.central_institucionfinanciera
    ADD CONSTRAINT central_institucionf_id_tipo_institucion__b8c3117d_fk_central_t FOREIGN KEY (id_tipo_institucion_id) REFERENCES public.central_tipoinstitucion(id) DEFERRABLE INITIALLY DEFERRED;


--
-- Name: central_municipio central_municipio_id_departamento_id_d34bb882_fk_central_d; Type: FK CONSTRAINT; Schema: public; Owner: postgres
--

ALTER TABLE ONLY public.central_municipio
    ADD CONSTRAINT central_municipio_id_departamento_id_d34bb882_fk_central_d FOREIGN KEY (id_departamento_id) REFERENCES public.central_departamento(id) DEFERRABLE INITIALLY DEFERRED;


--
-- Name: central_user_groups central_user_groups_group_id_f39896b8_fk_auth_group_id; Type: FK CONSTRAINT; Schema: public; Owner: postgres
--

ALTER TABLE ONLY public.central_user_groups
    ADD CONSTRAINT central_user_groups_group_id_f39896b8_fk_auth_group_id FOREIGN KEY (group_id) REFERENCES public.auth_group(id) DEFERRABLE INITIALLY DEFERRED;


--
-- Name: central_user_groups central_user_groups_user_id_a71b7c68_fk_central_user_id; Type: FK CONSTRAINT; Schema: public; Owner: postgres
--

ALTER TABLE ONLY public.central_user_groups
    ADD CONSTRAINT central_user_groups_user_id_a71b7c68_fk_central_user_id FOREIGN KEY (user_id) REFERENCES public.central_user(id) DEFERRABLE INITIALLY DEFERRED;


--
-- Name: central_user central_user_id_datos_personales__ccf0c308_fk_contratac; Type: FK CONSTRAINT; Schema: public; Owner: postgres
--

ALTER TABLE ONLY public.central_user
    ADD CONSTRAINT central_user_id_datos_personales__ccf0c308_fk_contratac FOREIGN KEY (id_datos_personales_id) REFERENCES public.contratacion_datospersonales(id) DEFERRABLE INITIALLY DEFERRED;


--
-- Name: central_user_user_permissions central_user_user_pe_permission_id_489ac855_fk_auth_perm; Type: FK CONSTRAINT; Schema: public; Owner: postgres
--

ALTER TABLE ONLY public.central_user_user_permissions
    ADD CONSTRAINT central_user_user_pe_permission_id_489ac855_fk_auth_perm FOREIGN KEY (permission_id) REFERENCES public.auth_permission(id) DEFERRABLE INITIALLY DEFERRED;


--
-- Name: central_user_user_permissions central_user_user_pe_user_id_f6e42334_fk_central_u; Type: FK CONSTRAINT; Schema: public; Owner: postgres
--

ALTER TABLE ONLY public.central_user_user_permissions
    ADD CONSTRAINT central_user_user_pe_user_id_f6e42334_fk_central_u FOREIGN KEY (user_id) REFERENCES public.central_user(id) DEFERRABLE INITIALLY DEFERRED;


--
-- Name: contratacion_cuentabanco contratacion_cuentab_id_datos_personales__3b3b60a6_fk_contratac; Type: FK CONSTRAINT; Schema: public; Owner: postgres
--

ALTER TABLE ONLY public.contratacion_cuentabanco
    ADD CONSTRAINT contratacion_cuentab_id_datos_personales__3b3b60a6_fk_contratac FOREIGN KEY (id_datos_personales_id) REFERENCES public.contratacion_datospersonales(id) DEFERRABLE INITIALLY DEFERRED;


--
-- Name: contratacion_cuentabanco contratacion_cuentab_id_institucion_finan_6b148017_fk_central_i; Type: FK CONSTRAINT; Schema: public; Owner: postgres
--

ALTER TABLE ONLY public.contratacion_cuentabanco
    ADD CONSTRAINT contratacion_cuentab_id_institucion_finan_6b148017_fk_central_i FOREIGN KEY (id_institucion_financiera_id) REFERENCES public.central_institucionfinanciera(id) DEFERRABLE INITIALLY DEFERRED;


--
-- Name: contratacion_datospersonales contratacion_datospe_id_estado_civil_id_6b35b0b0_fk_contratac; Type: FK CONSTRAINT; Schema: public; Owner: postgres
--

ALTER TABLE ONLY public.contratacion_datospersonales
    ADD CONSTRAINT contratacion_datospe_id_estado_civil_id_6b35b0b0_fk_contratac FOREIGN KEY (id_estado_civil_id) REFERENCES public.contratacion_estadocivil(id) DEFERRABLE INITIALLY DEFERRED;


--
-- Name: contratacion_datospersonales contratacion_datospe_id_ocupacion_id_37bb2979_fk_contratac; Type: FK CONSTRAINT; Schema: public; Owner: postgres
--

ALTER TABLE ONLY public.contratacion_datospersonales
    ADD CONSTRAINT contratacion_datospe_id_ocupacion_id_37bb2979_fk_contratac FOREIGN KEY (id_ocupacion_id) REFERENCES public.contratacion_ocupacion(id) DEFERRABLE INITIALLY DEFERRED;


--
-- Name: contratacion_datospersonales contratacion_datospe_id_pais_nacimiento_i_9c9d64bd_fk_central_p; Type: FK CONSTRAINT; Schema: public; Owner: postgres
--

ALTER TABLE ONLY public.contratacion_datospersonales
    ADD CONSTRAINT contratacion_datospe_id_pais_nacimiento_i_9c9d64bd_fk_central_p FOREIGN KEY (id_pais_nacimiento_id) REFERENCES public.central_pais(id) DEFERRABLE INITIALLY DEFERRED;


--
-- Name: contratacion_datospersonales contratacion_datospe_id_profesion_dui_id_8f87d20d_fk_contratac; Type: FK CONSTRAINT; Schema: public; Owner: postgres
--

ALTER TABLE ONLY public.contratacion_datospersonales
    ADD CONSTRAINT contratacion_datospe_id_profesion_dui_id_8f87d20d_fk_contratac FOREIGN KEY (id_profesion_dui_id) REFERENCES public.contratacion_profesiondui(id) DEFERRABLE INITIALLY DEFERRED;


--
-- Name: contratacion_datospersonales contratacion_datospe_id_profesion_id_7eb91402_fk_contratac; Type: FK CONSTRAINT; Schema: public; Owner: postgres
--

ALTER TABLE ONLY public.contratacion_datospersonales
    ADD CONSTRAINT contratacion_datospe_id_profesion_id_7eb91402_fk_contratac FOREIGN KEY (id_profesion_id) REFERENCES public.contratacion_profesion(id) DEFERRABLE INITIALLY DEFERRED;


--
-- Name: contratacion_datospersonales contratacion_datospe_id_sexo_id_c0e0fe51_fk_central_s; Type: FK CONSTRAINT; Schema: public; Owner: postgres
--

ALTER TABLE ONLY public.contratacion_datospersonales
    ADD CONSTRAINT contratacion_datospe_id_sexo_id_c0e0fe51_fk_central_s FOREIGN KEY (id_sexo_id) REFERENCES public.central_sexo(id) DEFERRABLE INITIALLY DEFERRED;


--
-- Name: contratacion_dependiente contratacion_dependi_id_datos_personales__f9cb4c18_fk_contratac; Type: FK CONSTRAINT; Schema: public; Owner: postgres
--

ALTER TABLE ONLY public.contratacion_dependiente
    ADD CONSTRAINT contratacion_dependi_id_datos_personales__f9cb4c18_fk_contratac FOREIGN KEY (id_datos_personales_id) REFERENCES public.contratacion_datospersonales(id) DEFERRABLE INITIALLY DEFERRED;


--
-- Name: contratacion_dependiente contratacion_dependi_id_tipo_dependiente__a02ab081_fk_contratac; Type: FK CONSTRAINT; Schema: public; Owner: postgres
--

ALTER TABLE ONLY public.contratacion_dependiente
    ADD CONSTRAINT contratacion_dependi_id_tipo_dependiente__a02ab081_fk_contratac FOREIGN KEY (id_tipo_dependiente_id) REFERENCES public.contratacion_tipodependiente(id) DEFERRABLE INITIALLY DEFERRED;


--
-- Name: contratacion_estudiopersona contratacion_estudio_estudio_id_2c138efd_fk_contratac; Type: FK CONSTRAINT; Schema: public; Owner: postgres
--

ALTER TABLE ONLY public.contratacion_estudiopersona
    ADD CONSTRAINT contratacion_estudio_estudio_id_2c138efd_fk_contratac FOREIGN KEY (estudio_id) REFERENCES public.contratacion_estudios(id) DEFERRABLE INITIALLY DEFERRED;


--
-- Name: contratacion_estudiopersona contratacion_estudio_id_datos_personales__6c37048e_fk_contratac; Type: FK CONSTRAINT; Schema: public; Owner: postgres
--

ALTER TABLE ONLY public.contratacion_estudiopersona
    ADD CONSTRAINT contratacion_estudio_id_datos_personales__6c37048e_fk_contratac FOREIGN KEY (id_datos_personales_id) REFERENCES public.contratacion_datospersonales(id) DEFERRABLE INITIALLY DEFERRED;


--
-- Name: contratacion_estudios contratacion_estudio_id_nivel_estudio_id_3a5d1875_fk_contratac; Type: FK CONSTRAINT; Schema: public; Owner: postgres
--

ALTER TABLE ONLY public.contratacion_estudios
    ADD CONSTRAINT contratacion_estudio_id_nivel_estudio_id_3a5d1875_fk_contratac FOREIGN KEY (id_nivel_estudio_id) REFERENCES public.contratacion_nivelestudio(id) DEFERRABLE INITIALLY DEFERRED;


--
-- Name: contratacion_incrementosretencionesrangos contratacion_increme_id_tipo_incremento_r_96514334_fk_contratac; Type: FK CONSTRAINT; Schema: public; Owner: postgres
--

ALTER TABLE ONLY public.contratacion_incrementosretencionesrangos
    ADD CONSTRAINT contratacion_increme_id_tipo_incremento_r_96514334_fk_contratac FOREIGN KEY (id_tipo_incremento_retencion_id) REFERENCES public.contratacion_tipoincrementoretencion(id) DEFERRABLE INITIALLY DEFERRED;


--
-- Name: contratacion_incrementosretencionesrangos contratacion_increme_id_tipo_periodo_id_c55b294e_fk_contratac; Type: FK CONSTRAINT; Schema: public; Owner: postgres
--

ALTER TABLE ONLY public.contratacion_incrementosretencionesrangos
    ADD CONSTRAINT contratacion_increme_id_tipo_periodo_id_c55b294e_fk_contratac FOREIGN KEY (id_tipo_periodo_id) REFERENCES public.contratacion_tipoperiodo(id) DEFERRABLE INITIALLY DEFERRED;


--
-- Name: contratacion_movimientoincremento contratacion_movimie_id_tipo_incremento_i_a66cc9a4_fk_contratac; Type: FK CONSTRAINT; Schema: public; Owner: postgres
--

ALTER TABLE ONLY public.contratacion_movimientoincremento
    ADD CONSTRAINT contratacion_movimie_id_tipo_incremento_i_a66cc9a4_fk_contratac FOREIGN KEY (id_tipo_incremento_id) REFERENCES public.contratacion_tipoincrementoretencion(id) DEFERRABLE INITIALLY DEFERRED;


--
-- Name: contratacion_movimientodecremento contratacion_movimie_id_tipo_retencion_id_a0a54a21_fk_contratac; Type: FK CONSTRAINT; Schema: public; Owner: postgres
--

ALTER TABLE ONLY public.contratacion_movimientodecremento
    ADD CONSTRAINT contratacion_movimie_id_tipo_retencion_id_a0a54a21_fk_contratac FOREIGN KEY (id_tipo_retencion_id) REFERENCES public.contratacion_tipoincrementoretencion(id) DEFERRABLE INITIALLY DEFERRED;


--
-- Name: contratacion_movimientodecremento contratacion_movimie_id_user_id_68da9361_fk_central_u; Type: FK CONSTRAINT; Schema: public; Owner: postgres
--

ALTER TABLE ONLY public.contratacion_movimientodecremento
    ADD CONSTRAINT contratacion_movimie_id_user_id_68da9361_fk_central_u FOREIGN KEY (id_user_id) REFERENCES public.central_user(id) DEFERRABLE INITIALLY DEFERRED;


--
-- Name: contratacion_movimientoincremento contratacion_movimie_id_user_id_e5477e1a_fk_central_u; Type: FK CONSTRAINT; Schema: public; Owner: postgres
--

ALTER TABLE ONLY public.contratacion_movimientoincremento
    ADD CONSTRAINT contratacion_movimie_id_user_id_e5477e1a_fk_central_u FOREIGN KEY (id_user_id) REFERENCES public.central_user(id) DEFERRABLE INITIALLY DEFERRED;


--
-- Name: contratacion_personadiscapacidad contratacion_persona_id_datos_personales__517f03ff_fk_contratac; Type: FK CONSTRAINT; Schema: public; Owner: postgres
--

ALTER TABLE ONLY public.contratacion_personadiscapacidad
    ADD CONSTRAINT contratacion_persona_id_datos_personales__517f03ff_fk_contratac FOREIGN KEY (id_datos_personales_id) REFERENCES public.contratacion_datospersonales(id) DEFERRABLE INITIALLY DEFERRED;


--
-- Name: contratacion_personanombrespordocumento contratacion_persona_id_datos_personales__7ae2615a_fk_contratac; Type: FK CONSTRAINT; Schema: public; Owner: postgres
--

ALTER TABLE ONLY public.contratacion_personanombrespordocumento
    ADD CONSTRAINT contratacion_persona_id_datos_personales__7ae2615a_fk_contratac FOREIGN KEY (id_datos_personales_id) REFERENCES public.contratacion_datospersonales(id) DEFERRABLE INITIALLY DEFERRED;


--
-- Name: contratacion_personavacuna contratacion_persona_id_datos_personales__945faeed_fk_contratac; Type: FK CONSTRAINT; Schema: public; Owner: postgres
--

ALTER TABLE ONLY public.contratacion_personavacuna
    ADD CONSTRAINT contratacion_persona_id_datos_personales__945faeed_fk_contratac FOREIGN KEY (id_datos_personales_id) REFERENCES public.contratacion_datospersonales(id) DEFERRABLE INITIALLY DEFERRED;


--
-- Name: contratacion_personaalergia contratacion_persona_id_datos_personales__f38e352e_fk_contratac; Type: FK CONSTRAINT; Schema: public; Owner: postgres
--

ALTER TABLE ONLY public.contratacion_personaalergia
    ADD CONSTRAINT contratacion_persona_id_datos_personales__f38e352e_fk_contratac FOREIGN KEY (id_datos_personales_id) REFERENCES public.contratacion_datospersonales(id) DEFERRABLE INITIALLY DEFERRED;


--
-- Name: contratacion_personaalergia contratacion_persona_id_tipo_de_alergia_i_08c55ee4_fk_contratac; Type: FK CONSTRAINT; Schema: public; Owner: postgres
--

ALTER TABLE ONLY public.contratacion_personaalergia
    ADD CONSTRAINT contratacion_persona_id_tipo_de_alergia_i_08c55ee4_fk_contratac FOREIGN KEY (id_tipo_de_alergia_id) REFERENCES public.contratacion_tipodealergia(id) DEFERRABLE INITIALLY DEFERRED;


--
-- Name: contratacion_personadiscapacidad contratacion_persona_id_tipo_de_discapaci_59ddc8a7_fk_contratac; Type: FK CONSTRAINT; Schema: public; Owner: postgres
--

ALTER TABLE ONLY public.contratacion_personadiscapacidad
    ADD CONSTRAINT contratacion_persona_id_tipo_de_discapaci_59ddc8a7_fk_contratac FOREIGN KEY (id_tipo_de_discapacidad_id) REFERENCES public.contratacion_tipodediscapacidad(id) DEFERRABLE INITIALLY DEFERRED;


--
-- Name: contratacion_personanombrespordocumento contratacion_persona_id_tipo_de_documento_c3bf5687_fk_contratac; Type: FK CONSTRAINT; Schema: public; Owner: postgres
--

ALTER TABLE ONLY public.contratacion_personanombrespordocumento
    ADD CONSTRAINT contratacion_persona_id_tipo_de_documento_c3bf5687_fk_contratac FOREIGN KEY (id_tipo_de_documento_id) REFERENCES public.contratacion_tipodedocumento(id) DEFERRABLE INITIALLY DEFERRED;


--
-- Name: contratacion_personavacuna contratacion_persona_id_tipo_de_vacuna_id_da6e466a_fk_contratac; Type: FK CONSTRAINT; Schema: public; Owner: postgres
--

ALTER TABLE ONLY public.contratacion_personavacuna
    ADD CONSTRAINT contratacion_persona_id_tipo_de_vacuna_id_da6e466a_fk_contratac FOREIGN KEY (id_tipo_de_vacuna_id) REFERENCES public.contratacion_tipodevacuna(id) DEFERRABLE INITIALLY DEFERRED;


--
-- Name: contratacion_prestamosregistropagos contratacion_prestam_id_datos_personales__4e3c66d1_fk_contratac; Type: FK CONSTRAINT; Schema: public; Owner: postgres
--

ALTER TABLE ONLY public.contratacion_prestamosregistropagos
    ADD CONSTRAINT contratacion_prestam_id_datos_personales__4e3c66d1_fk_contratac FOREIGN KEY (id_datos_personales_id) REFERENCES public.contratacion_datospersonales(id) DEFERRABLE INITIALLY DEFERRED;


--
-- Name: contratacion_tareas contratacion_tareas_project_id_cae65d72_fk_contratac; Type: FK CONSTRAINT; Schema: public; Owner: postgres
--

ALTER TABLE ONLY public.contratacion_tareas
    ADD CONSTRAINT contratacion_tareas_project_id_cae65d72_fk_contratac FOREIGN KEY (project_id) REFERENCES public.contratacion_project(id) DEFERRABLE INITIALLY DEFERRED;


--
-- Name: django_admin_log django_admin_log_content_type_id_c4bce8eb_fk_django_co; Type: FK CONSTRAINT; Schema: public; Owner: postgres
--

ALTER TABLE ONLY public.django_admin_log
    ADD CONSTRAINT django_admin_log_content_type_id_c4bce8eb_fk_django_co FOREIGN KEY (content_type_id) REFERENCES public.django_content_type(id) DEFERRABLE INITIALLY DEFERRED;


--
-- Name: django_admin_log django_admin_log_user_id_c564eba6_fk_central_user_id; Type: FK CONSTRAINT; Schema: public; Owner: postgres
--

ALTER TABLE ONLY public.django_admin_log
    ADD CONSTRAINT django_admin_log_user_id_c564eba6_fk_central_user_id FOREIGN KEY (user_id) REFERENCES public.central_user(id) DEFERRABLE INITIALLY DEFERRED;


--
-- Name: token_blacklist_blacklistedtoken token_blacklist_blacklistedtoken_token_id_3cc7fe56_fk; Type: FK CONSTRAINT; Schema: public; Owner: postgres
--

ALTER TABLE ONLY public.token_blacklist_blacklistedtoken
    ADD CONSTRAINT token_blacklist_blacklistedtoken_token_id_3cc7fe56_fk FOREIGN KEY (token_id) REFERENCES public.token_blacklist_outstandingtoken(id) DEFERRABLE INITIALLY DEFERRED;


--
-- Name: token_blacklist_outstandingtoken token_blacklist_outs_user_id_83bc629a_fk_central_u; Type: FK CONSTRAINT; Schema: public; Owner: postgres
--

ALTER TABLE ONLY public.token_blacklist_outstandingtoken
    ADD CONSTRAINT token_blacklist_outs_user_id_83bc629a_fk_central_u FOREIGN KEY (user_id) REFERENCES public.central_user(id) DEFERRABLE INITIALLY DEFERRED;


--
-- Name: centralTenan_area centralTenan_area_id_director_id_9aea4ac9_fk_contratac; Type: FK CONSTRAINT; Schema: svinprocasa; Owner: postgres
--

ALTER TABLE ONLY svinprocasa."centralTenan_area"
    ADD CONSTRAINT "centralTenan_area_id_director_id_9aea4ac9_fk_contratac" FOREIGN KEY (id_director_id) REFERENCES public.contratacion_datospersonales(id) DEFERRABLE INITIALLY DEFERRED;


--
-- Name: centralTenan_ubicacion centralTenan_ubicaci_id_tipo_de_ubicacion_c0f66a04_fk_central_t; Type: FK CONSTRAINT; Schema: svinprocasa; Owner: postgres
--

ALTER TABLE ONLY svinprocasa."centralTenan_ubicacion"
    ADD CONSTRAINT "centralTenan_ubicaci_id_tipo_de_ubicacion_c0f66a04_fk_central_t" FOREIGN KEY (id_tipo_de_ubicacion_id) REFERENCES public.central_tipodeubicacion(id) DEFERRABLE INITIALLY DEFERRED;


--
-- Name: contratacionTenan_accionpersonal contratacionTenan_ac_cargo_nuevo_id_56e694e5_fk_contratac; Type: FK CONSTRAINT; Schema: svinprocasa; Owner: postgres
--

ALTER TABLE ONLY svinprocasa."contratacionTenan_accionpersonal"
    ADD CONSTRAINT "contratacionTenan_ac_cargo_nuevo_id_56e694e5_fk_contratac" FOREIGN KEY (cargo_nuevo_id) REFERENCES svinprocasa."contratacionTenan_cargo"(id) DEFERRABLE INITIALLY DEFERRED;


--
-- Name: contratacionTenan_accionpersonal contratacionTenan_ac_departamento_nuevo_i_2915a084_fk_centralTe; Type: FK CONSTRAINT; Schema: svinprocasa; Owner: postgres
--

ALTER TABLE ONLY svinprocasa."contratacionTenan_accionpersonal"
    ADD CONSTRAINT "contratacionTenan_ac_departamento_nuevo_i_2915a084_fk_centralTe" FOREIGN KEY (departamento_nuevo_id) REFERENCES svinprocasa."centralTenan_area"(id) DEFERRABLE INITIALLY DEFERRED;


--
-- Name: contratacionTenan_accionpersonal contratacionTenan_ac_id_afectado_id_496816fa_fk_contratac; Type: FK CONSTRAINT; Schema: svinprocasa; Owner: postgres
--

ALTER TABLE ONLY svinprocasa."contratacionTenan_accionpersonal"
    ADD CONSTRAINT "contratacionTenan_ac_id_afectado_id_496816fa_fk_contratac" FOREIGN KEY (id_afectado_id) REFERENCES svinprocasa."contratacionTenan_empleado"(id) DEFERRABLE INITIALLY DEFERRED;


--
-- Name: contratacionTenan_accionpersonal contratacionTenan_ac_id_cargo_id_2702d0b5_fk_contratac; Type: FK CONSTRAINT; Schema: svinprocasa; Owner: postgres
--

ALTER TABLE ONLY svinprocasa."contratacionTenan_accionpersonal"
    ADD CONSTRAINT "contratacionTenan_ac_id_cargo_id_2702d0b5_fk_contratac" FOREIGN KEY (id_cargo_id) REFERENCES svinprocasa."contratacionTenan_cargo"(id) DEFERRABLE INITIALLY DEFERRED;


--
-- Name: contratacionTenan_accionpersonal contratacionTenan_ac_id_centro_de_costo_i_dde7aafb_fk_centralTe; Type: FK CONSTRAINT; Schema: svinprocasa; Owner: postgres
--

ALTER TABLE ONLY svinprocasa."contratacionTenan_accionpersonal"
    ADD CONSTRAINT "contratacionTenan_ac_id_centro_de_costo_i_dde7aafb_fk_centralTe" FOREIGN KEY (id_centro_de_costo_id) REFERENCES svinprocasa."centralTenan_centrodecosto"(id) DEFERRABLE INITIALLY DEFERRED;


--
-- Name: contratacionTenan_accionpersonal contratacionTenan_ac_id_departamento_id_399ca0d8_fk_central_d; Type: FK CONSTRAINT; Schema: svinprocasa; Owner: postgres
--

ALTER TABLE ONLY svinprocasa."contratacionTenan_accionpersonal"
    ADD CONSTRAINT "contratacionTenan_ac_id_departamento_id_399ca0d8_fk_central_d" FOREIGN KEY (id_departamento_id) REFERENCES public.central_departamento(id) DEFERRABLE INITIALLY DEFERRED;


--
-- Name: contratacionTenan_accionpersonal contratacionTenan_ac_id_director_area_id_6301dfb0_fk_contratac; Type: FK CONSTRAINT; Schema: svinprocasa; Owner: postgres
--

ALTER TABLE ONLY svinprocasa."contratacionTenan_accionpersonal"
    ADD CONSTRAINT "contratacionTenan_ac_id_director_area_id_6301dfb0_fk_contratac" FOREIGN KEY (id_director_area_id) REFERENCES svinprocasa."contratacionTenan_empleado"(id) DEFERRABLE INITIALLY DEFERRED;


--
-- Name: contratacionTenan_accionpersonal contratacionTenan_ac_id_encargado_id_094e9892_fk_contratac; Type: FK CONSTRAINT; Schema: svinprocasa; Owner: postgres
--

ALTER TABLE ONLY svinprocasa."contratacionTenan_accionpersonal"
    ADD CONSTRAINT "contratacionTenan_ac_id_encargado_id_094e9892_fk_contratac" FOREIGN KEY (id_encargado_id) REFERENCES svinprocasa."contratacionTenan_empleado"(id) DEFERRABLE INITIALLY DEFERRED;


--
-- Name: contratacionTenan_accionpersonal contratacionTenan_ac_id_gerente_general_i_9d690726_fk_contratac; Type: FK CONSTRAINT; Schema: svinprocasa; Owner: postgres
--

ALTER TABLE ONLY svinprocasa."contratacionTenan_accionpersonal"
    ADD CONSTRAINT "contratacionTenan_ac_id_gerente_general_i_9d690726_fk_contratac" FOREIGN KEY (id_gerente_general_id) REFERENCES svinprocasa."contratacionTenan_empleado"(id) DEFERRABLE INITIALLY DEFERRED;


--
-- Name: contratacionTenan_accionpersonal contratacionTenan_ac_id_gerente_rhu_id_8daf2c37_fk_contratac; Type: FK CONSTRAINT; Schema: svinprocasa; Owner: postgres
--

ALTER TABLE ONLY svinprocasa."contratacionTenan_accionpersonal"
    ADD CONSTRAINT "contratacionTenan_ac_id_gerente_rhu_id_8daf2c37_fk_contratac" FOREIGN KEY (id_gerente_rhu_id) REFERENCES svinprocasa."contratacionTenan_empleado"(id) DEFERRABLE INITIALLY DEFERRED;


--
-- Name: contratacionTenan_accionpersonal contratacionTenan_ac_id_municipio_id_478b8450_fk_central_m; Type: FK CONSTRAINT; Schema: svinprocasa; Owner: postgres
--

ALTER TABLE ONLY svinprocasa."contratacionTenan_accionpersonal"
    ADD CONSTRAINT "contratacionTenan_ac_id_municipio_id_478b8450_fk_central_m" FOREIGN KEY (id_municipio_id) REFERENCES public.central_municipio(id) DEFERRABLE INITIALLY DEFERRED;


--
-- Name: contratacionTenan_accionpersonal contratacionTenan_ac_id_sexo_id_316c8633_fk_central_s; Type: FK CONSTRAINT; Schema: svinprocasa; Owner: postgres
--

ALTER TABLE ONLY svinprocasa."contratacionTenan_accionpersonal"
    ADD CONSTRAINT "contratacionTenan_ac_id_sexo_id_316c8633_fk_central_s" FOREIGN KEY (id_sexo_id) REFERENCES public.central_sexo(id) DEFERRABLE INITIALLY DEFERRED;


--
-- Name: contratacionTenan_accionpersonal contratacionTenan_ac_id_tipo_accion_perso_809e8ae4_fk_contratac; Type: FK CONSTRAINT; Schema: svinprocasa; Owner: postgres
--

ALTER TABLE ONLY svinprocasa."contratacionTenan_accionpersonal"
    ADD CONSTRAINT "contratacionTenan_ac_id_tipo_accion_perso_809e8ae4_fk_contratac" FOREIGN KEY (id_tipo_accion_personal_id) REFERENCES public.contratacion_tipoaccionpersonal(id) DEFERRABLE INITIALLY DEFERRED;


--
-- Name: contratacionTenan_accionpersonal contratacionTenan_ac_id_ubicacion_id_1fd49641_fk_centralTe; Type: FK CONSTRAINT; Schema: svinprocasa; Owner: postgres
--

ALTER TABLE ONLY svinprocasa."contratacionTenan_accionpersonal"
    ADD CONSTRAINT "contratacionTenan_ac_id_ubicacion_id_1fd49641_fk_centralTe" FOREIGN KEY (id_ubicacion_id) REFERENCES svinprocasa."centralTenan_ubicacion"(id) DEFERRABLE INITIALLY DEFERRED;


--
-- Name: contratacionTenan_cargo contratacionTenan_ca_id_nivel_empleado_id_c93603a7_fk_contratac; Type: FK CONSTRAINT; Schema: svinprocasa; Owner: postgres
--

ALTER TABLE ONLY svinprocasa."contratacionTenan_cargo"
    ADD CONSTRAINT "contratacionTenan_ca_id_nivel_empleado_id_c93603a7_fk_contratac" FOREIGN KEY (id_nivel_empleado_id) REFERENCES public.contratacion_nivelempleado(id) DEFERRABLE INITIALLY DEFERRED;


--
-- Name: contratacionTenan_detalleplanilla contratacionTenan_de_id_planilla_id_8e542d5c_fk_contratac; Type: FK CONSTRAINT; Schema: svinprocasa; Owner: postgres
--

ALTER TABLE ONLY svinprocasa."contratacionTenan_detalleplanilla"
    ADD CONSTRAINT "contratacionTenan_de_id_planilla_id_8e542d5c_fk_contratac" FOREIGN KEY (id_planilla_id) REFERENCES svinprocasa."contratacionTenan_planilla"(id) DEFERRABLE INITIALLY DEFERRED;


--
-- Name: contratacionTenan_detalleplanilla contratacionTenan_de_id_tipo_incremento_r_01ebf41f_fk_contratac; Type: FK CONSTRAINT; Schema: svinprocasa; Owner: postgres
--

ALTER TABLE ONLY svinprocasa."contratacionTenan_detalleplanilla"
    ADD CONSTRAINT "contratacionTenan_de_id_tipo_incremento_r_01ebf41f_fk_contratac" FOREIGN KEY (id_tipo_incremento_retencion_id) REFERENCES public.contratacion_tipoincrementoretencion(id) DEFERRABLE INITIALLY DEFERRED;


--
-- Name: contratacionTenan_empleado contratacionTenan_em_id_area_id_80f9410a_fk_centralTe; Type: FK CONSTRAINT; Schema: svinprocasa; Owner: postgres
--

ALTER TABLE ONLY svinprocasa."contratacionTenan_empleado"
    ADD CONSTRAINT "contratacionTenan_em_id_area_id_80f9410a_fk_centralTe" FOREIGN KEY (id_area_id) REFERENCES svinprocasa."centralTenan_area"(id) DEFERRABLE INITIALLY DEFERRED;


--
-- Name: contratacionTenan_empleado contratacionTenan_em_id_cargo_id_0320e08b_fk_contratac; Type: FK CONSTRAINT; Schema: svinprocasa; Owner: postgres
--

ALTER TABLE ONLY svinprocasa."contratacionTenan_empleado"
    ADD CONSTRAINT "contratacionTenan_em_id_cargo_id_0320e08b_fk_contratac" FOREIGN KEY (id_cargo_id) REFERENCES svinprocasa."contratacionTenan_cargo"(id) DEFERRABLE INITIALLY DEFERRED;


--
-- Name: contratacionTenan_empleado contratacionTenan_em_id_centro_de_costo_i_7b566395_fk_centralTe; Type: FK CONSTRAINT; Schema: svinprocasa; Owner: postgres
--

ALTER TABLE ONLY svinprocasa."contratacionTenan_empleado"
    ADD CONSTRAINT "contratacionTenan_em_id_centro_de_costo_i_7b566395_fk_centralTe" FOREIGN KEY (id_centro_de_costo_id) REFERENCES svinprocasa."centralTenan_centrodecosto"(id) DEFERRABLE INITIALLY DEFERRED;


--
-- Name: contratacionTenan_empleado contratacionTenan_em_id_datos_personales__9d144ec6_fk_contratac; Type: FK CONSTRAINT; Schema: svinprocasa; Owner: postgres
--

ALTER TABLE ONLY svinprocasa."contratacionTenan_empleado"
    ADD CONSTRAINT "contratacionTenan_em_id_datos_personales__9d144ec6_fk_contratac" FOREIGN KEY (id_datos_personales_id) REFERENCES public.contratacion_datospersonales(id) DEFERRABLE INITIALLY DEFERRED;


--
-- Name: contratacionTenan_empleado contratacionTenan_em_id_tipo_periodo_id_6b5e74fc_fk_contratac; Type: FK CONSTRAINT; Schema: svinprocasa; Owner: postgres
--

ALTER TABLE ONLY svinprocasa."contratacionTenan_empleado"
    ADD CONSTRAINT "contratacionTenan_em_id_tipo_periodo_id_6b5e74fc_fk_contratac" FOREIGN KEY (id_tipo_periodo_id) REFERENCES public.contratacion_tipoperiodo(id) DEFERRABLE INITIALLY DEFERRED;


--
-- Name: contratacionTenan_empleado contratacionTenan_em_id_ubicacion_id_b4a7c449_fk_centralTe; Type: FK CONSTRAINT; Schema: svinprocasa; Owner: postgres
--

ALTER TABLE ONLY svinprocasa."contratacionTenan_empleado"
    ADD CONSTRAINT "contratacionTenan_em_id_ubicacion_id_b4a7c449_fk_centralTe" FOREIGN KEY (id_ubicacion_id) REFERENCES svinprocasa."centralTenan_ubicacion"(id) DEFERRABLE INITIALLY DEFERRED;


--
-- Name: contratacionTenan_movaplicaincremento contratacionTenan_mo_id_empleado_id_99c41f91_fk_contratac; Type: FK CONSTRAINT; Schema: svinprocasa; Owner: postgres
--

ALTER TABLE ONLY svinprocasa."contratacionTenan_movaplicaincremento"
    ADD CONSTRAINT "contratacionTenan_mo_id_empleado_id_99c41f91_fk_contratac" FOREIGN KEY (id_empleado_id) REFERENCES svinprocasa."contratacionTenan_empleado"(id) DEFERRABLE INITIALLY DEFERRED;


--
-- Name: contratacionTenan_movaplicadecremento contratacionTenan_mo_id_empleado_id_a3f368a5_fk_contratac; Type: FK CONSTRAINT; Schema: svinprocasa; Owner: postgres
--

ALTER TABLE ONLY svinprocasa."contratacionTenan_movaplicadecremento"
    ADD CONSTRAINT "contratacionTenan_mo_id_empleado_id_a3f368a5_fk_contratac" FOREIGN KEY (id_empleado_id) REFERENCES svinprocasa."contratacionTenan_empleado"(id) DEFERRABLE INITIALLY DEFERRED;


--
-- Name: contratacionTenan_movaplicadecremento contratacionTenan_mo_id_movimiento_decrem_bdbcfb96_fk_contratac; Type: FK CONSTRAINT; Schema: svinprocasa; Owner: postgres
--

ALTER TABLE ONLY svinprocasa."contratacionTenan_movaplicadecremento"
    ADD CONSTRAINT "contratacionTenan_mo_id_movimiento_decrem_bdbcfb96_fk_contratac" FOREIGN KEY (id_movimiento_decremento_id) REFERENCES public.contratacion_movimientodecremento(id) DEFERRABLE INITIALLY DEFERRED;


--
-- Name: contratacionTenan_movaplicaincremento contratacionTenan_mo_id_movimiento_increm_07aa0394_fk_contratac; Type: FK CONSTRAINT; Schema: svinprocasa; Owner: postgres
--

ALTER TABLE ONLY svinprocasa."contratacionTenan_movaplicaincremento"
    ADD CONSTRAINT "contratacionTenan_mo_id_movimiento_increm_07aa0394_fk_contratac" FOREIGN KEY (id_movimiento_incremento_id) REFERENCES public.contratacion_movimientoincremento(id) DEFERRABLE INITIALLY DEFERRED;


--
-- Name: contratacionTenan_movaplicaincremento contratacionTenan_mo_id_periodo_planifica_d408ef9d_fk_contratac; Type: FK CONSTRAINT; Schema: svinprocasa; Owner: postgres
--

ALTER TABLE ONLY svinprocasa."contratacionTenan_movaplicaincremento"
    ADD CONSTRAINT "contratacionTenan_mo_id_periodo_planifica_d408ef9d_fk_contratac" FOREIGN KEY (id_periodo_planificado_id) REFERENCES svinprocasa."contratacionTenan_periodo"(id) DEFERRABLE INITIALLY DEFERRED;


--
-- Name: contratacionTenan_movaplicadecremento contratacionTenan_mo_id_periodo_planifica_f27cf1fa_fk_contratac; Type: FK CONSTRAINT; Schema: svinprocasa; Owner: postgres
--

ALTER TABLE ONLY svinprocasa."contratacionTenan_movaplicadecremento"
    ADD CONSTRAINT "contratacionTenan_mo_id_periodo_planifica_f27cf1fa_fk_contratac" FOREIGN KEY (id_periodo_planificado_id) REFERENCES svinprocasa."contratacionTenan_periodo"(id) DEFERRABLE INITIALLY DEFERRED;


--
-- Name: contratacionTenan_movaplicaincremento contratacionTenan_mo_id_user_id_6efdeec4_fk_central_u; Type: FK CONSTRAINT; Schema: svinprocasa; Owner: postgres
--

ALTER TABLE ONLY svinprocasa."contratacionTenan_movaplicaincremento"
    ADD CONSTRAINT "contratacionTenan_mo_id_user_id_6efdeec4_fk_central_u" FOREIGN KEY (id_user_id) REFERENCES public.central_user(id) DEFERRABLE INITIALLY DEFERRED;


--
-- Name: contratacionTenan_movaplicadecremento contratacionTenan_mo_id_user_id_83c33d33_fk_central_u; Type: FK CONSTRAINT; Schema: svinprocasa; Owner: postgres
--

ALTER TABLE ONLY svinprocasa."contratacionTenan_movaplicadecremento"
    ADD CONSTRAINT "contratacionTenan_mo_id_user_id_83c33d33_fk_central_u" FOREIGN KEY (id_user_id) REFERENCES public.central_user(id) DEFERRABLE INITIALLY DEFERRED;


--
-- Name: contratacionTenan_ordendescuento contratacionTenan_or_id_empleado_id_5ffcd081_fk_contratac; Type: FK CONSTRAINT; Schema: svinprocasa; Owner: postgres
--

ALTER TABLE ONLY svinprocasa."contratacionTenan_ordendescuento"
    ADD CONSTRAINT "contratacionTenan_or_id_empleado_id_5ffcd081_fk_contratac" FOREIGN KEY (id_empleado_id) REFERENCES svinprocasa."contratacionTenan_empleado"(id) DEFERRABLE INITIALLY DEFERRED;


--
-- Name: contratacionTenan_ordendescuento contratacionTenan_or_id_institucion_finan_e024dc45_fk_central_i; Type: FK CONSTRAINT; Schema: svinprocasa; Owner: postgres
--

ALTER TABLE ONLY svinprocasa."contratacionTenan_ordendescuento"
    ADD CONSTRAINT "contratacionTenan_or_id_institucion_finan_e024dc45_fk_central_i" FOREIGN KEY (id_institucion_financiera_id) REFERENCES public.central_institucionfinanciera(id) DEFERRABLE INITIALLY DEFERRED;


--
-- Name: contratacionTenan_periodo contratacionTenan_periodo_mes_id_3594d383_fk_central_mes_id; Type: FK CONSTRAINT; Schema: svinprocasa; Owner: postgres
--

ALTER TABLE ONLY svinprocasa."contratacionTenan_periodo"
    ADD CONSTRAINT "contratacionTenan_periodo_mes_id_3594d383_fk_central_mes_id" FOREIGN KEY (mes_id) REFERENCES public.central_mes(id) DEFERRABLE INITIALLY DEFERRED;


--
-- Name: contratacionTenan_planilla contratacionTenan_pl_id_empleado_id_36ed8364_fk_contratac; Type: FK CONSTRAINT; Schema: svinprocasa; Owner: postgres
--

ALTER TABLE ONLY svinprocasa."contratacionTenan_planilla"
    ADD CONSTRAINT "contratacionTenan_pl_id_empleado_id_36ed8364_fk_contratac" FOREIGN KEY (id_empleado_id) REFERENCES svinprocasa."contratacionTenan_empleado"(id) DEFERRABLE INITIALLY DEFERRED;


--
-- Name: contratacionTenan_planilla contratacionTenan_pl_id_encabezado_id_34d2cc29_fk_contratac; Type: FK CONSTRAINT; Schema: svinprocasa; Owner: postgres
--

ALTER TABLE ONLY svinprocasa."contratacionTenan_planilla"
    ADD CONSTRAINT "contratacionTenan_pl_id_encabezado_id_34d2cc29_fk_contratac" FOREIGN KEY (id_encabezado_id) REFERENCES svinprocasa."contratacionTenan_planillaencabezado"(id) DEFERRABLE INITIALLY DEFERRED;


--
-- Name: contratacionTenan_planillaencabezado contratacionTenan_pl_id_estado_id_34792738_fk_contratac; Type: FK CONSTRAINT; Schema: svinprocasa; Owner: postgres
--

ALTER TABLE ONLY svinprocasa."contratacionTenan_planillaencabezado"
    ADD CONSTRAINT "contratacionTenan_pl_id_estado_id_34792738_fk_contratac" FOREIGN KEY (id_estado_id) REFERENCES public.contratacion_planillaestado(id) DEFERRABLE INITIALLY DEFERRED;


--
-- Name: contratacionTenan_planillaencabezado contratacionTenan_pl_id_periodo_id_19e91050_fk_contratac; Type: FK CONSTRAINT; Schema: svinprocasa; Owner: postgres
--

ALTER TABLE ONLY svinprocasa."contratacionTenan_planillaencabezado"
    ADD CONSTRAINT "contratacionTenan_pl_id_periodo_id_19e91050_fk_contratac" FOREIGN KEY (id_periodo_id) REFERENCES svinprocasa."contratacionTenan_periodo"(id) DEFERRABLE INITIALLY DEFERRED;


--
-- Name: contratacionTenan_planillaencabezado contratacionTenan_pl_id_tipo_id_f7d3d1a0_fk_contratac; Type: FK CONSTRAINT; Schema: svinprocasa; Owner: postgres
--

ALTER TABLE ONLY svinprocasa."contratacionTenan_planillaencabezado"
    ADD CONSTRAINT "contratacionTenan_pl_id_tipo_id_f7d3d1a0_fk_contratac" FOREIGN KEY (id_tipo_id) REFERENCES public.contratacion_planillatipo(id) DEFERRABLE INITIALLY DEFERRED;


--
-- Name: contratacionTenan_planillaencabezado contratacionTenan_pl_id_user_id_8f2ddfdc_fk_central_u; Type: FK CONSTRAINT; Schema: svinprocasa; Owner: postgres
--

ALTER TABLE ONLY svinprocasa."contratacionTenan_planillaencabezado"
    ADD CONSTRAINT "contratacionTenan_pl_id_user_id_8f2ddfdc_fk_central_u" FOREIGN KEY (id_user_id) REFERENCES public.central_user(id) DEFERRABLE INITIALLY DEFERRED;


--
-- Name: contratacionTenan_prestamosregistropagos contratacionTenan_pr_id_datos_personales__50dd566f_fk_contratac; Type: FK CONSTRAINT; Schema: svinprocasa; Owner: postgres
--

ALTER TABLE ONLY svinprocasa."contratacionTenan_prestamosregistropagos"
    ADD CONSTRAINT "contratacionTenan_pr_id_datos_personales__50dd566f_fk_contratac" FOREIGN KEY (id_datos_personales_id) REFERENCES public.contratacion_datospersonales(id) DEFERRABLE INITIALLY DEFERRED;


--
-- Name: contratacionTenan_prestamosregistropagos contratacionTenan_pr_id_detalle_planilla__d6e1980d_fk_contratac; Type: FK CONSTRAINT; Schema: svinprocasa; Owner: postgres
--

ALTER TABLE ONLY svinprocasa."contratacionTenan_prestamosregistropagos"
    ADD CONSTRAINT "contratacionTenan_pr_id_detalle_planilla__d6e1980d_fk_contratac" FOREIGN KEY (id_detalle_planilla_id) REFERENCES svinprocasa."contratacionTenan_detalleplanilla"(id) DEFERRABLE INITIALLY DEFERRED;


--
-- Name: contratacionTenan_recordcrediticio contratacionTenan_re_id_detalle_planilla__ff88943e_fk_contratac; Type: FK CONSTRAINT; Schema: svinprocasa; Owner: postgres
--

ALTER TABLE ONLY svinprocasa."contratacionTenan_recordcrediticio"
    ADD CONSTRAINT "contratacionTenan_re_id_detalle_planilla__ff88943e_fk_contratac" FOREIGN KEY (id_detalle_planilla_id) REFERENCES svinprocasa."contratacionTenan_detalleplanilla"(id) DEFERRABLE INITIALLY DEFERRED;


--
-- Name: contratacionTenan_recordcrediticio contratacionTenan_re_id_orden_descuento_i_f721ca05_fk_contratac; Type: FK CONSTRAINT; Schema: svinprocasa; Owner: postgres
--

ALTER TABLE ONLY svinprocasa."contratacionTenan_recordcrediticio"
    ADD CONSTRAINT "contratacionTenan_re_id_orden_descuento_i_f721ca05_fk_contratac" FOREIGN KEY (id_orden_descuento_id) REFERENCES svinprocasa."contratacionTenan_ordendescuento"(id) DEFERRABLE INITIALLY DEFERRED;


--
-- Name: centralTenan_area centralTenan_area_id_director_id_9aea4ac9_fk_contratac; Type: FK CONSTRAINT; Schema: svmegatelas; Owner: postgres
--

ALTER TABLE ONLY svmegatelas."centralTenan_area"
    ADD CONSTRAINT "centralTenan_area_id_director_id_9aea4ac9_fk_contratac" FOREIGN KEY (id_director_id) REFERENCES public.contratacion_datospersonales(id) DEFERRABLE INITIALLY DEFERRED;


--
-- Name: centralTenan_ubicacion centralTenan_ubicaci_id_tipo_de_ubicacion_c0f66a04_fk_central_t; Type: FK CONSTRAINT; Schema: svmegatelas; Owner: postgres
--

ALTER TABLE ONLY svmegatelas."centralTenan_ubicacion"
    ADD CONSTRAINT "centralTenan_ubicaci_id_tipo_de_ubicacion_c0f66a04_fk_central_t" FOREIGN KEY (id_tipo_de_ubicacion_id) REFERENCES public.central_tipodeubicacion(id) DEFERRABLE INITIALLY DEFERRED;


--
-- Name: contratacionTenan_accionpersonal contratacionTenan_ac_cargo_nuevo_id_56e694e5_fk_contratac; Type: FK CONSTRAINT; Schema: svmegatelas; Owner: postgres
--

ALTER TABLE ONLY svmegatelas."contratacionTenan_accionpersonal"
    ADD CONSTRAINT "contratacionTenan_ac_cargo_nuevo_id_56e694e5_fk_contratac" FOREIGN KEY (cargo_nuevo_id) REFERENCES svmegatelas."contratacionTenan_cargo"(id) DEFERRABLE INITIALLY DEFERRED;


--
-- Name: contratacionTenan_accionpersonal contratacionTenan_ac_departamento_nuevo_i_2915a084_fk_centralTe; Type: FK CONSTRAINT; Schema: svmegatelas; Owner: postgres
--

ALTER TABLE ONLY svmegatelas."contratacionTenan_accionpersonal"
    ADD CONSTRAINT "contratacionTenan_ac_departamento_nuevo_i_2915a084_fk_centralTe" FOREIGN KEY (departamento_nuevo_id) REFERENCES svmegatelas."centralTenan_area"(id) DEFERRABLE INITIALLY DEFERRED;


--
-- Name: contratacionTenan_accionpersonal contratacionTenan_ac_id_afectado_id_496816fa_fk_contratac; Type: FK CONSTRAINT; Schema: svmegatelas; Owner: postgres
--

ALTER TABLE ONLY svmegatelas."contratacionTenan_accionpersonal"
    ADD CONSTRAINT "contratacionTenan_ac_id_afectado_id_496816fa_fk_contratac" FOREIGN KEY (id_afectado_id) REFERENCES svmegatelas."contratacionTenan_empleado"(id) DEFERRABLE INITIALLY DEFERRED;


--
-- Name: contratacionTenan_accionpersonal contratacionTenan_ac_id_cargo_id_2702d0b5_fk_contratac; Type: FK CONSTRAINT; Schema: svmegatelas; Owner: postgres
--

ALTER TABLE ONLY svmegatelas."contratacionTenan_accionpersonal"
    ADD CONSTRAINT "contratacionTenan_ac_id_cargo_id_2702d0b5_fk_contratac" FOREIGN KEY (id_cargo_id) REFERENCES svmegatelas."contratacionTenan_cargo"(id) DEFERRABLE INITIALLY DEFERRED;


--
-- Name: contratacionTenan_accionpersonal contratacionTenan_ac_id_centro_de_costo_i_dde7aafb_fk_centralTe; Type: FK CONSTRAINT; Schema: svmegatelas; Owner: postgres
--

ALTER TABLE ONLY svmegatelas."contratacionTenan_accionpersonal"
    ADD CONSTRAINT "contratacionTenan_ac_id_centro_de_costo_i_dde7aafb_fk_centralTe" FOREIGN KEY (id_centro_de_costo_id) REFERENCES svmegatelas."centralTenan_centrodecosto"(id) DEFERRABLE INITIALLY DEFERRED;


--
-- Name: contratacionTenan_accionpersonal contratacionTenan_ac_id_departamento_id_399ca0d8_fk_central_d; Type: FK CONSTRAINT; Schema: svmegatelas; Owner: postgres
--

ALTER TABLE ONLY svmegatelas."contratacionTenan_accionpersonal"
    ADD CONSTRAINT "contratacionTenan_ac_id_departamento_id_399ca0d8_fk_central_d" FOREIGN KEY (id_departamento_id) REFERENCES public.central_departamento(id) DEFERRABLE INITIALLY DEFERRED;


--
-- Name: contratacionTenan_accionpersonal contratacionTenan_ac_id_director_area_id_6301dfb0_fk_contratac; Type: FK CONSTRAINT; Schema: svmegatelas; Owner: postgres
--

ALTER TABLE ONLY svmegatelas."contratacionTenan_accionpersonal"
    ADD CONSTRAINT "contratacionTenan_ac_id_director_area_id_6301dfb0_fk_contratac" FOREIGN KEY (id_director_area_id) REFERENCES svmegatelas."contratacionTenan_empleado"(id) DEFERRABLE INITIALLY DEFERRED;


--
-- Name: contratacionTenan_accionpersonal contratacionTenan_ac_id_encargado_id_094e9892_fk_contratac; Type: FK CONSTRAINT; Schema: svmegatelas; Owner: postgres
--

ALTER TABLE ONLY svmegatelas."contratacionTenan_accionpersonal"
    ADD CONSTRAINT "contratacionTenan_ac_id_encargado_id_094e9892_fk_contratac" FOREIGN KEY (id_encargado_id) REFERENCES svmegatelas."contratacionTenan_empleado"(id) DEFERRABLE INITIALLY DEFERRED;


--
-- Name: contratacionTenan_accionpersonal contratacionTenan_ac_id_gerente_general_i_9d690726_fk_contratac; Type: FK CONSTRAINT; Schema: svmegatelas; Owner: postgres
--

ALTER TABLE ONLY svmegatelas."contratacionTenan_accionpersonal"
    ADD CONSTRAINT "contratacionTenan_ac_id_gerente_general_i_9d690726_fk_contratac" FOREIGN KEY (id_gerente_general_id) REFERENCES svmegatelas."contratacionTenan_empleado"(id) DEFERRABLE INITIALLY DEFERRED;


--
-- Name: contratacionTenan_accionpersonal contratacionTenan_ac_id_gerente_rhu_id_8daf2c37_fk_contratac; Type: FK CONSTRAINT; Schema: svmegatelas; Owner: postgres
--

ALTER TABLE ONLY svmegatelas."contratacionTenan_accionpersonal"
    ADD CONSTRAINT "contratacionTenan_ac_id_gerente_rhu_id_8daf2c37_fk_contratac" FOREIGN KEY (id_gerente_rhu_id) REFERENCES svmegatelas."contratacionTenan_empleado"(id) DEFERRABLE INITIALLY DEFERRED;


--
-- Name: contratacionTenan_accionpersonal contratacionTenan_ac_id_municipio_id_478b8450_fk_central_m; Type: FK CONSTRAINT; Schema: svmegatelas; Owner: postgres
--

ALTER TABLE ONLY svmegatelas."contratacionTenan_accionpersonal"
    ADD CONSTRAINT "contratacionTenan_ac_id_municipio_id_478b8450_fk_central_m" FOREIGN KEY (id_municipio_id) REFERENCES public.central_municipio(id) DEFERRABLE INITIALLY DEFERRED;


--
-- Name: contratacionTenan_accionpersonal contratacionTenan_ac_id_sexo_id_316c8633_fk_central_s; Type: FK CONSTRAINT; Schema: svmegatelas; Owner: postgres
--

ALTER TABLE ONLY svmegatelas."contratacionTenan_accionpersonal"
    ADD CONSTRAINT "contratacionTenan_ac_id_sexo_id_316c8633_fk_central_s" FOREIGN KEY (id_sexo_id) REFERENCES public.central_sexo(id) DEFERRABLE INITIALLY DEFERRED;


--
-- Name: contratacionTenan_accionpersonal contratacionTenan_ac_id_tipo_accion_perso_809e8ae4_fk_contratac; Type: FK CONSTRAINT; Schema: svmegatelas; Owner: postgres
--

ALTER TABLE ONLY svmegatelas."contratacionTenan_accionpersonal"
    ADD CONSTRAINT "contratacionTenan_ac_id_tipo_accion_perso_809e8ae4_fk_contratac" FOREIGN KEY (id_tipo_accion_personal_id) REFERENCES public.contratacion_tipoaccionpersonal(id) DEFERRABLE INITIALLY DEFERRED;


--
-- Name: contratacionTenan_accionpersonal contratacionTenan_ac_id_ubicacion_id_1fd49641_fk_centralTe; Type: FK CONSTRAINT; Schema: svmegatelas; Owner: postgres
--

ALTER TABLE ONLY svmegatelas."contratacionTenan_accionpersonal"
    ADD CONSTRAINT "contratacionTenan_ac_id_ubicacion_id_1fd49641_fk_centralTe" FOREIGN KEY (id_ubicacion_id) REFERENCES svmegatelas."centralTenan_ubicacion"(id) DEFERRABLE INITIALLY DEFERRED;


--
-- Name: contratacionTenan_cargo contratacionTenan_ca_id_nivel_empleado_id_c93603a7_fk_contratac; Type: FK CONSTRAINT; Schema: svmegatelas; Owner: postgres
--

ALTER TABLE ONLY svmegatelas."contratacionTenan_cargo"
    ADD CONSTRAINT "contratacionTenan_ca_id_nivel_empleado_id_c93603a7_fk_contratac" FOREIGN KEY (id_nivel_empleado_id) REFERENCES public.contratacion_nivelempleado(id) DEFERRABLE INITIALLY DEFERRED;


--
-- Name: contratacionTenan_detalleplanilla contratacionTenan_de_id_planilla_id_8e542d5c_fk_contratac; Type: FK CONSTRAINT; Schema: svmegatelas; Owner: postgres
--

ALTER TABLE ONLY svmegatelas."contratacionTenan_detalleplanilla"
    ADD CONSTRAINT "contratacionTenan_de_id_planilla_id_8e542d5c_fk_contratac" FOREIGN KEY (id_planilla_id) REFERENCES svmegatelas."contratacionTenan_planilla"(id) DEFERRABLE INITIALLY DEFERRED;


--
-- Name: contratacionTenan_detalleplanilla contratacionTenan_de_id_tipo_incremento_r_01ebf41f_fk_contratac; Type: FK CONSTRAINT; Schema: svmegatelas; Owner: postgres
--

ALTER TABLE ONLY svmegatelas."contratacionTenan_detalleplanilla"
    ADD CONSTRAINT "contratacionTenan_de_id_tipo_incremento_r_01ebf41f_fk_contratac" FOREIGN KEY (id_tipo_incremento_retencion_id) REFERENCES public.contratacion_tipoincrementoretencion(id) DEFERRABLE INITIALLY DEFERRED;


--
-- Name: contratacionTenan_empleado contratacionTenan_em_id_area_id_80f9410a_fk_centralTe; Type: FK CONSTRAINT; Schema: svmegatelas; Owner: postgres
--

ALTER TABLE ONLY svmegatelas."contratacionTenan_empleado"
    ADD CONSTRAINT "contratacionTenan_em_id_area_id_80f9410a_fk_centralTe" FOREIGN KEY (id_area_id) REFERENCES svmegatelas."centralTenan_area"(id) DEFERRABLE INITIALLY DEFERRED;


--
-- Name: contratacionTenan_empleado contratacionTenan_em_id_cargo_id_0320e08b_fk_contratac; Type: FK CONSTRAINT; Schema: svmegatelas; Owner: postgres
--

ALTER TABLE ONLY svmegatelas."contratacionTenan_empleado"
    ADD CONSTRAINT "contratacionTenan_em_id_cargo_id_0320e08b_fk_contratac" FOREIGN KEY (id_cargo_id) REFERENCES svmegatelas."contratacionTenan_cargo"(id) DEFERRABLE INITIALLY DEFERRED;


--
-- Name: contratacionTenan_empleado contratacionTenan_em_id_centro_de_costo_i_7b566395_fk_centralTe; Type: FK CONSTRAINT; Schema: svmegatelas; Owner: postgres
--

ALTER TABLE ONLY svmegatelas."contratacionTenan_empleado"
    ADD CONSTRAINT "contratacionTenan_em_id_centro_de_costo_i_7b566395_fk_centralTe" FOREIGN KEY (id_centro_de_costo_id) REFERENCES svmegatelas."centralTenan_centrodecosto"(id) DEFERRABLE INITIALLY DEFERRED;


--
-- Name: contratacionTenan_empleado contratacionTenan_em_id_datos_personales__9d144ec6_fk_contratac; Type: FK CONSTRAINT; Schema: svmegatelas; Owner: postgres
--

ALTER TABLE ONLY svmegatelas."contratacionTenan_empleado"
    ADD CONSTRAINT "contratacionTenan_em_id_datos_personales__9d144ec6_fk_contratac" FOREIGN KEY (id_datos_personales_id) REFERENCES public.contratacion_datospersonales(id) DEFERRABLE INITIALLY DEFERRED;


--
-- Name: contratacionTenan_empleado contratacionTenan_em_id_tipo_periodo_id_6b5e74fc_fk_contratac; Type: FK CONSTRAINT; Schema: svmegatelas; Owner: postgres
--

ALTER TABLE ONLY svmegatelas."contratacionTenan_empleado"
    ADD CONSTRAINT "contratacionTenan_em_id_tipo_periodo_id_6b5e74fc_fk_contratac" FOREIGN KEY (id_tipo_periodo_id) REFERENCES public.contratacion_tipoperiodo(id) DEFERRABLE INITIALLY DEFERRED;


--
-- Name: contratacionTenan_empleado contratacionTenan_em_id_ubicacion_id_b4a7c449_fk_centralTe; Type: FK CONSTRAINT; Schema: svmegatelas; Owner: postgres
--

ALTER TABLE ONLY svmegatelas."contratacionTenan_empleado"
    ADD CONSTRAINT "contratacionTenan_em_id_ubicacion_id_b4a7c449_fk_centralTe" FOREIGN KEY (id_ubicacion_id) REFERENCES svmegatelas."centralTenan_ubicacion"(id) DEFERRABLE INITIALLY DEFERRED;


--
-- Name: contratacionTenan_movaplicaincremento contratacionTenan_mo_id_empleado_id_99c41f91_fk_contratac; Type: FK CONSTRAINT; Schema: svmegatelas; Owner: postgres
--

ALTER TABLE ONLY svmegatelas."contratacionTenan_movaplicaincremento"
    ADD CONSTRAINT "contratacionTenan_mo_id_empleado_id_99c41f91_fk_contratac" FOREIGN KEY (id_empleado_id) REFERENCES svmegatelas."contratacionTenan_empleado"(id) DEFERRABLE INITIALLY DEFERRED;


--
-- Name: contratacionTenan_movaplicadecremento contratacionTenan_mo_id_empleado_id_a3f368a5_fk_contratac; Type: FK CONSTRAINT; Schema: svmegatelas; Owner: postgres
--

ALTER TABLE ONLY svmegatelas."contratacionTenan_movaplicadecremento"
    ADD CONSTRAINT "contratacionTenan_mo_id_empleado_id_a3f368a5_fk_contratac" FOREIGN KEY (id_empleado_id) REFERENCES svmegatelas."contratacionTenan_empleado"(id) DEFERRABLE INITIALLY DEFERRED;


--
-- Name: contratacionTenan_movaplicadecremento contratacionTenan_mo_id_movimiento_decrem_bdbcfb96_fk_contratac; Type: FK CONSTRAINT; Schema: svmegatelas; Owner: postgres
--

ALTER TABLE ONLY svmegatelas."contratacionTenan_movaplicadecremento"
    ADD CONSTRAINT "contratacionTenan_mo_id_movimiento_decrem_bdbcfb96_fk_contratac" FOREIGN KEY (id_movimiento_decremento_id) REFERENCES public.contratacion_movimientodecremento(id) DEFERRABLE INITIALLY DEFERRED;


--
-- Name: contratacionTenan_movaplicaincremento contratacionTenan_mo_id_movimiento_increm_07aa0394_fk_contratac; Type: FK CONSTRAINT; Schema: svmegatelas; Owner: postgres
--

ALTER TABLE ONLY svmegatelas."contratacionTenan_movaplicaincremento"
    ADD CONSTRAINT "contratacionTenan_mo_id_movimiento_increm_07aa0394_fk_contratac" FOREIGN KEY (id_movimiento_incremento_id) REFERENCES public.contratacion_movimientoincremento(id) DEFERRABLE INITIALLY DEFERRED;


--
-- Name: contratacionTenan_movaplicaincremento contratacionTenan_mo_id_periodo_planifica_d408ef9d_fk_contratac; Type: FK CONSTRAINT; Schema: svmegatelas; Owner: postgres
--

ALTER TABLE ONLY svmegatelas."contratacionTenan_movaplicaincremento"
    ADD CONSTRAINT "contratacionTenan_mo_id_periodo_planifica_d408ef9d_fk_contratac" FOREIGN KEY (id_periodo_planificado_id) REFERENCES svmegatelas."contratacionTenan_periodo"(id) DEFERRABLE INITIALLY DEFERRED;


--
-- Name: contratacionTenan_movaplicadecremento contratacionTenan_mo_id_periodo_planifica_f27cf1fa_fk_contratac; Type: FK CONSTRAINT; Schema: svmegatelas; Owner: postgres
--

ALTER TABLE ONLY svmegatelas."contratacionTenan_movaplicadecremento"
    ADD CONSTRAINT "contratacionTenan_mo_id_periodo_planifica_f27cf1fa_fk_contratac" FOREIGN KEY (id_periodo_planificado_id) REFERENCES svmegatelas."contratacionTenan_periodo"(id) DEFERRABLE INITIALLY DEFERRED;


--
-- Name: contratacionTenan_movaplicaincremento contratacionTenan_mo_id_user_id_6efdeec4_fk_central_u; Type: FK CONSTRAINT; Schema: svmegatelas; Owner: postgres
--

ALTER TABLE ONLY svmegatelas."contratacionTenan_movaplicaincremento"
    ADD CONSTRAINT "contratacionTenan_mo_id_user_id_6efdeec4_fk_central_u" FOREIGN KEY (id_user_id) REFERENCES public.central_user(id) DEFERRABLE INITIALLY DEFERRED;


--
-- Name: contratacionTenan_movaplicadecremento contratacionTenan_mo_id_user_id_83c33d33_fk_central_u; Type: FK CONSTRAINT; Schema: svmegatelas; Owner: postgres
--

ALTER TABLE ONLY svmegatelas."contratacionTenan_movaplicadecremento"
    ADD CONSTRAINT "contratacionTenan_mo_id_user_id_83c33d33_fk_central_u" FOREIGN KEY (id_user_id) REFERENCES public.central_user(id) DEFERRABLE INITIALLY DEFERRED;


--
-- Name: contratacionTenan_ordendescuento contratacionTenan_or_id_empleado_id_5ffcd081_fk_contratac; Type: FK CONSTRAINT; Schema: svmegatelas; Owner: postgres
--

ALTER TABLE ONLY svmegatelas."contratacionTenan_ordendescuento"
    ADD CONSTRAINT "contratacionTenan_or_id_empleado_id_5ffcd081_fk_contratac" FOREIGN KEY (id_empleado_id) REFERENCES svmegatelas."contratacionTenan_empleado"(id) DEFERRABLE INITIALLY DEFERRED;


--
-- Name: contratacionTenan_ordendescuento contratacionTenan_or_id_institucion_finan_e024dc45_fk_central_i; Type: FK CONSTRAINT; Schema: svmegatelas; Owner: postgres
--

ALTER TABLE ONLY svmegatelas."contratacionTenan_ordendescuento"
    ADD CONSTRAINT "contratacionTenan_or_id_institucion_finan_e024dc45_fk_central_i" FOREIGN KEY (id_institucion_financiera_id) REFERENCES public.central_institucionfinanciera(id) DEFERRABLE INITIALLY DEFERRED;


--
-- Name: contratacionTenan_periodo contratacionTenan_periodo_mes_id_3594d383_fk_central_mes_id; Type: FK CONSTRAINT; Schema: svmegatelas; Owner: postgres
--

ALTER TABLE ONLY svmegatelas."contratacionTenan_periodo"
    ADD CONSTRAINT "contratacionTenan_periodo_mes_id_3594d383_fk_central_mes_id" FOREIGN KEY (mes_id) REFERENCES public.central_mes(id) DEFERRABLE INITIALLY DEFERRED;


--
-- Name: contratacionTenan_planilla contratacionTenan_pl_id_empleado_id_36ed8364_fk_contratac; Type: FK CONSTRAINT; Schema: svmegatelas; Owner: postgres
--

ALTER TABLE ONLY svmegatelas."contratacionTenan_planilla"
    ADD CONSTRAINT "contratacionTenan_pl_id_empleado_id_36ed8364_fk_contratac" FOREIGN KEY (id_empleado_id) REFERENCES svmegatelas."contratacionTenan_empleado"(id) DEFERRABLE INITIALLY DEFERRED;


--
-- Name: contratacionTenan_planilla contratacionTenan_pl_id_encabezado_id_34d2cc29_fk_contratac; Type: FK CONSTRAINT; Schema: svmegatelas; Owner: postgres
--

ALTER TABLE ONLY svmegatelas."contratacionTenan_planilla"
    ADD CONSTRAINT "contratacionTenan_pl_id_encabezado_id_34d2cc29_fk_contratac" FOREIGN KEY (id_encabezado_id) REFERENCES svmegatelas."contratacionTenan_planillaencabezado"(id) DEFERRABLE INITIALLY DEFERRED;


--
-- Name: contratacionTenan_planillaencabezado contratacionTenan_pl_id_estado_id_34792738_fk_contratac; Type: FK CONSTRAINT; Schema: svmegatelas; Owner: postgres
--

ALTER TABLE ONLY svmegatelas."contratacionTenan_planillaencabezado"
    ADD CONSTRAINT "contratacionTenan_pl_id_estado_id_34792738_fk_contratac" FOREIGN KEY (id_estado_id) REFERENCES public.contratacion_planillaestado(id) DEFERRABLE INITIALLY DEFERRED;


--
-- Name: contratacionTenan_planillaencabezado contratacionTenan_pl_id_periodo_id_19e91050_fk_contratac; Type: FK CONSTRAINT; Schema: svmegatelas; Owner: postgres
--

ALTER TABLE ONLY svmegatelas."contratacionTenan_planillaencabezado"
    ADD CONSTRAINT "contratacionTenan_pl_id_periodo_id_19e91050_fk_contratac" FOREIGN KEY (id_periodo_id) REFERENCES svmegatelas."contratacionTenan_periodo"(id) DEFERRABLE INITIALLY DEFERRED;


--
-- Name: contratacionTenan_planillaencabezado contratacionTenan_pl_id_tipo_id_f7d3d1a0_fk_contratac; Type: FK CONSTRAINT; Schema: svmegatelas; Owner: postgres
--

ALTER TABLE ONLY svmegatelas."contratacionTenan_planillaencabezado"
    ADD CONSTRAINT "contratacionTenan_pl_id_tipo_id_f7d3d1a0_fk_contratac" FOREIGN KEY (id_tipo_id) REFERENCES public.contratacion_planillatipo(id) DEFERRABLE INITIALLY DEFERRED;


--
-- Name: contratacionTenan_planillaencabezado contratacionTenan_pl_id_user_id_8f2ddfdc_fk_central_u; Type: FK CONSTRAINT; Schema: svmegatelas; Owner: postgres
--

ALTER TABLE ONLY svmegatelas."contratacionTenan_planillaencabezado"
    ADD CONSTRAINT "contratacionTenan_pl_id_user_id_8f2ddfdc_fk_central_u" FOREIGN KEY (id_user_id) REFERENCES public.central_user(id) DEFERRABLE INITIALLY DEFERRED;


--
-- Name: contratacionTenan_prestamosregistropagos contratacionTenan_pr_id_datos_personales__50dd566f_fk_contratac; Type: FK CONSTRAINT; Schema: svmegatelas; Owner: postgres
--

ALTER TABLE ONLY svmegatelas."contratacionTenan_prestamosregistropagos"
    ADD CONSTRAINT "contratacionTenan_pr_id_datos_personales__50dd566f_fk_contratac" FOREIGN KEY (id_datos_personales_id) REFERENCES public.contratacion_datospersonales(id) DEFERRABLE INITIALLY DEFERRED;


--
-- Name: contratacionTenan_prestamosregistropagos contratacionTenan_pr_id_detalle_planilla__d6e1980d_fk_contratac; Type: FK CONSTRAINT; Schema: svmegatelas; Owner: postgres
--

ALTER TABLE ONLY svmegatelas."contratacionTenan_prestamosregistropagos"
    ADD CONSTRAINT "contratacionTenan_pr_id_detalle_planilla__d6e1980d_fk_contratac" FOREIGN KEY (id_detalle_planilla_id) REFERENCES svmegatelas."contratacionTenan_detalleplanilla"(id) DEFERRABLE INITIALLY DEFERRED;


--
-- Name: contratacionTenan_recordcrediticio contratacionTenan_re_id_detalle_planilla__ff88943e_fk_contratac; Type: FK CONSTRAINT; Schema: svmegatelas; Owner: postgres
--

ALTER TABLE ONLY svmegatelas."contratacionTenan_recordcrediticio"
    ADD CONSTRAINT "contratacionTenan_re_id_detalle_planilla__ff88943e_fk_contratac" FOREIGN KEY (id_detalle_planilla_id) REFERENCES svmegatelas."contratacionTenan_detalleplanilla"(id) DEFERRABLE INITIALLY DEFERRED;


--
-- Name: contratacionTenan_recordcrediticio contratacionTenan_re_id_orden_descuento_i_f721ca05_fk_contratac; Type: FK CONSTRAINT; Schema: svmegatelas; Owner: postgres
--

ALTER TABLE ONLY svmegatelas."contratacionTenan_recordcrediticio"
    ADD CONSTRAINT "contratacionTenan_re_id_orden_descuento_i_f721ca05_fk_contratac" FOREIGN KEY (id_orden_descuento_id) REFERENCES svmegatelas."contratacionTenan_ordendescuento"(id) DEFERRABLE INITIALLY DEFERRED;


--
-- PostgreSQL database dump complete
--

